Day,Date,Weight,Weight 7 Days,Body Fat %,Fat Mass,Muscle Mass,BMI,BMR,Visceral Fat,Body Water %,Bone Mass,Metabolic Age,Muscle Right Arm,Muscle Left Arm,Muscle Trunk,Muscle Right Leg,Muscle Left Leg,Body Fat Right Arm,Body Fat Left Arm,Body Fat Trunk,Body Fat Right Leg,Body Fat Left Leg,Body Fat % 7 Days,Fat Mass 7 Days,Muscle Mass 7 Days,Muscle Right Arm 7 Days,Muscle Left Arm 7 Days,Muscle Trunk 7 Days,Muscle Right Leg 7 Days,Muscle Left Leg 7 Days,Body Fat Right Arm 7 Days,Body Fat Left Arm 7 Days,Body Fat Trunk 7 Days,Body Fat Right Leg 7 Days,Body Fat Left Leg 7 Days
1,2025-05-31,,,,,,0.0,,0.0,0.0,0.0,0.0,,,,,,,,,,,,,,,,,,,,,,,
2,2025-06-01,,,,,,,,,,,,,,,,,,,,,,,,,,,,,,,,,,
3,2025-06-02,,,,,,,,,,,,,,,,,,,,,,,,,,,,,,,,,,
4,2025-06-03,,,,,,,,,,,,,,,,,,,,,,,,,,,,,,,,,,
5,2025-06-04,,,,,,,,,,,,,,,,,,,,,,,,,,,,,,,,,,
6,2025-06-05,,,,,,,,,,,,,,,,,,,,,,,,,,,,,,,,,,
7,2025-06-06,,,,,,,,,,,,,,,,,,,,,,,,,,,,,,,,,,
8,2025-06-07,,,,,,,,,,,,,,,,,,,,,,,,,,,,,,,,,,
9,2025-06-08,,,,,,,,,,,,,,,,,,,,,,,,,,,,,,,,,,
10,2025-06-09,,,,,,0.0,,0.0,0.0,0.0,0.0,,,,,,,,,,,,,,,,,,,,,,,
11,2025-06-10,,,,,,,,,,,,,,,,,,,,,,,,,,,,,,,,,,
12,2025-06-11,,,,,,,,,,,,,,,,,,,,,,,,,,,,,,,,,,
13,2025-06-12,,,,,,,,,,,,,,,,,,,,,,,,,,,,,,,,,,
14,2025-06-13,,,,,,,,,,,,,,,,,,,,,,,,,,,,,,,,,,
15,2025-06-14,98.0,98.0,,,,0.0,2069.0,0.0,0.0,0.0,0.0,,,,,,,,,,,,,,,,,,,,,,,
16,2025-06-15,,98.0,,,,,,,,,,,,,,,,,,,,,,,,,,,,,,,,
17,2025-06-16,,98.0,,,,,,,,,,,,,,,,,,,,,,,,,,,,,,,,
18,2025-06-17,,98.0,,,,,,,,,,,,,,,,,,,,,,,,,,,,,,,,
19,2025-06-18,,98.0,,,,,,,,,,,,,,,,,,,,,,,,,,,,,,,,
20,2025-06-19,,98.0,,,,,,,,,,,,,,,,,,,,,,,,,,,,,,,,
21,2025-06-20,,98.0,,,,,,,,,,,,,,,,,,,,,,,,,,,,,,,,
22,2025-06-21,97.6,97.6,,,,0.0,2065.0,0.0,0.0,0.0,0.0,,,,,,,,,,,,,,,,,,,,,,,
23,2025-06-22,97.3,97.45,,,,0.0,2061.0,0.0,0.0,0.0,0.0,,,,,,,,,,,,,,,,,,,,,,,
24,2025-06-23,96.9,97.27,,,,0.0,2057.0,0.0,0.0,0.0,0.0,,,,,,,,,,,,,,,,,,,,,,,
25,2025-06-24,97.2,97.25,,,,0.0,2060.0,0.0,0.0,0.0,0.0,,,,,,,,,,,,,,,,,,,,,,,
26,2025-06-25,96.9,97.18,,,,0.0,2057.0,0.0,0.0,0.0,0.0,,,,,,,,,,,,,,,,,,,,,,,
27,2025-06-26,97.1,97.17,,,,0.0,2059.0,0.0,0.0,0.0,0.0,,,,,,,,,,,,,,,,,,,,,,,
28,2025-06-27,96.7,97.1,,,,0.0,2055.0,0.0,0.0,0.0,0.0,,,,,,,,,,,,,,,,,,,,,,,
29,2025-06-28,96.8,96.99,,,,0.0,2056.0,0.0,0.0,0.0,0.0,,,,,,,,,,,,,,,,,,,,,,,
30,2025-06-29,96.3,96.84,,,,0.0,2050.0,0.0,0.0,0.0,0.0,,,,,,,,,,,,,,,,,,,,,,,
31,2025-06-30,96.1,96.73,,,,0.0,2048.0,0.0,0.0,0.0,0.0,,,,,,,,,,,,,,,,,,,,,,,
32,2025-07-01,95.9,96.54,,,,0.0,2046.0,0.0,0.0,0.0,0.0,,,,,,,,,,,,,,,,,,,,,,,
33,2025-07-02,95.8,96.39,,,,0.0,2045.0,0.0,0.0,0.0,0.0,,,,,,,,,,,,,,,,,,,,,,,
34,2025-07-03,96.4,96.29,,,,0.0,2051.0,0.0,0.0,0.0,0.0,,,,,,,,,,,,,,,,,,,,,,,
35,2025-07-04,96.0,96.19,,,,0.0,2047.0,0.0,0.0,0.0,0.0,,,,,,,,,,,,,,,,,,,,,,,
36,2025-07-05,95.5,96.0,,,,0.0,2041.0,0.0,0.0,0.0,0.0,,,,,,,,,,,,,,,,,,,,,,,
37,2025-07-06,96.0,95.96,,,,0.0,2047.0,0.0,0.0,0.0,0.0,,,,,,,,,,,,,,,,,,,,,,,
38,2025-07-07,96.1,95.96,,,,0.0,2048.0,0.0,0.0,0.0,0.0,,,,,,,,,,,,,,,,,,,,,,,
39,2025-07-08,96.2,96.0,,,,0.0,2049.0,0.0,0.0,0.0,0.0,,,,,,,,,,,,,,,,,,,,,,,
40,2025-07-09,95.7,95.99,,,,0.0,2043.0,0.0,0.0,0.0,0.0,,,,,,,,,,,,,,,,,,,,,,,
41,2025-07-10,95.5,95.86,,,,0.0,2041.0,0.0,0.0,0.0,0.0,,,,,,,,,,,,,,,,,,,,,,,
42,2025-07-11,95.7,95.81,23.7,22.68,69.4,30.2,2043.0,12.0,56.2,3.6,47.0,4.0,4.9,36.6,11.9,12.0,17.4,15.1,27.5,20.3,20.2,23.7,22.68,69.4,4.0,4.9,36.6,11.9,12.0,17.4,15.1,27.5,20.3,20.2
43,2025-07-12,95.3,95.79,,,,0.0,2039.0,0.0,0.0,0.0,0.0,,,,,,,,,,,23.7,22.68,69.4,4.0,4.9,36.6,11.9,12.0,17.4,15.1,27.5,20.3,20.2
44,2025-07-13,95.0,95.64,,,,0.0,2036.0,0.0,0.0,0.0,0.0,,,,,,,,,,,23.7,22.68,69.4,4.0,4.9,36.6,11.9,12.0,17.4,15.1,27.5,20.3,20.2
45,2025-07-14,94.8,95.46,,,,0.0,2033.0,0.0,0.0,0.0,0.0,,,,,,,,,,,23.7,22.68,69.4,4.0,4.9,36.6,11.9,12.0,17.4,15.1,27.5,20.3,20.2
46,2025-07-15,94.9,95.27,,,,0.0,2034.0,0.0,0.0,0.0,0.0,,,,,,,,,,,23.7,22.68,69.4,4.0,4.9,36.6,11.9,12.0,17.4,15.1,27.5,20.3,20.2
47,2025-07-16,94.4,95.09,,,,0.0,2029.0,0.0,0.0,0.0,0.0,,,,,,,,,,,23.7,22.68,69.4,4.0,4.9,36.6,11.9,12.0,17.4,15.1,27.5,20.3,20.2
48,2025-07-17,94.2,94.9,,,,0.0,2027.0,0.0,0.0,0.0,0.0,,,,,,,,,,,23.7,22.68,69.4,4.0,4.9,36.6,11.9,12.0,17.4,15.1,27.5,20.3,20.2
49,2025-07-18,94.0,94.66,,,,0.0,2024.0,0.0,0.0,0.0,0.0,,,,,,,,,,,,,,,,,,,,,,,
50,2025-07-19,,94.55,,,,0.0,,0.0,0.0,0.0,0.0,,,,,,,,,,,,,,,,,,,,,,,
51,2025-07-20,,94.46,,,,,,,,,,,,,,,,,,,,,,,,,,,,,,,,
52,2025-07-21,,94.37,,,,,,,,,,,,,,,,,,,,,,,,,,,,,,,,
53,2025-07-22,,94.2,,,,,,,,,,,,,,,,,,,,,,,,,,,,,,,,
54,2025-07-23,,94.1,,,,0.0,,0.0,0.0,0.0,0.0,,,,,,,,,,,,,,,,,,,,,,,
55,2025-07-24,,94.0,,,,0.0,,0.0,0.0,0.0,0.0,,,,,,,,,,,,,,,,,,,,,,,
56,2025-07-25,,,,,,0.0,,0.0,0.0,0.0,0.0,,,,,,,,,,,,,,,,,,,,,,,
57,2025-07-26,,,,,,0.0,,0.0,0.0,0.0,0.0,,,,,,,,,,,,,,,,,,,,,,,
58,2025-07-27,,,,,,0.0,,0.0,0.0,0.0,0.0,,,,,,,,,,,,,,,,,,,,,,,
59,2025-07-28,,,,,,0.0,,0.0,0.0,0.0,0.0,,,,,,,,,,,,,,,,,,,,,,,
60,2025-07-29,,,,,,0.0,,0.0,0.0,0.0,0.0,,,,,,,,,,,,,,,,,,,,,,,
61,2025-07-30,,,,,,0.0,,0.0,0.0,0.0,0.0,,,,,,,,,,,,,,,,,,,,,,,
62,2025-07-31,,,,,,0.0,,0.0,0.0,0.0,0.0,,,,,,,,,,,,,,,,,,,,,,,
63,2025-08-01,,,,,,0.0,,0.0,0.0,0.0,0.0,,,,,,,,,,,,,,,,,,,,,,,
64,2025-08-02,,,,,,0.0,,0.0,0.0,0.0,0.0,,,,,,,,,,,,,,,,,,,,,,,
65,2025-08-03,,,,,,,,,,,,,,,,,,,,,,,,,,,,,,,,,,
66,2025-08-04,,,,,,,,,,,,,,,,,,,,,,,,,,,,,,,,,,
67,2025-08-05,,,,,,,,,,,,,,,,,,,,,,,,,,,,,,,,,,
68,2025-08-06,,,,,,0.0,,0.0,0.0,0.0,0.0,,,,,,,,,,,,,,,,,,,,,,,
69,2025-08-07,,,,,,0.0,,0.0,0.0,0.0,0.0,,,,,,,,,,,,,,,,,,,,,,,
70,2025-08-08,,,,,,0.0,,0.0,0.0,0.0,0.0,,,,,,,,,,,,,,,,,,,,,,,
71,2025-08-09,92.3,92.3,,,,0.0,2005.0,0.0,0.0,0.0,0.0,,,,,,,,,,,,,,,,,,,,,,,
72,2025-08-10,91.8,92.05,22.2,20.38,67.9,29.0,2000.0,11.0,57.1,3.5,43.0,4.3,4.3,36.2,11.5,11.6,14.3,16.0,25.5,19.5,19.2,22.2,20.38,67.9,4.3,4.3,36.2,11.5,11.6,14.3,16.0,25.5,19.5,19.2
73,2025-08-11,,92.05,,,,0.0,,0.0,0.0,0.0,0.0,,,,,,,,,,,22.2,20.38,67.9,4.3,4.3,36.2,11.5,11.6,14.3,16.0,25.5,19.5,19.2
74,2025-08-12,92.8,92.3,,,,0.0,2011.0,0.0,0.0,0.0,0.0,,,,,,,,,,,22.2,20.38,67.9,4.3,4.3,36.2,11.5,11.6,14.3,16.0,25.5,19.5,19.2
75,2025-08-13,93.4,92.58,,,,0.0,2018.0,0.0,0.0,0.0,0.0,,,,,,,,,,,22.2,20.38,67.9,4.3,4.3,36.2,11.5,11.6,14.3,16.0,25.5,19.5,19.2
76,2025-08-14,93.1,92.68,,,,0.0,2014.0,0.0,0.0,0.0,0.0,,,,,,,,,,,22.2,20.38,67.9,4.3,4.3,36.2,11.5,11.6,14.3,16.0,25.5,19.5,19.2
77,2025-08-15,92.5,92.65,,,,0.0,2008.0,0.0,0.0,0.0,0.0,,,,,,,,,,,22.2,20.38,67.9,4.3,4.3,36.2,11.5,11.6,14.3,16.0,25.5,19.5,19.2
78,2025-08-16,92.5,92.68,,,,0.0,2008.0,0.0,0.0,0.0,0.0,,,,,,,,,,,22.2,20.38,67.9,4.3,4.3,36.2,11.5,11.6,14.3,16.0,25.5,19.5,19.2
79,2025-08-17,92.9,92.87,,,,0.0,2012.0,0.0,0.0,0.0,0.0,,,,,,,,,,,,,,,,,,,,,,,
80,2025-08-18,92.2,92.77,,,,0.0,2004.0,0.0,0.0,0.0,0.0,,,,,,,,,,,,,,,,,,,,,,,
81,2025-08-19,92.9,92.79,,,,0.0,2012.0,0.0,0.0,0.0,0.0,,,,,,,,,,,,,,,,,,,,,,,
82,2025-08-20,91.8,92.56,,,,0.0,2000.0,0.0,0.0,0.0,0.0,,,,,,,,,,,,,,,,,,,,,,,
83,2025-08-21,92.0,92.4,,,,0.0,2002.0,0.0,0.0,0.0,0.0,,,,,,,,,,,,,,,,,,,,,,,
84,2025-08-22,,92.38,,,,0.0,,0.0,0.0,0.0,0.0,,,,,,,,,,,,,,,,,,,,,,,
85,2025-08-23,,92.36,,,,0.0,,0.0,0.0,0.0,0.0,,,,,,,,,,,,,,,,,,,,,,,
86,2025-08-24,,92.22,,,,0.0,,0.0,0.0,0.0,0.0,,,,,,,,,,,,,,,,,,,,,,,
87,2025-08-25,92.3,92.25,,,,0.0,2005.0,0.0,0.0,0.0,0.0,,,,,,,,,,,,,,,,,,,,,,,
88,2025-08-26,92.0,92.02,,,,0.0,2002.0,0.0,0.0,0.0,0.0,,,,,,,,,,,,,,,,,,,,,,,
89,2025-08-27,91.8,92.02,,,,0.0,2000.0,0.0,0.0,0.0,0.0,,,,,,,,,,,,,,,,,,,,,,,
90,2025-08-28,92.0,92.02,,,,0.0,2002.0,0.0,0.0,0.0,0.0,,,,,,,,,,,,,,,,,,,,,,,
91,2025-08-29,92.3,92.08,,,,0.0,2005.0,0.0,0.0,0.0,0.0,,,,,,,,,,,,,,,,,,,,,,,
92,2025-08-30,92.2,92.1,,,,0.0,2004.0,0.0,0.0,0.0,0.0,,,,,,,,,,,,,,,,,,,,,,,
93,2025-08-31,92.7,92.19,24.5,22.71,66.5,29.3,2010.0,12.0,53.9,3.5,51.0,4.0,4.3,36.6,10.7,10.9,20.4,19.0,26.1,24.8,22.2,24.5,22.71,66.5,4.0,4.3,36.6,10.7,10.9,20.4,19.0,26.1,24.8,22.2
94,2025-09-01,91.7,92.1,,,,0.0,1999.0,0.0,0.0,0.0,0.0,,,,,,,,,,,24.5,22.71,66.5,4.0,4.3,36.6,10.7,10.9,20.4,19.0,26.1,24.8,22.2
95,2025-09-02,92.1,92.11,,,,0.0,2003.0,0.0,0.0,0.0,0.0,,,,,,,,,,,24.5,22.71,66.5,4.0,4.3,36.6,10.7,10.9,20.4,19.0,26.1,24.8,22.2
96,2025-09-03,91.8,92.11,,,,0.0,2000.0,0.0,0.0,0.0,0.0,,,,,,,,,,,24.5,22.71,66.5,4.0,4.3,36.6,10.7,10.9,20.4,19.0,26.1,24.8,22.2
97,2025-09-04,91.6,92.06,,,,0.0,1998.0,0.0,0.0,0.0,0.0,,,,,,,,,,,24.5,22.71,66.5,4.0,4.3,36.6,10.7,10.9,20.4,19.0,26.1,24.8,22.2
98,2025-09-05,91.3,91.91,,,,0.0,1994.0,0.0,0.0,0.0,0.0,,,,,,,,,,,24.5,22.71,66.5,4.0,4.3,36.6,10.7,10.9,20.4,19.0,26.1,24.8,22.2
99,2025-09-06,91.2,91.77,,,,0.0,1993.0,0.0,0.0,0.0,0.0,,,,,,,,,,,24.5,22.71,66.5,4.0,4.3,36.6,10.7,10.9,20.4,19.0,26.1,24.8,22.2
100,2025-09-07,92.5,91.74,25.6,23.68,65.4,29.2,2008.0,12.0,53.0,3.4,55.0,4.0,4.2,35.9,10.6,10.7,19.8,19.7,27.6,25.4,23.2,25.6,23.68,65.4,4.0,4.2,35.9,10.6,10.7,19.8,19.7,27.6,25.4,23.2
101,2025-09-08,92.3,91.83,21.8,20.12,68.6,29.1,2005.0,11.0,56.2,3.6,41.0,3.9,4.5,38.8,10.5,10.9,20.8,17.2,21.3,25.6,21.7,23.700000000000003,21.9,67.0,3.95,4.35,37.349999999999994,10.55,10.8,20.3,18.45,24.450000000000003,25.5,22.45
102,2025-09-09,91.7,91.77,24.8,22.74,65.5,28.9,1999.0,12.0,53.6,3.4,52.0,3.9,4.3,36.0,10.6,10.7,20.7,18.3,26.5,24.6,22.9,24.066666666666666,22.179999999999996,66.5,3.9333333333333336,4.333333333333333,36.9,10.566666666666666,10.766666666666666,20.433333333333334,18.400000000000002,25.133333333333336,25.2,22.599999999999998
103,2025-09-10,91.8,91.77,25.6,23.5,65.0,29.0,2000.0,12.0,53.0,3.4,55.0,4.2,3.7,35.8,10.6,10.7,17.4,24.6,27.5,24.6,22.9,24.450000000000003,22.509999999999998,66.125,4.0,4.175,36.625,10.575,10.75,19.675,19.95,25.725,25.05,22.674999999999997
104,2025-09-11,91.1,91.7,25.2,22.96,64.8,28.8,1992.0,12.0,53.3,3.4,53.0,3.8,4.2,35.9,10.4,10.5,21.1,18.4,26.6,25.6,23.6,24.6,22.6,65.86,3.96,4.18,36.48,10.540000000000001,10.7,19.96,19.64,25.9,25.160000000000004,22.86
105,2025-09-12,91.1,91.67,26.8,24.41,63.4,28.8,1992.0,12.0,51.9,3.3,59.0,3.7,4.4,34.4,10.4,10.5,22.9,17.2,29.3,25.6,24.2,24.96666666666667,22.901666666666667,65.45,3.9166666666666665,4.216666666666667,36.13333333333333,10.516666666666667,10.666666666666666,20.45,19.233333333333334,26.46666666666667,25.233333333333334,23.083333333333332
106,2025-09-13,90.2,91.53,26.5,23.9,63.0,28.5,1982.0,12.0,52.0,3.3,59.0,3.8,3.8,34.5,10.4,10.5,21.0,21.9,29.0,24.8,23.3,25.185714285714287,23.044285714285714,65.1,3.9,4.1571428571428575,35.9,10.5,10.642857142857142,20.52857142857143,19.614285714285717,26.82857142857143,25.171428571428574,23.114285714285717
107,2025-09-14,90.7,91.27,25.5,23.13,64.2,28.6,1987.0,12.0,52.9,3.4,55.0,3.5,5.1,34.8,10.2,10.6,25.2,12.5,27.6,26.6,22.8,25.171428571428574,22.965714285714284,64.92857142857143,3.8285714285714287,4.285714285714286,35.74285714285714,10.442857142857141,10.628571428571428,21.3,18.585714285714285,26.82857142857143,25.342857142857145,23.057142857142857
108,2025-09-15,91.0,91.09,23.4,21.29,66.3,28.7,1991.0,11.0,54.7,3.4,47.0,4.0,4.2,36.9,10.5,10.7,19.1,18.6,24.5,24.5,21.9,25.400000000000002,23.13285714285714,64.6,3.842857142857143,4.242857142857143,35.471428571428575,10.442857142857141,10.599999999999998,21.057142857142853,18.785714285714285,27.285714285714285,25.185714285714287,23.085714285714285
109,2025-09-16,90.5,90.91,26.5,23.98,63.2,28.6,1985.0,12.0,52.1,3.3,59.0,3.8,4.1,34.2,10.4,10.7,20.5,19.5,29.6,25.4,21.9,25.642857142857142,23.310000000000002,64.27142857142857,3.8285714285714283,4.214285714285714,35.214285714285715,10.414285714285715,10.6,21.02857142857143,18.957142857142856,27.728571428571428,25.300000000000004,22.942857142857143
110,2025-09-17,90.5,90.73,26.0,23.53,63.7,28.6,1985.0,12.0,52.6,3.3,57.0,3.8,4.1,34.8,10.4,10.6,21.0,19.8,28.4,25.0,22.3,25.699999999999996,23.314285714285717,64.08571428571429,3.7714285714285714,4.271428571428571,35.07142857142857,10.385714285714286,10.585714285714285,21.542857142857144,18.271428571428572,27.857142857142858,25.357142857142858,22.857142857142858
111,2025-09-18,91.1,90.73,23.7,21.59,66.1,28.7,1992.0,11.0,54.5,3.4,48.0,4.0,4.1,36.9,10.4,10.7,19.1,20.1,24.2,25.7,22.5,25.485714285714288,23.118571428571425,64.27142857142857,3.8,4.257142857142857,35.214285714285715,10.385714285714286,10.614285714285714,21.25714285714286,18.514285714285712,27.514285714285712,25.37142857142857,22.699999999999996
112,2025-09-19,90.6,90.66,25.2,22.83,64.4,28.6,1986.0,12.0,53.2,3.4,54.0,3.2,5.5,34.7,10.4,10.6,29.6,10.1,27.5,25.5,22.6,25.257142857142856,22.892857142857142,64.41428571428573,3.7285714285714286,4.414285714285714,35.25714285714286,10.385714285714286,10.628571428571428,22.214285714285715,17.500000000000004,27.257142857142856,25.357142857142858,22.47142857142857
113,2025-09-20,,90.73,,,,0.0,,0.0,0.0,0.0,0.0,,,,,,,,,,,25.049999999999997,22.724999999999998,64.65,3.716666666666667,4.516666666666667,35.38333333333333,10.383333333333335,10.649999999999999,22.416666666666668,16.76666666666667,26.966666666666665,25.45,22.333333333333332
114,2025-09-21,,90.74,,,,0.0,,0.0,0.0,0.0,0.0,,,,,,,,,,,24.959999999999997,22.644,64.74000000000001,3.7600000000000002,4.4,35.5,10.420000000000002,10.66,21.860000000000003,17.62,26.839999999999996,25.22,22.240000000000002
115,2025-09-22,89.8,90.5,24.8,22.27,64.2,28.3,1977.0,12.0,53.5,3.3,52.0,4.2,4.1,35.0,10.4,10.5,16.1,19.2,27.0,24.3,22.9,25.240000000000002,22.84,64.32000000000001,3.8,4.38,35.120000000000005,10.4,10.62,21.26,17.74,27.339999999999996,25.18,22.439999999999998
116,2025-09-23,90.4,90.48,24.4,22.06,64.9,28.5,1984.0,11.0,53.8,3.4,51.0,3.5,5.0,35.2,10.6,10.6,24.1,12.7,26.9,23.3,22.1,24.82,22.456,64.66,3.7399999999999998,4.56,35.32,10.440000000000001,10.599999999999998,21.98,16.38,26.8,24.76,22.48
117,2025-09-24,90.4,90.46,25.4,22.96,64.1,28.5,1984.0,12.0,53.0,3.3,54.0,4.0,4.2,34.8,10.5,10.6,18.9,18.7,28.0,23.8,22.7,24.7,22.342000000000002,64.74,3.78,4.58,35.32000000000001,10.459999999999999,10.6,21.560000000000002,16.16,26.72,24.520000000000003,22.56
118,2025-09-25,90.5,90.34,24.2,21.9,65.2,28.6,1985.0,11.0,54.0,3.4,50.0,3.9,4.1,36.0,10.5,10.7,19.4,19.1,26.0,24.1,21.8,24.8,22.404,64.56,3.7600000000000002,4.58,35.14,10.48,10.6,21.62,15.960000000000003,27.080000000000002,24.2,22.42
119,2025-09-26,90.5,90.32,24.9,22.53,64.6,28.6,1985.0,12.0,53.4,3.4,53.0,4.1,3.8,35.7,10.4,10.6,17.4,22.4,26.7,24.9,22.1,24.740000000000002,22.344,64.6,3.94,4.24,35.339999999999996,10.48,10.6,19.18,18.419999999999998,26.919999999999998,24.080000000000002,22.32
120,2025-09-27,90.5,90.35,24.5,22.17,64.9,28.6,1985.0,11.0,53.8,3.4,51.0,4.1,3.7,36.1,10.5,10.5,18.1,23.2,25.8,24.2,23.0,24.7,22.314999999999998,64.64999999999999,3.9666666666666663,4.1499999999999995,35.46666666666667,10.483333333333333,10.583333333333334,19.0,19.216666666666665,26.733333333333334,24.099999999999998,22.433333333333334
121,2025-09-28,90.1,90.31,25.7,23.16,63.6,28.4,1981.0,12.0,52.8,3.3,56.0,3.7,4.3,34.9,10.2,10.5,22.2,17.1,27.7,26.0,22.9,24.842857142857145,22.435714285714287,64.5,3.9285714285714284,4.171428571428572,35.385714285714286,10.442857142857141,10.571428571428571,19.457142857142856,18.914285714285715,26.87142857142857,24.37142857142857,22.5
122,2025-09-29,90.5,90.41,25.4,22.99,64.2,28.6,1985.0,12.0,53.1,3.3,54.0,3.9,4.0,35.2,10.4,10.7,19.7,20.7,27.6,24.7,21.9,24.928571428571427,22.538571428571426,64.5,3.8857142857142857,4.1571428571428575,35.41428571428572,10.442857142857141,10.6,19.97142857142857,19.12857142857143,26.957142857142856,24.428571428571427,22.357142857142858
123,2025-09-30,90.0,90.36,26.4,23.76,63.0,28.4,1980.0,12.0,52.2,3.3,58.0,3.7,4.0,34.3,10.6,10.4,21.6,19.7,29.3,23.3,23.3,25.21428571428571,22.78142857142857,64.22857142857143,3.914285714285714,4.014285714285714,35.285714285714285,10.442857142857145,10.571428571428571,19.614285714285717,20.12857142857143,27.3,24.428571428571427,22.52857142857143
124,2025-10-01,90.1,90.31,26.4,23.79,63.1,28.4,1981.0,12.0,52.2,3.3,58.0,3.7,4.2,34.2,10.5,10.5,22.0,18.1,29.4,24.1,22.6,25.357142857142858,22.900000000000002,64.08571428571429,3.8714285714285714,4.014285714285714,35.2,10.442857142857145,10.557142857142859,20.057142857142853,20.042857142857144,27.5,24.47142857142857,22.514285714285716
125,2025-10-02,90.0,90.24,25.6,23.04,63.6,28.4,1980.0,12.0,52.8,3.3,55.0,4.1,4.0,34.5,10.5,10.5,17.5,20.4,28.4,23.9,22.5,25.557142857142853,23.062857142857144,63.857142857142854,3.8999999999999995,4.0,34.98571428571429,10.442857142857145,10.528571428571427,19.785714285714285,20.228571428571428,27.842857142857138,24.442857142857143,22.614285714285717
126,2025-10-03,89.6,90.11,26.0,23.3,63.0,28.3,1975.0,12.0,52.5,3.3,57.0,3.8,4.1,34.6,10.1,10.4,20.2,19.1,28.0,26.3,23.2,25.714285714285715,23.172857142857143,63.628571428571426,3.857142857142857,4.042857142857143,34.82857142857143,10.4,10.5,20.185714285714283,19.75714285714286,28.02857142857143,24.642857142857142,22.771428571428572
127,2025-10-04,89.6,89.99,26.0,23.3,63.0,28.3,1975.0,12.0,52.4,3.3,57.0,3.6,4.3,34.2,10.5,10.4,23.2,16.8,29.1,23.0,22.9,25.928571428571427,23.334285714285716,63.357142857142854,3.785714285714285,4.128571428571428,34.55714285714286,10.4,10.485714285714286,20.914285714285715,18.842857142857145,28.5,24.47142857142857,22.75714285714286
128,2025-10-05,89.8,89.94,25.4,22.81,63.7,28.4,1977.0,12.0,53.0,3.3,55.0,3.8,3.9,35.0,10.4,10.6,20.7,20.5,27.8,24.2,21.7,25.885714285714283,23.284285714285712,63.371428571428574,3.8,4.071428571428571,34.57142857142857,10.428571428571429,10.5,20.7,19.32857142857143,28.514285714285712,24.214285714285715,22.585714285714285
129,2025-10-06,89.6,89.81,23.8,21.32,64.9,28.3,1975.0,11.0,54.3,3.4,49.0,3.8,4.4,36.0,10.2,10.5,20.0,16.6,25.0,25.4,22.2,25.657142857142855,23.045714285714286,63.471428571428575,3.7857142857142856,4.128571428571428,34.68571428571429,10.4,10.471428571428572,20.742857142857144,18.74285714285714,28.142857142857142,24.314285714285713,22.628571428571426
130,2025-10-07,89.5,89.74,26.1,23.36,62.9,28.2,1974.0,12.0,52.4,3.3,57.0,3.8,4.0,34.1,10.3,10.7,20.7,19.9,29.3,24.7,20.3,25.614285714285717,22.988571428571426,63.457142857142856,3.8000000000000003,4.128571428571428,34.65714285714286,10.357142857142858,10.514285714285714,20.614285714285717,18.771428571428572,28.142857142857142,24.514285714285712,22.2
131,2025-10-08,89.9,89.71,25.6,23.01,63.6,28.4,1978.0,12.0,52.8,3.3,55.0,3.8,4.1,34.4,10.6,10.7,20.8,19.1,28.7,23.2,21.3,25.5,22.877142857142854,63.528571428571425,3.8142857142857136,4.114285714285715,34.68571428571429,10.37142857142857,10.542857142857143,20.442857142857143,18.914285714285715,28.04285714285714,24.38571428571429,22.014285714285712
132,2025-10-09,89.3,89.61,26.8,23.93,62.1,28.2,1972.0,12.0,51.8,3.2,60.0,3.7,4.1,33.5,10.4,10.4,21.7,19.0,30.1,23.5,23.1,25.671428571428574,23.004285714285714,63.314285714285724,3.757142857142857,4.128571428571428,34.542857142857144,10.357142857142858,10.528571428571428,21.042857142857144,18.714285714285715,28.285714285714285,24.32857142857143,22.099999999999998
133,2025-10-10,88.7,89.49,23.9,21.2,64.2,28.0,1965.0,11.0,54.2,3.3,49.0,4.3,3.4,36.0,10.2,10.3,15.2,26.4,24.6,24.9,22.7,25.371428571428574,22.704285714285714,63.48571428571429,3.8285714285714283,4.0285714285714285,34.74285714285714,10.37142857142857,10.514285714285714,20.328571428571426,19.75714285714286,27.800000000000004,24.128571428571426,22.02857142857143
134,2025-10-11,89.9,89.53,24.1,21.67,64.9,28.4,1978.0,11.0,54.1,3.4,50.0,3.8,4.2,36.0,10.3,10.6,20.7,18.5,25.2,25.0,22.2,25.1,22.47142857142857,63.75714285714287,3.857142857142857,4.014285714285714,35.0,10.342857142857143,10.542857142857143,19.97142857142857,20.0,27.24285714285714,24.41428571428571,21.928571428571427
135,2025-10-12,88.8,89.39,25.2,22.38,63.1,28.0,1966.0,12.0,53.1,3.3,54.0,3.8,3.8,34.7,10.4,10.4,19.3,20.8,27.6,23.2,22.3,25.071428571428573,22.41,63.67142857142857,3.857142857142857,4.0,34.95714285714286,10.342857142857143,10.514285714285714,19.771428571428572,20.04285714285714,27.214285714285715,24.271428571428572,22.014285714285712
136,2025-10-13,89.4,89.36,21.4,19.13,66.8,28.2,1973.0,10.0,56.3,3.5,41.0,4.0,4.2,37.6,10.2,10.8,17.9,17.7,21.4,25.6,19.8,24.728571428571428,22.09714285714286,63.94285714285714,3.8857142857142857,3.9714285714285715,35.18571428571428,10.342857142857143,10.557142857142859,19.47142857142857,20.2,26.7,24.3,21.67142857142857
137,2025-10-14,89.4,89.34,21.4,19.13,66.8,28.2,1973.0,10.0,56.3,3.5,41.0,4.0,4.2,37.6,10.2,10.8,17.9,17.7,21.4,25.6,19.8,24.057142857142857,21.49285714285714,64.50000000000001,3.914285714285714,3.9999999999999996,35.68571428571429,10.328571428571427,10.571428571428571,19.071428571428573,19.885714285714283,25.571428571428573,24.428571428571427,21.6
138,2025-10-15,88.4,89.13,27.4,24.22,61.0,27.9,1962.0,12.0,51.3,3.2,62.0,3.5,4.4,32.5,10.5,10.1,22.9,15.9,31.4,22.0,24.4,24.314285714285713,21.665714285714284,64.12857142857143,3.8714285714285714,4.042857142857143,35.41428571428572,10.314285714285715,10.485714285714286,19.37142857142857,19.428571428571427,25.95714285714286,24.257142857142856,22.04285714285714
139,2025-10-16,88.5,89.01,27.7,24.51,60.8,27.9,1963.0,12.0,51.0,3.2,63.0,3.6,3.8,32.8,10.2,10.4,22.0,20.9,31.5,24.4,22.3,24.442857142857143,21.74857142857143,63.94285714285714,3.857142857142857,4.0,35.31428571428572,10.285714285714286,10.485714285714286,19.414285714285715,19.7,26.157142857142862,24.385714285714283,21.928571428571427
140,2025-10-17,87.9,88.9,26.3,23.12,61.6,27.7,1956.0,12.0,52.1,3.2,58.0,3.6,4.2,33.5,10.0,10.3,21.2,16.7,29.2,25.6,22.3,24.785714285714285,22.022857142857145,63.57142857142857,3.757142857142857,4.114285714285715,34.957142857142856,10.257142857142856,10.485714285714286,20.27142857142857,18.314285714285713,26.814285714285713,24.485714285714288,21.871428571428574
141,2025-10-18,88.7,88.73,25.5,22.62,62.8,28.0,1965.0,12.0,52.8,3.3,55.0,3.8,4.1,34.3,10.2,10.4,19.8,18.5,27.9,24.8,22.5,24.985714285714284,22.15857142857143,63.27142857142858,3.757142857142857,4.1,34.714285714285715,10.242857142857144,10.457142857142857,20.142857142857142,18.314285714285713,27.2,24.457142857142856,21.914285714285715
142,2025-10-19,,88.72,,,,0.0,,0.0,0.0,0.0,0.0,,,,,,,,,,,24.95,22.12166666666667,63.300000000000004,3.75,4.1499999999999995,34.71666666666667,10.216666666666667,10.466666666666667,20.28333333333333,17.9,27.133333333333336,24.666666666666668,21.850000000000005
143,2025-10-20,88.9,88.63,25.7,22.85,62.8,28.1,1967.0,12.0,52.7,3.3,56.0,3.6,4.4,33.8,10.5,10.5,21.7,15.8,29.3,22.4,21.8,25.666666666666668,22.74166666666667,62.63333333333333,3.6833333333333336,4.183333333333334,34.083333333333336,10.266666666666666,10.416666666666666,20.916666666666668,17.583333333333332,28.45,24.133333333333336,22.183333333333334
144,2025-10-21,89.4,88.63,26.1,23.33,62.7,28.2,1973.0,12.0,52.3,3.3,57.0,3.9,4.5,33.3,10.7,10.3,19.0,15.4,30.3,21.3,23.4,26.45,23.441666666666666,61.949999999999996,3.6666666666666665,4.233333333333333,33.36666666666667,10.35,10.333333333333334,21.099999999999998,17.2,29.933333333333334,23.416666666666668,22.78333333333333
145,2025-10-22,88.8,88.7,26.8,23.8,61.8,28.0,1966.0,12.0,51.7,3.2,60.0,3.7,4.3,32.7,10.7,10.4,20.4,16.8,31.5,20.9,22.4,26.350000000000005,23.371666666666666,62.083333333333336,3.6999999999999997,4.216666666666666,33.4,10.383333333333333,10.383333333333333,20.683333333333334,17.349999999999998,29.95,23.233333333333334,22.45
146,2025-10-23,88.3,88.67,27.6,24.37,60.8,27.9,1961.0,12.0,51.1,3.2,63.0,3.8,4.0,32.2,10.5,10.3,19.8,19.0,32.2,22.0,22.7,26.333333333333332,23.348333333333333,62.083333333333336,3.733333333333333,4.25,33.300000000000004,10.433333333333332,10.366666666666667,20.316666666666666,17.03333333333333,30.066666666666663,22.833333333333332,22.516666666666666
147,2025-10-24,87.9,88.67,26.6,23.38,61.3,27.7,1956.0,12.0,51.9,3.2,59.0,3.5,4.1,33.0,10.2,10.5,23.6,17.9,30.1,24.5,20.6,26.38333333333333,23.391666666666666,62.03333333333333,3.716666666666667,4.233333333333333,33.21666666666667,10.466666666666667,10.4,20.716666666666665,17.233333333333334,30.21666666666667,22.650000000000002,22.233333333333334
148,2025-10-25,88.5,88.63,26.6,23.54,61.8,27.9,1963.0,12.0,51.9,3.2,59.0,3.4,4.2,33.5,10.2,10.5,25.2,17.3,29.7,25.0,21.3,26.566666666666674,23.545,61.86666666666667,3.65,4.25,33.083333333333336,10.466666666666667,10.416666666666666,21.616666666666664,17.033333333333335,30.516666666666666,22.683333333333334,22.03333333333333
149,2025-10-26,88.6,88.63,25.5,22.59,62.7,27.9,1964.0,12.0,52.8,3.3,55.0,3.7,4.1,34.0,10.3,10.6,20.5,18.1,28.7,23.7,20.6,26.414285714285718,23.40857142857143,61.98571428571428,3.6571428571428575,4.228571428571429,33.214285714285715,10.442857142857141,10.442857142857141,21.457142857142856,17.185714285714287,30.25714285714286,22.82857142857143,21.82857142857143
150,2025-10-27,88.3,88.54,25.7,22.69,62.4,27.9,1961.0,12.0,52.7,3.3,56.0,3.8,3.9,34.0,10.3,10.4,19.2,19.5,28.7,23.6,21.5,26.414285714285715,23.38571428571429,61.92857142857143,3.6857142857142855,4.157142857142857,33.24285714285714,10.414285714285713,10.428571428571429,21.1,17.714285714285715,30.171428571428574,23.0,21.785714285714285
151,2025-10-28,88.4,88.4,26.2,23.16,61.9,27.9,1962.0,12.0,52.2,3.2,58.0,3.6,4.6,33.0,10.2,10.5,21.3,14.3,30.2,24.3,20.7,26.428571428571427,23.361428571428572,61.81428571428571,3.642857142857143,4.171428571428571,33.199999999999996,10.342857142857143,10.457142857142857,21.428571428571427,17.557142857142857,30.157142857142855,23.428571428571427,21.400000000000002
152,2025-10-29,88.5,88.36,25.7,22.74,62.5,27.9,1963.0,12.0,52.6,3.3,56.0,3.6,4.0,34.2,10.3,10.4,22.0,19.5,28.2,24.2,22.1,26.271428571428572,23.21,61.91428571428571,3.628571428571429,4.128571428571428,33.41428571428572,10.285714285714286,10.457142857142857,21.657142857142862,17.942857142857143,29.685714285714287,23.900000000000002,21.357142857142858
153,2025-10-30,88.0,88.31,26.1,22.97,61.8,27.8,1957.0,12.0,52.3,3.2,58.0,3.7,3.9,33.6,10.1,10.5,19.8,20.0,29.3,25.2,20.4,26.057142857142857,23.009999999999998,62.057142857142864,3.6142857142857143,4.114285714285715,33.614285714285714,10.228571428571428,10.485714285714286,21.657142857142855,18.085714285714285,29.271428571428572,24.357142857142858,21.028571428571432
154,2025-10-31,87.9,88.31,25.1,22.06,62.6,27.7,1956.0,11.0,53.2,3.3,54.0,3.5,4.2,34.3,10.2,10.4,23.5,16.5,27.3,24.2,21.7,25.842857142857145,22.821428571428573,62.24285714285714,3.6142857142857143,4.128571428571428,33.800000000000004,10.228571428571428,10.471428571428572,21.642857142857142,17.885714285714286,28.87142857142857,24.314285714285713,21.185714285714287
155,2025-11-01,87.7,88.2,25.9,22.71,61.7,27.7,1954.0,12.0,52.4,3.2,57.0,3.7,3.9,33.6,10.2,10.3,20.6,19.2,28.8,24.0,22.2,25.742857142857144,22.70285714285714,62.228571428571435,3.6571428571428575,4.085714285714285,33.81428571428572,10.228571428571428,10.442857142857141,20.985714285714288,18.15714285714286,28.74285714285714,24.17142857142857,21.314285714285713
156,2025-11-02,87.7,88.07,25.4,22.28,62.2,27.7,1954.0,12.0,52.9,3.3,55.0,3.6,4.0,34.0,10.3,10.3,20.9,18.4,28.2,23.4,21.8,25.728571428571428,22.658571428571427,62.15714285714286,3.642857142857143,4.071428571428571,33.81428571428571,10.228571428571428,10.4,21.042857142857144,18.2,28.671428571428574,24.12857142857143,21.485714285714288
157,2025-11-03,88.4,88.09,25.5,22.54,62.6,27.9,1962.0,12.0,52.8,3.3,55.0,3.5,4.2,34.1,10.3,10.5,22.6,17.6,28.4,23.5,21.2,25.7,22.637142857142855,62.18571428571429,3.6000000000000005,4.114285714285715,33.82857142857143,10.22857142857143,10.414285714285715,21.528571428571432,17.928571428571427,28.62857142857143,24.11428571428571,21.442857142857143
158,2025-11-04,87.6,87.97,26.5,23.21,61.2,27.7,1953.0,12.0,51.9,3.2,59.0,3.7,4.0,32.8,10.4,10.3,20.7,19.0,30.3,22.3,22.2,25.742857142857144,22.64428571428571,62.08571428571429,3.6142857142857143,4.028571428571429,33.800000000000004,10.257142857142856,10.385714285714286,21.442857142857143,18.599999999999998,28.642857142857142,23.82857142857143,21.657142857142855
159,2025-11-05,87.6,87.84,24.7,21.64,62.7,27.7,1953.0,11.0,53.5,3.3,52.0,3.6,3.9,34.7,10.1,10.4,21.1,19.5,26.6,24.3,21.3,25.599999999999998,22.48714285714286,62.114285714285714,3.6142857142857143,4.014285714285714,33.871428571428574,10.22857142857143,10.385714285714286,21.314285714285713,18.599999999999998,28.41428571428571,23.842857142857138,21.54285714285714
160,2025-11-06,87.4,87.76,25.3,22.11,62.0,27.6,1950.0,11.0,52.9,3.2,55.0,3.7,3.8,34.2,10.1,10.2,20.4,20.5,27.4,24.5,22.2,25.485714285714288,22.364285714285717,62.142857142857146,3.6142857142857143,4.0,33.95714285714286,10.228571428571428,10.342857142857143,21.4,18.67142857142857,28.142857142857142,23.74285714285714,21.8
161,2025-11-07,87.0,87.63,27.3,23.75,60.1,27.4,1946.0,12.0,51.3,3.2,62.0,3.6,3.7,32.6,10.1,10.1,21.5,21.0,30.6,24.4,22.7,25.8,22.60571428571429,61.785714285714285,3.6285714285714286,3.9285714285714284,33.714285714285715,10.214285714285714,10.299999999999999,21.114285714285717,19.314285714285713,28.614285714285717,23.771428571428572,21.942857142857143
162,2025-11-08,86.8,87.5,25.5,22.13,61.5,27.4,1944.0,11.0,52.7,3.2,55.0,3.3,4.7,33.5,9.9,10.1,24.6,12.7,27.9,25.7,22.6,25.74285714285714,22.52285714285714,61.75714285714285,3.5714285714285716,4.042857142857144,33.7,10.171428571428573,10.271428571428572,21.685714285714287,18.385714285714283,28.485714285714284,24.014285714285712,22.0
163,2025-11-09,86.8,87.37,26.2,22.74,60.9,27.4,1944.0,12.0,52.2,3.2,58.0,3.5,3.9,33.2,10.0,10.3,21.9,18.6,29.2,24.4,21.5,25.857142857142858,22.58857142857143,61.57142857142857,3.557142857142857,4.028571428571429,33.58571428571429,10.12857142857143,10.271428571428572,21.828571428571426,18.414285714285715,28.62857142857143,24.157142857142855,21.957142857142856
164,2025-11-10,87.3,87.21,25.2,22.0,62.0,27.5,1949.0,11.0,53.0,3.2,54.0,3.7,4.0,33.8,10.1,10.4,20.3,18.2,28.0,24.0,20.9,25.814285714285713,22.511428571428574,61.48571428571429,3.585714285714286,4.0,33.542857142857144,10.1,10.257142857142858,21.5,18.5,28.571428571428573,24.228571428571428,21.914285714285715
165,2025-11-11,86.9,87.11,22.6,19.64,63.9,27.4,1945.0,10.0,55.1,3.3,45.0,3.6,4.1,35.6,10.1,10.5,20.3,17.5,23.9,23.8,19.9,25.257142857142856,22.00142857142857,61.87142857142857,3.5714285714285716,4.014285714285714,33.94285714285714,10.057142857142855,10.285714285714286,21.442857142857147,18.285714285714285,27.657142857142855,24.442857142857143,21.585714285714285
166,2025-11-12,86.9,87.01,25.7,22.33,61.4,27.4,1945.0,12.0,52.5,3.2,56.0,3.7,3.9,33.4,10.1,10.3,19.6,19.4,28.7,24.1,21.3,25.400000000000002,22.1,61.68571428571429,3.5857142857142854,4.014285714285714,33.75714285714286,10.057142857142859,10.271428571428572,21.228571428571428,18.27142857142857,27.95714285714286,24.414285714285715,21.58571428571429
167,2025-11-13,87.1,86.97,25.6,22.3,61.5,27.5,1947.0,12.0,52.6,3.2,56.0,3.4,4.5,33.0,10.2,10.4,23.9,14.5,29.1,23.5,20.6,25.442857142857143,22.127142857142854,61.614285714285714,3.542857142857143,4.114285714285715,33.58571428571428,10.071428571428571,10.299999999999999,21.72857142857143,17.414285714285715,28.2,24.27142857142857,21.357142857142858
168,2025-11-14,87.2,87.0,25.8,22.5,61.5,27.5,1948.0,12.0,52.5,3.2,57.0,3.3,4.5,33.4,10.0,10.3,26.0,14.2,28.6,25.3,21.2,25.22857142857143,21.948571428571427,61.814285714285724,3.5,4.228571428571429,33.7,10.057142857142855,10.328571428571431,22.371428571428574,16.442857142857143,27.914285714285715,24.400000000000002,21.142857142857142
169,2025-11-15,88.0,87.17,22.1,19.45,65.2,27.8,1957.0,10.0,55.6,3.4,43.0,3.7,4.3,36.3,10.3,10.6,20.2,16.0,23.2,23.4,20.0,24.742857142857144,21.565714285714286,62.34285714285715,3.5571428571428574,4.171428571428572,34.1,10.114285714285714,10.400000000000002,21.74285714285714,16.914285714285715,27.242857142857144,24.071428571428573,20.771428571428572
170,2025-11-16,87.7,87.3,20.0,17.54,66.7,27.7,1954.0,10.0,57.4,3.5,36.0,4.0,3.9,37.7,10.6,10.5,17.2,19.2,20.0,21.0,20.3,23.857142857142858,20.822857142857142,63.17142857142857,3.628571428571429,4.171428571428572,34.74285714285715,10.200000000000001,10.428571428571429,21.071428571428573,17.0,25.928571428571427,23.58571428571429,20.599999999999998
171,2025-11-17,87.3,87.3,25.2,22.0,62.0,27.5,1949.0,11.0,53.0,3.2,54.0,3.4,4.2,33.7,10.3,10.4,24.4,16.8,28.0,22.8,21.0,23.857142857142858,20.822857142857142,63.17142857142857,3.585714285714286,4.2,34.72857142857143,10.228571428571428,10.428571428571429,21.657142857142855,16.8,25.928571428571427,23.414285714285715,20.614285714285717
172,2025-11-18,87.0,87.31,24.2,21.05,62.7,27.5,1946.0,11.0,53.8,3.3,51.0,3.5,4.2,34.2,10.3,10.5,22.4,16.3,27.1,22.2,19.7,24.08571428571429,21.024285714285718,63.0,3.5714285714285716,4.214285714285714,34.52857142857143,10.257142857142858,10.428571428571429,21.95714285714286,16.628571428571426,26.38571428571429,23.185714285714287,20.585714285714285
173,2025-11-19,87.3,87.37,24.7,21.56,62.5,27.6,1949.0,11.0,53.4,3.3,52.0,3.8,3.8,34.1,10.4,10.4,18.5,20.3,27.7,21.9,20.6,23.942857142857143,20.91428571428571,63.15714285714286,3.585714285714286,4.2,34.628571428571426,10.3,10.442857142857145,21.8,16.75714285714286,26.24285714285714,22.87142857142857,20.485714285714288
174,2025-11-20,87.2,87.39,24.3,21.19,62.7,27.5,1948.0,11.0,53.8,3.3,51.0,3.8,3.8,34.6,9.9,10.6,18.2,20.4,26.4,25.8,18.9,23.75714285714286,20.755714285714284,63.32857142857143,3.642857142857143,4.1,34.857142857142854,10.257142857142856,10.471428571428572,20.985714285714284,17.6,25.857142857142858,23.2,20.242857142857144
175,2025-11-21,86.6,87.3,26.2,22.69,60.7,27.3,1942.0,11.5,51.9,3.2,58.0,3.55,3.55,33.3,10.05,10.25,22.5,24.3,27.3,26.8,24.1,23.814285714285713,20.782857142857143,63.214285714285715,3.6785714285714284,3.9642857142857144,34.84285714285714,10.264285714285714,10.464285714285714,20.485714285714288,19.042857142857144,25.671428571428574,23.414285714285715,20.657142857142855
176,2025-11-22,,87.18,,,,0.0,,0.0,0.0,0.0,0.0,,,,,,,,,,,24.099999999999998,21.005,62.88333333333333,3.6749999999999994,3.908333333333333,34.6,10.258333333333333,10.441666666666666,20.533333333333335,19.55,26.083333333333332,23.416666666666668,20.766666666666666
177,2025-11-23,,87.08,,,,0.0,,0.0,0.0,0.0,0.0,,,,,,,,,,,24.919999999999998,21.698,62.120000000000005,3.6099999999999994,3.91,33.980000000000004,10.19,10.43,21.2,19.62,27.3,23.900000000000002,20.859999999999996
178,2025-11-24,,87.02,,,,0.0,,0.0,0.0,0.0,0.0,,,,,,,,,,,24.85,21.6225,62.150000000000006,3.6624999999999996,3.8375,34.050000000000004,10.162499999999998,10.4375,20.400000000000002,20.325000000000003,27.125000000000004,24.175000000000004,20.824999999999996
179,2025-11-25,,87.03,,,,0.0,,0.0,0.0,0.0,0.0,,,,,,,,,,,25.066666666666666,21.813333333333333,61.96666666666667,3.7166666666666663,3.7166666666666663,34.0,10.116666666666665,10.416666666666666,19.733333333333338,21.66666666666667,27.133333333333336,24.83333333333334,21.2
180,2025-11-26,85.7,86.5,25.1,21.51,60.95,27.0,1931.0,11.0,52.5,3.2,54.0,3.5,3.7,34.6,9.55,9.6,21.8,19.8,24.1,29.0,27.9,25.2,21.796666666666667,61.45000000000001,3.6166666666666667,3.6833333333333336,34.166666666666664,9.833333333333334,10.15,20.833333333333332,21.5,25.933333333333334,27.2,23.63333333333333
181,2025-11-27,85.4,85.92,23.8,20.34,61.85,27.0,1929.0,10.5,52.9,3.2,50.0,3.6,3.8,34.8,9.7,9.95,20.1,17.4,23.2,28.1,25.0,25.03333333333333,21.513333333333335,61.166666666666664,3.5500000000000003,3.6833333333333336,34.233333333333334,9.766666666666667,9.933333333333334,21.46666666666667,20.5,24.866666666666664,27.96666666666667,25.666666666666668
182,2025-11-28,85.6,85.57,25.6,21.9,60.45,27.0,1930.0,11.5,53.2,3.2,56.0,3.55,3.9,33.25,9.9,9.85,20.8,15.3,26.9,26.6,25.7,24.833333333333332,21.25,61.083333333333336,3.5499999999999994,3.8000000000000003,34.21666666666667,9.716666666666667,9.799999999999999,20.900000000000002,17.5,24.733333333333334,27.900000000000002,26.2
183,2025-11-29,85.2,85.46,24.8,21.12,60.9,26.9,1925.0,11.0,52.8,3.2,53.0,3.65,3.65,33.55,10.05,10.0,18.5,20.3,25.7,25.3,25.0,24.825,21.2175,61.0375,3.5749999999999997,3.7625,34.05,9.8,9.85,20.3,18.200000000000003,24.975,27.25,25.9
184,2025-11-30,85.8,85.54,25.0,21.46,61.25,27.1,1933.0,11.0,53.0,3.2,54.0,3.6,3.7,34.15,10.0,9.8,20.2,20.1,25.3,25.6,26.4,24.86,21.266,61.08,3.5799999999999996,3.75,34.07,9.84,9.84,20.28,18.580000000000002,25.04,26.920000000000005,26.0
185,2025-12-01,85.6,85.55,25.1,21.49,60.9,27.0,1930.0,11.0,53.2,3.2,54.0,3.6,3.8,33.7,9.85,9.95,20.1,17.3,26.1,26.9,24.5,24.900000000000002,21.30333333333333,61.050000000000004,3.5833333333333335,3.7583333333333333,34.00833333333333,9.841666666666667,9.858333333333333,20.25,18.366666666666667,25.21666666666667,26.916666666666668,25.75
186,2025-12-02,,85.55,,,,0.0,,0.0,0.0,0.0,0.0,,,,,,,,,,,24.900000000000002,21.30333333333333,61.050000000000004,3.5833333333333335,3.7583333333333333,34.00833333333333,9.841666666666667,9.858333333333333,20.25,18.366666666666667,25.21666666666667,26.916666666666668,25.75
187,2025-12-03,,85.52,,,,0.0,,0.0,0.0,0.0,0.0,,,,,,,,,,,24.860000000000003,21.261999999999997,61.07000000000001,3.6,3.7700000000000005,33.89,9.9,9.91,19.94,18.080000000000002,25.44,26.5,25.32
188,2025-12-04,87.0,85.82,24.4,21.22,62.45,27.4,1945.0,11.0,53.5,3.3,51.0,3.6,3.9,34.55,10.1,10.3,21.2,17.0,25.7,25.5,22.6,24.979999999999997,21.438,61.19,3.6,3.79,33.839999999999996,9.98,9.98,20.16,18.0,25.939999999999998,25.98,24.84
189,2025-12-05,85.7,85.85,24.0,20.57,61.9,27.0,1931.0,11.0,53.9,3.2,50.0,3.6,4.3,34.15,9.8,10.05,19.5,7.6,25.2,27.2,24.2,24.66,21.172,61.48,3.6100000000000003,3.87,34.019999999999996,9.96,10.02,19.9,16.46,25.6,26.1,24.54
190,2025-12-06,85.4,85.9,25.1,21.44,60.75,27.0,1928.0,11.0,52.5,3.2,54.0,3.55,3.8,33.8,9.85,9.75,20.7,17.9,25.1,27.4,27.1,24.720000000000002,21.235999999999997,61.45,3.59,3.9,34.07000000000001,9.919999999999998,9.97,20.339999999999996,15.98,25.48,26.52,24.96
191,2025-12-07,85.4,85.81,24.9,21.26,61.0,27.0,1928.0,11.0,53.2,3.2,53.0,3.55,3.9,33.4,10.2,9.95,21.0,15.5,26.2,24.8,24.9,24.7,21.196,61.4,3.5799999999999996,3.94,33.92,9.959999999999999,10.0,20.5,15.059999999999999,25.660000000000004,26.360000000000003,24.660000000000004
192,2025-12-08,86.0,85.9,22.3,19.19,63.5,27.2,1935.0,10.0,53.8,3.3,44.0,3.55,4.0,36.45,9.7,9.8,20.8,13.6,20.6,28.1,26.0,24.139999999999997,20.736,61.92,3.5699999999999994,3.9799999999999995,34.47,9.930000000000001,9.97,20.64,14.319999999999999,24.560000000000002,26.6,24.96
193,2025-12-09,85.6,85.85,23.7,20.29,62.1,27.0,1930.0,10.5,53.5,3.2,49.0,3.35,3.95,36.25,9.15,9.4,24.2,14.2,20.1,32.3,30.1,24.066666666666666,20.66166666666667,61.949999999999996,3.533333333333333,3.9749999999999996,34.766666666666666,9.8,9.875,21.233333333333334,14.299999999999999,23.816666666666666,27.549999999999997,25.816666666666666
194,2025-12-10,85.4,85.78,22.8,19.46,62.65,26.9,1928.0,10.5,53.1,3.3,46.0,3.35,3.8,37.3,8.4,9.8,26.2,17.2,15.9,42.1,25.3,23.885714285714283,20.490000000000002,62.050000000000004,3.507142857142857,3.9499999999999997,35.128571428571426,9.6,9.864285714285714,21.942857142857143,14.714285714285714,22.685714285714287,29.628571428571426,25.742857142857144
195,2025-12-11,85.0,85.5,23.7,20.14,61.65,26.8,1924.0,10.5,54.7,3.2,49.0,3.8,4.2,33.45,10.05,10.15,15.0,8.9,25.9,25.3,23.0,23.785714285714285,20.33571428571429,61.93571428571429,3.5357142857142856,3.992857142857143,34.971428571428575,9.592857142857143,9.842857142857143,21.057142857142857,13.557142857142859,22.714285714285715,29.599999999999998,25.800000000000004
196,2025-12-12,84.8,85.38,23.9,20.28,61.35,26.8,1922.0,10.5,52.6,3.2,50.0,3.4,3.85,34.45,9.75,9.9,23.2,15.7,23.4,27.5,24.8,23.77142857142857,20.294285714285714,61.857142857142854,3.507142857142857,3.9285714285714284,35.01428571428571,9.585714285714285,9.821428571428571,21.585714285714285,14.714285714285712,22.457142857142856,29.642857142857142,25.885714285714283
197,2025-12-13,84.6,85.26,24.1,20.39,61.0,26.7,1919.0,10.5,53.0,3.2,51.0,3.55,3.85,33.75,9.95,9.9,19.9,16.3,24.5,25.9,25.2,23.62857142857143,20.14428571428572,61.892857142857146,3.5071428571428567,3.9357142857142855,35.00714285714286,9.6,9.842857142857143,21.47142857142857,14.485714285714286,22.371428571428574,29.428571428571427,25.614285714285717
198,2025-12-14,84.7,85.16,24.1,20.41,61.05,26.7,1920.0,10.5,52.7,3.2,51.0,3.4,3.8,33.8,10.0,10.05,23.2,16.7,24.7,25.7,23.8,23.514285714285712,20.02285714285714,61.89999999999999,3.4857142857142853,3.9214285714285713,35.06428571428572,9.571428571428571,9.857142857142858,21.785714285714285,14.657142857142857,22.157142857142855,29.557142857142853,25.457142857142856
199,2025-12-15,85.0,85.01,22.0,18.7,63.05,26.8,1924.0,10.0,53.9,3.3,43.0,3.45,3.9,35.75,9.75,10.2,22.0,15.0,21.1,27.1,22.1,23.47142857142857,19.952857142857145,61.83571428571428,3.4714285714285715,3.9071428571428575,34.964285714285715,9.578571428571427,9.914285714285715,21.957142857142856,14.857142857142858,22.228571428571428,29.41428571428571,24.900000000000002
200,2025-12-16,85.5,85.0,26.3,22.49,59.85,27.0,1929.0,11.5,53.0,3.1,59.0,3.45,3.6,32.8,9.95,10.05,22.4,21.9,27.9,25.9,24.3,23.842857142857138,20.267142857142858,61.51428571428572,3.4857142857142853,3.857142857142857,34.47142857142857,9.692857142857141,10.007142857142856,21.7,15.957142857142857,23.342857142857145,28.5,24.071428571428573
201,2025-12-17,84.8,84.93,22.2,18.84,62.7,26.8,1922.0,10.0,54.1,3.3,44.0,3.45,4.25,35.55,9.55,9.9,21.4,7.7,21.4,28.3,24.3,23.75714285714286,20.178571428571427,61.52142857142858,3.5,3.9214285714285713,34.221428571428575,9.857142857142858,10.021428571428572,21.014285714285712,14.6,24.12857142857143,26.52857142857143,23.928571428571427
202,2025-12-18,84.8,84.91,25.9,21.98,59.7,26.8,1922.0,11.5,53.7,3.1,57.0,3.8,3.85,32.7,9.75,9.6,14.4,16.2,27.3,26.9,27.6,24.071428571428573,20.44142857142857,61.24285714285714,3.5,3.8714285714285714,34.114285714285714,9.814285714285715,9.942857142857141,20.928571428571427,15.64285714285714,24.328571428571426,26.75714285714286,24.585714285714285
203,2025-12-19,84.4,84.84,24.4,20.59,60.6,26.6,1917.0,11.0,53.2,3.2,52.0,3.7,3.8,33.45,9.85,9.8,16.9,16.9,25.0,26.1,25.8,24.142857142857142,20.485714285714288,61.13571428571429,3.542857142857143,3.8642857142857143,33.971428571428575,9.828571428571427,9.928571428571429,20.02857142857143,15.814285714285715,24.557142857142853,26.557142857142857,24.72857142857143
204,2025-12-20,84.2,84.79,23.6,19.87,61.1,26.6,1915.0,10.5,52.9,3.2,49.0,3.5,3.8,33.85,10.05,9.9,20.8,16.5,23.8,25.1,25.0,24.071428571428573,20.41142857142857,61.15,3.5357142857142856,3.857142857142857,33.98571428571429,9.842857142857143,9.928571428571429,20.157142857142855,15.842857142857143,24.457142857142856,26.442857142857143,24.7
205,2025-12-21,84.4,84.75,23.2,19.59,61.6,26.7,1917.0,10.5,53.1,3.2,48.0,3.55,3.65,34.7,9.7,10.0,19.3,19.7,22.6,27.3,23.9,23.942857142857143,20.294285714285714,61.228571428571435,3.557142857142857,3.835714285714286,34.114285714285714,9.799999999999999,9.921428571428573,19.599999999999998,16.271428571428572,24.157142857142855,26.671428571428574,24.714285714285715
206,2025-12-22,84.4,84.66,23.8,20.09,61.1,26.6,1917.0,10.5,53.3,3.2,50.0,3.6,3.75,33.65,10.0,10.1,19.2,17.6,24.8,25.3,23.0,24.2,20.49285714285714,60.95,3.5785714285714287,3.814285714285714,33.81428571428571,9.835714285714285,9.907142857142858,19.2,16.642857142857142,24.685714285714287,26.414285714285715,24.842857142857138
207,2025-12-23,,84.52,,,,0.0,,0.0,0.0,0.0,0.0,,,,,,,,,,,23.850000000000005,20.159999999999997,61.13333333333333,3.6,3.85,33.983333333333334,9.816666666666665,9.883333333333335,18.666666666666668,15.766666666666666,24.150000000000002,26.5,24.933333333333334
208,2025-12-24,84.4,84.44,25.5,21.51,59.65,26.6,1916.0,11.0,53.8,3.1,56.0,3.65,3.9,33.35,9.45,9.3,16.5,14.1,25.5,28.6,29.4,24.400000000000002,20.605,60.625,3.633333333333333,3.7916666666666665,33.61666666666667,9.799999999999999,9.783333333333333,17.85,16.833333333333332,24.833333333333332,26.55,25.78333333333333
209,2025-12-25,85.7,84.58,22.6,19.37,63.05,27.0,1931.0,10.5,53.7,3.3,45.0,3.45,4.15,37.35,8.45,9.65,23.8,10.1,16.2,41.8,27.1,23.849999999999998,20.17,61.18333333333334,3.5750000000000006,3.8416666666666663,34.39166666666667,9.583333333333334,9.791666666666666,19.416666666666668,15.816666666666668,22.983333333333334,29.03333333333333,25.7
210,2025-12-26,84.9,84.67,23.6,20.04,61.65,26.8,1922.0,10.5,54.3,3.2,49.0,3.45,4.1,35.95,8.9,9.25,22.6,11.0,19.5,34.3,31.1,23.71666666666667,20.078333333333333,61.35833333333333,3.533333333333333,3.891666666666666,34.80833333333333,9.424999999999999,9.700000000000001,20.366666666666664,14.833333333333334,22.066666666666666,30.399999999999995,26.583333333333332
211,2025-12-27,84.4,84.7,21.9,18.48,62.6,26.6,1917.0,10.0,53.4,3.3,43.0,3.4,3.75,36.6,9.2,9.65,22.4,17.1,18.5,30.9,26.2,23.433333333333334,19.846666666666668,61.60833333333334,3.516666666666666,3.8833333333333333,35.26666666666667,9.283333333333333,9.658333333333333,20.633333333333333,14.933333333333332,21.183333333333334,31.366666666666664,26.78333333333333
212,2025-12-28,84.2,84.67,24.6,20.73,60.35,26.6,1915.0,11.0,54.2,3.2,53.0,3.65,3.85,33.35,9.8,9.7,17.4,15.2,25.8,25.3,25.7,23.666666666666668,20.036666666666665,61.4,3.5333333333333337,3.9166666666666665,35.04166666666667,9.299999999999999,9.608333333333334,20.316666666666666,14.183333333333335,21.71666666666667,31.03333333333333,27.083333333333332
213,2025-12-29,84.2,84.64,23.9,20.14,60.9,26.6,1915.0,10.5,55.1,3.2,50.0,3.75,3.95,34.0,9.6,9.6,14.6,12.9,24.4,26.8,26.5,23.683333333333334,20.045,61.36666666666667,3.5583333333333336,3.9499999999999997,35.1,9.233333333333333,9.525,19.55,13.4,21.649999999999995,31.28333333333333,27.666666666666668
214,2025-12-30,84.7,84.65,24.3,20.58,60.9,26.7,1920.0,11.0,55.0,3.2,51.0,3.65,3.9,33.45,10.0,9.9,17.8,14.5,26.1,24.0,24.0,23.771428571428572,20.12142857142857,61.3,3.5714285714285716,3.9428571428571426,34.864285714285714,9.342857142857142,9.578571428571427,19.3,13.557142857142859,22.285714285714285,30.24285714285714,27.142857142857142
215,2025-12-31,85.0,84.75,23.7,20.16,61.65,26.8,1924.0,10.5,55.0,3.2,49.0,3.65,4.05,34.6,9.5,9.85,17.5,12.0,23.9,28.4,24.6,23.514285714285712,19.928571428571427,61.58571428571429,3.5714285714285716,3.9642857142857144,35.042857142857144,9.35,9.657142857142857,19.442857142857143,13.257142857142858,22.057142857142853,30.21428571428571,26.45714285714286
216,2026-01-01,84.2,84.54,24.3,20.46,60.55,26.6,1915.0,10.5,53.9,3.2,52.0,3.55,3.9,33.1,10.05,9.95,19.6,13.7,26.5,23.6,23.1,23.75714285714286,20.084285714285716,61.22857142857142,3.5857142857142854,3.9285714285714284,34.43571428571429,9.578571428571427,9.700000000000001,18.842857142857145,13.77142857142857,23.52857142857143,27.614285714285717,25.88571428571429
217,2026-01-02,84.7,84.51,24.2,20.5,61.0,26.7,1920.0,11.0,53.6,3.2,51.0,3.6,3.8,34.45,9.4,9.75,18.1,16.2,24.1,29.0,24.9,23.842857142857138,20.150000000000002,61.135714285714286,3.607142857142857,3.8857142857142857,34.221428571428575,9.65,9.771428571428572,18.2,14.514285714285714,24.185714285714287,26.857142857142858,25.0
218,2026-01-03,84.1,84.46,22.5,18.92,61.95,26.5,1914.0,10.0,54.8,3.2,45.0,3.7,3.95,34.25,10.0,10.05,16.7,12.9,23.5,24.7,22.3,23.928571428571427,20.212857142857143,61.04285714285714,3.65,3.914285714285714,33.885714285714286,9.764285714285714,9.828571428571427,17.385714285714286,13.914285714285715,24.900000000000002,25.97142857142857,24.442857142857143
219,2026-01-04,84.1,84.44,22.7,19.09,61.75,26.5,1914.0,10.0,54.6,3.2,46.0,3.6,3.95,34.05,10.15,10.0,18.3,13.4,23.4,23.9,23.8,23.657142857142855,19.97857142857143,61.24285714285715,3.642857142857143,3.9285714285714284,33.98571428571429,9.814285714285715,9.87142857142857,17.514285714285716,13.657142857142857,24.557142857142853,25.771428571428572,24.17142857142857
220,2026-01-05,84.4,84.47,23.6,19.93,61.25,26.6,1917.0,10.5,54.1,3.2,49.0,3.55,3.85,34.05,9.9,9.9,19.0,15.3,24.5,25.0,24.0,23.614285714285717,19.948571428571427,61.29285714285714,3.614285714285714,3.914285714285714,33.99285714285714,9.857142857142858,9.914285714285715,18.142857142857142,14.0,24.571428571428573,25.514285714285716,23.814285714285713
221,2026-01-06,84.2,84.39,22.7,19.1,61.8,26.6,1914.0,10.0,54.4,3.2,46.0,3.65,3.8,34.45,9.9,10.0,17.4,16.2,23.2,25.1,23.0,23.385714285714283,19.73714285714286,61.42142857142857,3.6142857142857143,3.9,34.135714285714286,9.842857142857143,9.928571428571429,18.085714285714285,14.242857142857142,24.157142857142855,25.671428571428574,23.67142857142857
222,2026-01-07,83.6,84.19,23.4,19.56,60.85,26.4,1908.0,10.5,53.4,3.2,48.0,3.5,3.65,33.9,9.85,9.95,19.6,18.5,23.5,25.5,24.0,23.342857142857145,19.65142857142857,61.30714285714286,3.592857142857143,3.8428571428571425,34.035714285714285,9.892857142857142,9.942857142857145,18.385714285714283,15.171428571428569,24.099999999999998,25.25714285714286,23.585714285714285
223,2026-01-08,83.8,84.12,23.1,19.35,61.2,26.4,1910.0,10.5,53.9,3.2,47.0,3.65,4.0,33.65,10.15,9.75,17.2,12.2,23.8,24.0,26.0,23.17142857142857,19.492857142857144,61.4,3.607142857142857,3.857142857142857,34.114285714285714,9.907142857142858,9.914285714285715,18.042857142857144,14.957142857142857,23.714285714285715,25.314285714285713,24.0
224,2026-01-09,84.3,84.06,23.6,19.89,61.2,26.6,1916.0,10.5,53.6,3.2,49.0,3.6,3.65,34.0,9.85,10.1,18.6,20.2,23.8,26.3,23.4,23.08571428571429,19.405714285714286,61.42857142857143,3.607142857142857,3.835714285714286,34.05,9.971428571428572,9.964285714285714,18.114285714285714,15.528571428571428,23.67142857142857,24.928571428571427,23.785714285714285
225,2026-01-10,84.0,84.04,22.8,19.14,61.6,26.5,1912.0,10.0,54.2,3.2,46.0,3.6,4.35,33.5,10.15,10.0,19.2,5.4,24.2,24.2,24.0,23.12857142857143,19.437142857142856,61.378571428571426,3.5928571428571425,3.892857142857143,33.94285714285714,9.992857142857144,9.957142857142857,18.47142857142857,14.457142857142856,23.77142857142857,24.857142857142858,24.028571428571432
226,2026-01-11,83.9,84.01,22.4,18.79,61.9,26.5,1911.0,10.0,54.5,3.2,45.0,3.7,3.75,34.2,10.15,10.1,16.7,17.3,23.1,23.5,22.6,23.085714285714285,19.39428571428571,61.39999999999999,3.607142857142857,3.864285714285714,33.964285714285715,9.992857142857144,9.971428571428572,18.242857142857144,15.014285714285714,23.72857142857143,24.8,23.857142857142858
227,2026-01-12,84.2,83.99,19.7,16.6,64.25,26.6,1915.0,9.0,55.7,3.4,36.0,3.55,4.05,37.2,9.25,10.2,18.5,11.0,17.5,30.1,20.6,22.52857142857143,18.91857142857143,61.82857142857142,3.607142857142857,3.892857142857143,34.41428571428572,9.9,10.014285714285714,18.17142857142857,14.399999999999997,22.72857142857143,25.52857142857143,23.37142857142857
228,2026-01-13,84.3,84.01,24.9,20.99,60.1,26.6,1916.0,11.0,54.9,3.2,54.0,3.65,4.0,32.75,10.2,9.5,17.6,11.8,26.8,23.2,27.5,22.842857142857145,19.18857142857143,61.58571428571429,3.607142857142857,3.9214285714285713,34.17142857142857,9.942857142857141,9.942857142857141,18.2,13.771428571428572,23.24285714285714,25.25714285714286,24.014285714285712
229,2026-01-14,83.7,84.02,23.3,19.5,61.05,26.4,1909.0,10.5,53.9,3.2,48.0,3.6,3.75,34.65,9.35,9.7,17.2,16.8,22.6,28.6,24.7,22.82857142857143,19.18,61.614285714285714,3.621428571428571,3.935714285714286,34.27857142857143,9.87142857142857,9.907142857142857,17.857142857142858,13.528571428571428,23.114285714285717,25.7,24.114285714285717
230,2026-01-15,83.7,84.01,23.6,19.75,60.75,26.4,1909.0,10.5,53.4,3.2,49.0,3.6,4.35,32.85,10.05,9.9,18.5,4.4,25.9,24.0,24.3,22.900000000000002,19.237142857142857,61.550000000000004,3.6142857142857143,3.9857142857142853,34.16428571428572,9.857142857142858,9.928571428571429,18.04285714285714,12.414285714285715,23.41428571428571,25.7,23.87142857142857
231,2026-01-16,83.9,83.96,23.8,19.97,60.75,26.5,1911.0,10.5,53.1,3.2,50.0,3.3,4.2,34.3,9.4,9.55,24.5,6.9,23.2,28.8,26.7,22.928571428571427,19.24857142857143,61.48571428571429,3.5714285714285716,4.064285714285714,34.20714285714286,9.792857142857143,9.85,18.885714285714283,10.514285714285714,23.32857142857143,26.057142857142857,24.342857142857145
232,2026-01-17,83.8,83.94,22.9,19.2,61.45,26.5,1911.0,10.0,54.9,3.2,47.0,3.75,4.0,33.9,9.85,9.95,14.9,12.0,24.0,25.3,23.0,22.942857142857143,19.25714285714286,61.464285714285715,3.592857142857143,4.014285714285714,34.26428571428572,9.75,9.842857142857143,18.271428571428572,11.457142857142857,23.300000000000004,26.214285714285715,24.2
233,2026-01-18,,83.95,,,,0.0,,0.0,0.0,0.0,0.0,,,,,,,,,,,23.03333333333333,19.335,61.39166666666667,3.5749999999999997,4.058333333333334,34.275,9.683333333333332,9.8,18.533333333333335,10.483333333333333,23.333333333333332,26.666666666666668,24.46666666666667
234,2026-01-19,85.4,84.13,25.0,21.34,60.8,26.9,1922.0,11.5,54.9,3.2,54.0,3.65,3.95,33.0,10.3,9.9,18.0,13.9,27.6,22.9,24.8,23.916666666666668,20.125,60.81666666666667,3.591666666666667,4.041666666666667,33.574999999999996,9.858333333333333,9.75,18.45,10.966666666666667,25.016666666666666,25.46666666666667,25.166666666666668
235,2026-01-20,84.3,84.13,24.1,20.32,60.8,26.6,1910.0,11.0,54.4,3.2,51.0,3.65,3.75,33.35,10.05,10.0,17.1,17.3,25.8,24.1,23.0,23.783333333333335,20.013333333333332,60.93333333333334,3.5916666666666663,4.0,33.675000000000004,9.833333333333334,9.833333333333334,18.366666666666667,11.883333333333335,24.849999999999998,25.61666666666667,24.416666666666668
236,2026-01-21,84.2,84.21,22.7,19.1,61.75,26.6,1908.0,10.5,54.0,3.2,46.0,3.5,3.95,34.2,10.1,10.0,20.5,13.4,23.2,24.4,23.7,23.683333333333334,19.946666666666665,61.050000000000004,3.5750000000000006,4.033333333333334,33.6,9.958333333333334,9.883333333333333,18.916666666666668,11.316666666666668,24.95,24.916666666666668,24.25
237,2026-01-22,83.9,84.24,24.5,20.56,60.2,26.5,1906.0,11.0,53.2,3.2,52.0,3.45,3.6,33.25,10.0,9.9,20.9,20.2,25.6,24.3,23.8,23.833333333333332,20.081666666666667,60.958333333333336,3.5500000000000003,3.908333333333333,33.666666666666664,9.950000000000001,9.883333333333333,19.316666666666666,13.950000000000001,24.900000000000002,24.966666666666665,24.166666666666668
238,2026-01-23,83.5,84.18,24.9,20.79,59.65,26.4,1901.0,11.0,53.0,3.1,54.0,3.6,3.75,32.55,10.05,9.7,18.4,16.8,26.4,23.8,25.7,24.016666666666666,20.218333333333334,60.775,3.5999999999999996,3.8333333333333335,33.375,10.058333333333332,9.908333333333333,18.3,15.6,25.433333333333337,24.133333333333336,24.0
239,2026-01-24,83.1,84.05,23.2,19.28,60.65,26.2,1897.0,10.5,53.9,3.2,48.0,3.7,3.75,33.1,10.45,9.65,16.1,16.0,24.2,21.8,26.1,24.066666666666666,20.231666666666666,60.64166666666667,3.591666666666667,3.7916666666666665,33.24166666666667,10.158333333333333,9.858333333333333,18.5,16.266666666666666,25.46666666666667,23.55,24.516666666666666
240,2026-01-25,83.8,84.02,22.9,19.2,61.4,26.5,1905.0,10.5,54.4,3.2,47.0,3.55,4.0,33.6,10.25,10.0,19.7,12.4,24.3,22.8,23.1,23.9,20.084285714285716,60.75,3.5857142857142854,3.8214285714285716,33.292857142857144,10.171428571428573,9.87857142857143,18.67142857142857,15.714285714285714,25.300000000000004,23.442857142857143,24.314285714285717
241,2026-01-26,83.7,83.79,22.7,19.0,61.45,26.4,1903.0,10.5,54.0,3.2,46.0,3.6,3.9,33.65,10.2,10.1,18.6,13.6,23.8,23.4,22.9,23.571428571428573,19.75,60.84285714285714,3.5785714285714287,3.814285714285714,33.385714285714286,10.157142857142857,9.907142857142857,18.757142857142856,15.671428571428573,24.757142857142856,23.514285714285712,24.04285714285714
242,2026-01-27,83.6,83.69,22.7,18.98,61.45,26.4,1902.0,10.5,54.1,3.2,46.0,3.55,4.0,33.95,10.05,9.9,19.5,11.7,23.2,24.8,23.7,23.37142857142857,19.55857142857143,60.935714285714276,3.564285714285714,3.8500000000000005,33.471428571428575,10.157142857142857,9.892857142857142,19.099999999999998,14.871428571428572,24.385714285714283,23.614285714285717,24.142857142857142
243,2026-01-28,83.0,83.53,22.8,18.94,60.95,26.2,1896.0,10.5,53.4,3.2,46.0,3.4,3.85,34.45,9.75,9.5,21.5,13.5,21.7,26.4,26.4,23.385714285714283,19.535714285714285,60.82142857142857,3.5500000000000003,3.8357142857142854,33.50714285714286,10.107142857142858,9.821428571428571,19.24285714285714,14.885714285714286,24.171428571428574,23.9,24.52857142857143
244,2026-01-29,82.8,83.38,23.3,19.3,60.4,26.1,1894.0,10.5,53.7,3.2,48.0,3.4,3.85,33.3,9.95,9.9,21.7,13.5,24.0,24.3,23.5,23.21428571428571,19.35571428571429,60.85,3.5428571428571423,3.8714285714285714,33.51428571428572,10.1,9.821428571428571,19.357142857142858,13.928571428571429,23.942857142857143,23.900000000000002,24.485714285714284
245,2026-01-30,83.0,83.31,22.6,18.76,61.05,26.2,1896.0,10.0,54.6,3.2,46.0,3.4,4.15,33.75,9.95,9.8,21.4,7.6,23.3,24.4,24.0,22.88571428571429,19.065714285714286,61.050000000000004,3.5142857142857147,3.9285714285714284,33.68571428571429,10.085714285714285,9.835714285714285,19.785714285714285,12.614285714285714,23.5,23.985714285714288,24.24285714285714
246,2026-01-31,82.9,83.28,22.2,18.4,61.3,26.2,1894.0,10.0,54.5,3.2,45.0,3.4,4.05,33.7,10.15,10.0,21.5,10.2,23.1,23.1,22.4,22.74285714285714,18.94,61.142857142857146,3.471428571428571,3.9714285714285715,33.77142857142857,10.042857142857143,9.885714285714286,20.557142857142857,11.785714285714286,23.342857142857145,24.17142857142857,23.714285714285715
247,2026-02-01,83.4,83.21,23.4,19.52,60.75,26.3,1900.0,10.5,54.1,3.2,48.0,3.4,4.1,33.5,9.9,9.85,21.6,9.0,24.8,24.4,22.8,22.814285714285717,18.985714285714288,61.050000000000004,3.45,3.9857142857142853,33.75714285714286,9.992857142857144,9.864285714285714,20.82857142857143,11.299999999999999,23.414285714285715,24.400000000000002,23.67142857142857
248,2026-02-02,83.6,83.2,25.0,20.9,59.6,26.4,1902.0,11.0,54.1,3.1,54.0,3.55,3.8,32.7,9.95,9.6,18.5,15.1,26.6,24.1,25.9,23.142857142857142,19.25714285714286,60.785714285714285,3.4428571428571426,3.9714285714285715,33.621428571428574,9.957142857142856,9.792857142857143,20.814285714285713,11.514285714285714,23.814285714285717,24.5,24.1
249,2026-02-03,83.4,83.16,22.4,18.67,61.45,26.3,1900.0,10.0,55.3,3.2,45.0,3.7,4.15,33.55,10.05,10.0,15.2,8.6,24.2,23.8,22.6,23.099999999999998,19.212857142857143,60.785714285714285,3.4642857142857144,3.992857142857143,33.56428571428572,9.957142857142857,9.807142857142859,20.2,11.071428571428571,23.957142857142856,24.357142857142858,23.942857142857143
250,2026-02-04,83.4,83.21,23.0,19.17,60.95,26.3,1900.0,10.5,54.0,3.2,47.0,3.45,3.9,33.95,9.85,9.8,20.1,13.4,23.6,24.7,23.7,23.128571428571426,19.245714285714286,60.785714285714285,3.4714285714285715,4.0,33.49285714285714,9.971428571428572,9.85,20.0,11.057142857142859,24.228571428571428,24.114285714285717,23.557142857142853
251,2026-02-05,83.5,83.3,22.9,19.12,61.2,26.4,1901.0,10.5,55.4,3.2,47.0,3.6,3.95,33.6,10.1,9.95,17.6,12.7,24.4,22.4,23.5,23.071428571428573,19.220000000000002,60.9,3.5,4.014285714285714,33.535714285714285,9.992857142857142,9.857142857142858,19.414285714285715,10.942857142857141,24.285714285714285,23.842857142857145,23.557142857142853
252,2026-02-06,83.4,83.36,25.2,21.02,59.25,26.3,1900.0,11.0,52.5,3.1,55.0,3.35,3.75,32.5,10.15,9.5,23.2,16.1,26.2,23.7,27.2,23.442857142857143,19.542857142857144,60.642857142857146,3.492857142857143,3.957142857142857,33.357142857142854,10.021428571428572,9.814285714285715,19.67142857142857,12.157142857142858,24.699999999999996,23.74285714285714,24.014285714285712
253,2026-02-07,83.4,83.44,22.9,19.11,61.1,26.3,1901.0,10.5,54.5,3.2,47.0,3.5,3.95,33.7,10.0,9.95,20.1,12.0,24.1,23.9,22.7,23.54285714285714,19.64428571428571,60.614285714285714,3.507142857142857,3.942857142857143,33.357142857142854,10.0,9.807142857142859,19.47142857142857,12.414285714285715,24.842857142857145,23.857142857142858,24.057142857142857
254,2026-02-08,83.1,83.39,22.1,18.37,61.55,26.2,1897.0,10.0,55.1,3.2,44.0,3.7,3.95,33.95,9.95,10.0,15.4,11.9,23.2,24.0,22.2,23.357142857142858,19.48,60.72857142857142,3.55,3.9214285714285713,33.42142857142857,10.007142857142856,9.828571428571427,18.58571428571429,12.828571428571427,24.614285714285717,23.8,23.971428571428568
255,2026-02-09,83.0,83.31,23.6,19.59,60.25,26.2,1896.0,10.5,53.7,3.2,49.0,3.4,3.85,33.25,10.1,9.65,21.6,13.3,24.3,23.7,25.4,23.157142857142855,19.292857142857144,60.82142857142857,3.528571428571429,3.9285714285714284,33.5,10.028571428571428,9.835714285714287,19.028571428571432,12.571428571428571,24.285714285714285,23.74285714285714,23.9
256,2026-02-10,82.5,83.19,22.1,18.23,61.1,26.0,1890.0,10.0,54.9,3.2,44.0,3.6,4.15,33.5,10.0,9.85,17.4,7.6,22.9,24.0,23.8,23.11428571428571,19.23,60.771428571428565,3.514285714285714,3.9285714285714284,33.49285714285715,10.021428571428572,9.814285714285715,19.342857142857145,12.428571428571429,24.099999999999998,23.77142857142857,24.071428571428573
257,2026-02-11,82.4,83.05,21.2,17.47,61.7,26.0,1889.0,9.5,55.7,3.2,41.0,3.55,4.45,33.9,9.7,10.1,17.8,1.0,22.2,26.0,20.9,22.857142857142858,18.987142857142857,60.878571428571426,3.5285714285714285,4.007142857142857,33.48571428571428,10.0,9.857142857142858,19.014285714285712,10.657142857142857,23.900000000000002,23.957142857142856,23.67142857142857
258,2026-02-12,82.4,82.9,22.3,18.39,60.9,26.0,1889.0,10.0,53.7,3.2,45.0,3.4,3.95,34.0,9.95,9.6,21.3,11.6,21.6,25.1,25.7,22.771428571428572,18.882857142857144,60.83571428571429,3.5,4.007142857142858,33.542857142857144,9.978571428571428,9.807142857142855,19.542857142857144,10.5,23.5,24.342857142857138,23.985714285714288
259,2026-02-13,82.2,82.73,22.1,18.17,60.9,26.0,1887.0,10.0,54.4,3.2,44.0,3.55,3.7,33.65,9.9,10.1,17.6,17.2,22.5,24.2,21.7,22.328571428571426,18.475714285714286,61.07142857142857,3.5285714285714285,4.000000000000001,33.707142857142856,9.942857142857141,9.892857142857142,18.74285714285714,10.657142857142857,22.97142857142857,24.414285714285715,23.199999999999996
260,2026-02-14,82.4,82.57,22.0,18.12,61.05,26.0,1888.0,10.0,54.9,3.2,44.0,3.55,3.8,33.75,10.2,9.75,17.8,14.0,22.6,21.8,24.6,22.2,18.334285714285716,61.06428571428571,3.5357142857142856,3.9785714285714286,33.714285714285715,9.971428571428572,9.864285714285714,18.414285714285715,10.942857142857141,22.757142857142856,24.114285714285717,23.47142857142857
261,2026-02-15,82.3,82.46,22.1,18.19,60.95,26.0,1888.0,10.0,54.8,3.2,44.0,3.35,4.0,33.5,10.15,9.95,22.3,10.4,23.0,22.7,22.2,22.2,18.30857142857143,60.978571428571435,3.485714285714286,3.9857142857142853,33.65,10.0,9.857142857142858,19.400000000000002,10.72857142857143,22.728571428571428,23.928571428571427,23.47142857142857
262,2026-02-16,82.0,82.31,22.1,18.11,60.7,25.9,1884.0,10.0,55.0,3.2,44.0,3.45,3.95,33.45,10.1,9.75,19.5,11.2,22.7,22.8,23.7,21.985714285714288,18.09714285714286,61.042857142857144,3.492857142857143,4.0,33.67857142857143,10.0,9.87142857142857,19.1,10.428571428571429,22.5,23.800000000000004,23.228571428571428
263,2026-02-17,82.2,82.27,22.2,18.26,60.8,26.0,1887.0,10.0,54.9,3.2,45.0,3.45,3.8,33.55,10.1,9.9,19.8,14.1,23.1,22.6,22.3,22.0,18.101428571428574,61.0,3.4714285714285715,3.9499999999999997,33.68571428571428,10.014285714285714,9.87857142857143,19.442857142857143,11.357142857142858,22.528571428571432,23.6,23.014285714285712
264,2026-02-18,82.0,82.22,22.5,18.46,60.4,25.9,1885.0,10.0,54.0,3.2,46.0,3.45,3.75,33.55,9.95,9.7,19.8,15.3,22.6,23.6,24.6,22.185714285714287,18.242857142857144,60.81428571428571,3.457142857142857,3.8500000000000005,33.635714285714286,10.049999999999999,9.821428571428571,19.72857142857143,13.400000000000002,22.585714285714285,23.25714285714286,23.54285714285714
265,2026-02-19,81.9,82.14,22.0,18.02,60.7,25.9,1883.0,10.0,54.8,3.2,44.0,3.65,3.7,33.65,9.9,9.8,15.2,16.4,22.3,23.8,23.6,22.142857142857142,18.19,60.785714285714285,3.492857142857143,3.814285714285714,33.58571428571428,10.042857142857143,9.85,18.857142857142858,14.085714285714285,22.685714285714287,23.071428571428573,23.24285714285714
266,2026-02-20,82.2,82.14,21.7,17.83,61.15,25.9,1886.0,10.0,54.6,3.2,43.0,3.45,3.8,33.9,10.05,9.95,19.8,14.2,21.9,23.4,22.4,22.08571428571429,18.14142857142857,60.82142857142857,3.4785714285714286,3.8285714285714283,33.621428571428574,10.064285714285715,9.828571428571427,19.17142857142857,13.657142857142858,22.599999999999998,22.957142857142856,23.342857142857145
267,2026-02-21,81.8,82.06,21.4,17.51,61.1,25.8,1882.0,9.5,56.4,3.2,42.0,3.55,4.15,33.5,9.9,10.0,17.1,6.8,23.1,22.8,20.6,22.0,18.054285714285715,60.82857142857143,3.4785714285714286,3.878571428571429,33.58571428571428,10.021428571428572,9.864285714285714,19.071428571428573,12.628571428571428,22.671428571428574,23.099999999999998,22.771428571428572
268,2026-02-22,82.2,82.04,21.9,18.0,61.0,25.9,1887.0,10.0,55.3,3.2,44.0,3.5,3.9,33.5,10.3,9.8,19.2,12.3,23.1,21.0,23.3,21.971428571428568,18.027142857142856,60.83571428571429,3.5,3.864285714285714,33.58571428571428,10.042857142857143,9.842857142857143,18.62857142857143,12.9,22.685714285714287,22.857142857142858,22.928571428571427
269,2026-02-23,81.4,81.96,21.9,17.82,60.35,25.7,1877.0,10.0,54.8,3.2,44.0,3.35,3.95,33.05,10.2,9.8,21.3,10.2,23.1,21.2,23.1,21.942857142857143,17.985714285714288,60.785714285714285,3.4857142857142853,3.8642857142857143,33.528571428571425,10.057142857142859,9.85,18.885714285714283,12.757142857142856,22.74285714285714,22.628571428571426,22.842857142857145
270,2026-02-24,81.6,81.87,23.4,19.11,59.4,25.8,1880.0,10.5,54.4,3.1,49.0,3.45,3.65,33.0,9.85,9.45,18.8,15.9,24.0,23.7,25.5,22.114285714285717,18.107142857142858,60.58571428571429,3.485714285714286,3.8428571428571425,33.45,10.021428571428572,9.785714285714286,18.74285714285714,13.014285714285716,22.87142857142857,22.785714285714285,23.3
271,2026-02-25,81.4,81.77,21.2,17.25,60.95,25.7,1877.0,9.5,55.4,3.2,41.0,3.55,3.9,33.75,9.9,9.85,16.0,11.2,21.9,23.3,21.9,21.928571428571427,17.934285714285714,60.66428571428572,3.5,3.864285714285714,33.47857142857143,10.014285714285714,9.807142857142855,18.2,12.428571428571429,22.771428571428572,22.74285714285714,22.914285714285715
272,2026-02-26,81.8,81.75,22.1,18.07,60.5,25.8,1882.0,10.0,55.7,3.2,45.0,3.55,4.0,33.5,9.75,9.7,17.0,9.1,23.2,23.7,23.2,21.942857142857143,17.94142857142857,60.635714285714286,3.4857142857142853,3.9071428571428575,33.457142857142856,9.992857142857144,9.792857142857143,18.457142857142856,11.385714285714286,22.9,22.728571428571428,22.857142857142858
273,2026-02-27,81.8,81.7,21.4,17.51,61.1,25.8,1882.0,9.5,55.6,3.2,42.0,3.5,4.0,33.8,9.95,9.85,18.3,9.1,22.4,23.0,21.7,21.9,17.895714285714288,60.628571428571426,3.492857142857143,3.9357142857142864,33.44285714285714,9.978571428571428,9.778571428571427,18.242857142857144,10.657142857142857,22.971428571428568,22.671428571428574,22.75714285714286
274,2026-02-28,81.8,81.69,21.9,17.9,60.65,25.8,1882.0,10.0,54.8,3.2,44.0,3.4,3.8,33.65,9.9,9.9,20.2,13.7,22.4,23.6,22.1,21.97142857142857,17.951428571428572,60.56428571428571,3.471428571428571,3.8857142857142857,33.464285714285715,9.978571428571428,9.764285714285714,18.685714285714283,11.642857142857142,22.87142857142857,22.785714285714285,22.97142857142857
275,2026-03-01,82.0,81.66,22.4,18.36,60.45,25.9,1884.0,10.0,55.1,3.2,45.0,3.45,3.65,33.7,9.9,9.75,19.2,16.5,23.1,22.8,22.7,22.042857142857144,18.002857142857142,60.48571428571428,3.4642857142857144,3.8500000000000005,33.49285714285714,9.921428571428573,9.757142857142856,18.685714285714287,12.242857142857144,22.87142857142857,23.042857142857144,22.885714285714283
276,2026-03-02,82.4,81.81,22.6,18.62,60.55,26.0,1889.0,10.0,55.5,3.2,46.0,3.6,3.7,33.85,9.9,9.5,16.0,16.1,22.8,23.7,25.6,22.142857142857142,18.11714285714286,60.51428571428572,3.5,3.814285714285714,33.607142857142854,9.878571428571428,9.714285714285714,17.928571428571427,13.085714285714285,22.82857142857143,23.400000000000002,23.242857142857144
277,2026-03-03,81.8,81.82,21.7,17.74,60.8,25.8,1882.0,10.0,54.8,3.2,43.0,3.5,3.8,33.85,9.8,9.85,17.8,13.3,22.2,23.9,22.3,21.9,17.92142857142857,60.714285714285715,3.5071428571428567,3.835714285714286,33.72857142857143,9.871428571428572,9.771428571428572,17.785714285714285,12.714285714285714,22.571428571428573,23.428571428571427,22.785714285714285
278,2026-03-04,81.2,81.8,23.8,19.33,58.8,25.6,1875.0,10.5,54.6,3.1,50.0,3.7,3.9,32.25,9.75,9.2,13.2,10.7,25.1,24.0,27.3,22.271428571428572,18.21857142857143,60.40714285714285,3.528571428571429,3.835714285714286,33.51428571428571,9.85,9.678571428571429,17.385714285714283,12.642857142857142,23.02857142857143,23.528571428571432,23.557142857142857
279,2026-03-05,81.4,81.75,21.7,17.66,60.55,25.7,1878.0,9.5,54.5,3.2,43.0,3.55,3.7,33.75,9.65,9.9,16.6,15.9,21.6,25.2,22.2,22.214285714285715,18.16,60.41428571428571,3.5285714285714285,3.792857142857143,33.55,9.835714285714285,9.707142857142857,17.32857142857143,13.614285714285714,22.800000000000004,23.74285714285714,23.414285714285715
280,2026-03-06,81.8,81.74,21.7,17.74,60.85,25.8,1882.0,10.0,55.5,3.2,43.0,3.45,4.3,33.2,10.05,9.85,19.7,2.9,23.1,23.2,22.4,22.25714285714286,18.192857142857143,60.378571428571426,3.521428571428572,3.8357142857142854,33.464285714285715,9.85,9.707142857142857,17.52857142857143,12.72857142857143,22.900000000000002,23.77142857142857,23.514285714285712
281,2026-03-07,81.8,81.74,21.8,17.82,60.75,25.8,1882.0,10.0,54.2,3.2,43.0,3.2,4.15,33.85,9.75,9.8,24.1,5.8,22.3,24.5,22.1,22.24285714285714,18.181428571428572,60.392857142857146,3.492857142857143,3.885714285714286,33.49285714285715,9.828571428571431,9.692857142857141,18.085714285714285,11.6,22.885714285714283,23.900000000000002,23.514285714285712
282,2026-03-08,82.2,81.78,21.1,17.34,61.65,25.9,1887.0,9.5,56.8,3.2,41.0,3.55,4.0,33.65,10.3,10.15,17.1,9.8,23.4,19.9,19.8,22.057142857142857,18.035714285714285,60.56428571428571,3.507142857142857,3.9357142857142855,33.48571428571428,9.885714285714286,9.75,17.78571428571429,10.642857142857142,22.928571428571427,23.485714285714284,23.1
283,2026-03-09,81.8,81.69,21.5,17.58,60.95,25.8,1882.0,9.5,55.7,3.2,43.0,3.65,4.0,33.55,9.95,9.8,15.1,9.7,22.6,23.0,22.7,21.9,17.887142857142855,60.62142857142857,3.5142857142857147,3.9785714285714286,33.44285714285714,9.892857142857142,9.792857142857143,17.657142857142855,9.728571428571428,22.900000000000002,23.385714285714283,22.685714285714283
284,2026-03-10,,81.68,,,,0.0,,0.0,0.0,0.0,0.0,,,,,,,,,,,21.933333333333334,17.911666666666665,60.59166666666666,3.516666666666667,4.008333333333334,33.375,9.908333333333333,9.783333333333333,17.633333333333333,9.133333333333333,23.01666666666667,23.299999999999997,22.75
285,2026-03-11,81.2,81.67,21.0,17.04,60.95,25.6,1875.0,9.5,55.3,3.2,41.0,3.65,3.75,33.8,9.9,9.85,14.7,13.8,21.1,23.4,22.5,21.466666666666665,17.529999999999998,60.95000000000001,3.508333333333333,3.983333333333333,33.63333333333333,9.933333333333334,9.891666666666667,17.883333333333333,9.65,22.349999999999998,23.2,21.95
286,2026-03-12,81.6,81.7,22.8,18.6,59.9,25.8,1880.0,10.0,54.9,3.1,47.0,3.35,3.85,33.4,9.8,9.5,21.0,11.7,23.0,24.3,25.0,21.650000000000002,17.686666666666667,60.84166666666667,3.475,4.008333333333334,33.574999999999996,9.958333333333334,9.825000000000001,18.616666666666667,8.950000000000001,22.583333333333332,23.05,22.416666666666668
287,2026-03-13,81.4,81.64,22.0,17.91,60.35,25.7,1878.0,10.0,54.2,3.2,44.0,3.35,3.75,34.6,9.35,9.3,20.4,13.7,20.0,27.4,26.8,21.7,17.715,60.75833333333333,3.4583333333333335,3.9166666666666665,33.80833333333334,9.841666666666667,9.733333333333334,18.733333333333334,10.75,22.066666666666666,23.75,23.150000000000002
288,2026-03-14,,81.62,,,,0.0,,0.0,0.0,0.0,0.0,,,,,,,,,,,21.68,17.694,60.760000000000005,3.5100000000000002,3.87,33.8,9.86,9.72,17.660000000000004,11.739999999999998,22.020000000000003,23.6,23.360000000000003
289,2026-03-15,,81.48,,,,0.0,,0.0,0.0,0.0,0.0,,,,,,,,,,,21.824999999999996,17.7825,60.53750000000001,3.5000000000000004,3.8375,33.837500000000006,9.75,9.6125,17.8,12.225,21.675000000000004,24.525,24.25
290,2026-03-16,82.8,81.73,22.4,18.54,61.0,26.1,1893.0,10.0,55.5,3.2,45.0,3.5,3.85,33.35,10.15,10.15,19.4,13.5,24.5,21.5,20.3,22.049999999999997,18.0225,60.55,3.4625,3.8,33.7875,9.8,9.7,18.875,13.174999999999999,22.15,24.15,23.650000000000002
291,2026-03-17,82.2,81.83,22.2,18.26,60.85,26.0,1887.0,10.0,55.2,3.2,45.0,3.45,3.8,33.4,10.2,10.0,20.3,13.9,23.7,21.6,21.3,22.08,18.07,60.61,3.46,3.8,33.71,9.879999999999999,9.76,19.16,13.319999999999999,22.46,23.639999999999997,23.18
292,2026-03-18,81.9,81.98,21.0,17.2,61.5,25.8,1883.0,9.5,56.6,3.2,41.0,3.45,4.5,33.2,10.3,10.05,20.2,1.0,23.5,20.9,20.3,22.08,18.102,60.720000000000006,3.4200000000000004,3.95,33.589999999999996,9.96,9.8,20.259999999999998,10.76,22.939999999999998,23.14,22.740000000000002
293,2026-03-19,81.6,81.98,21.4,17.46,60.9,25.8,1880.0,9.5,55.7,3.2,42.0,3.5,3.95,33.55,9.95,9.95,17.3,10.2,22.8,22.7,21.1,21.8,17.874000000000002,60.92,3.45,3.97,33.620000000000005,9.989999999999998,9.889999999999999,19.52,10.459999999999999,22.9,22.82,21.96
294,2026-03-20,81.6,82.01,21.3,17.37,61.0,25.7,1879.0,9.5,55.5,3.2,42.0,3.55,3.85,33.5,10.1,10.0,17.1,12.6,22.5,22.2,20.7,21.66,17.766,61.05,3.4899999999999998,3.9899999999999998,33.4,10.139999999999999,10.03,18.86,10.24,23.4,21.779999999999998,20.740000000000002
295,2026-03-21,81.4,81.91,22.7,18.48,59.8,25.7,1878.0,10.0,55.2,3.1,47.0,3.45,3.7,32.7,10.3,9.65,18.6,14.8,24.6,19.7,23.6,21.833333333333332,17.885,60.84166666666667,3.483333333333334,3.941666666666667,33.28333333333333,10.166666666666666,9.966666666666667,18.816666666666666,11.0,23.599999999999998,21.433333333333334,21.216666666666665
296,2026-03-22,81.4,81.84,21.8,17.75,60.5,25.7,1878.0,10.0,55.1,3.2,44.0,3.5,4.0,33.25,9.9,9.85,17.6,9.2,23.1,23.5,21.7,21.82857142857143,17.865714285714287,60.792857142857144,3.485714285714286,3.95,33.278571428571425,10.128571428571428,9.950000000000001,18.642857142857142,10.742857142857144,23.52857142857143,21.728571428571428,21.285714285714285
297,2026-03-23,81.8,81.7,23.5,19.22,59.45,25.8,1882.0,10.5,54.3,3.1,49.0,3.35,4.2,32.1,10.15,9.65,21.2,5.3,26.2,21.2,24.0,21.985714285714284,17.962857142857143,60.57142857142857,3.4642857142857144,4.0,33.1,10.12857142857143,9.87857142857143,18.900000000000002,9.571428571428571,23.771428571428572,21.685714285714283,21.814285714285713
298,2026-03-24,81.0,81.52,22.7,18.39,59.5,25.6,1873.0,10.0,54.3,3.1,47.0,3.25,3.9,32.9,9.8,9.65,22.9,10.3,23.3,24.2,23.6,22.057142857142857,17.981428571428573,60.378571428571426,3.435714285714286,4.014285714285714,33.02857142857143,10.071428571428571,9.828571428571427,19.271428571428572,9.057142857142855,23.714285714285715,22.057142857142857,22.142857142857142
299,2026-03-25,81.1,81.41,25.4,20.6,57.45,25.6,1874.0,11.0,54.8,3.0,56.0,3.5,3.8,31.5,9.9,8.75,17.2,12.4,26.4,22.1,32.7,22.685714285714287,18.467142857142857,59.8,3.4428571428571426,3.9142857142857146,32.785714285714285,10.014285714285714,9.642857142857142,18.842857142857145,10.685714285714285,24.12857142857143,22.228571428571428,23.914285714285715
300,2026-03-26,80.6,81.26,22.3,17.97,59.5,25.4,1869.0,10.0,54.3,3.1,45.0,3.5,3.65,32.85,9.7,9.8,16.9,15.7,23.0,24.2,22.1,22.814285714285713,18.54,59.6,3.4428571428571426,3.8714285714285714,32.68571428571428,9.97857142857143,9.621428571428572,18.785714285714285,11.471428571428572,24.157142857142855,22.442857142857143,24.057142857142857
301,2026-03-27,80.4,81.1,21.6,17.37,59.9,25.4,1866.0,9.5,53.8,3.1,43.0,3.25,3.85,33.4,9.55,9.85,21.7,11.4,21.5,25.3,21.7,22.857142857142858,18.54,59.44285714285714,3.4,3.8714285714285714,32.67142857142857,9.9,9.6,19.442857142857143,11.299999999999999,24.014285714285712,22.885714285714283,24.2
302,2026-03-28,,81.05,,,,0.0,,0.0,0.0,0.0,0.0,,,,,,,,,,,22.883333333333336,18.55,59.38333333333333,3.391666666666666,3.9,32.666666666666664,9.833333333333334,9.591666666666667,19.583333333333332,10.716666666666667,23.916666666666668,23.416666666666668,24.299999999999997
303,2026-03-29,,80.98,,,,0.0,,0.0,0.0,0.0,0.0,,,,,,,,,,,23.1,18.71,59.160000000000004,3.3699999999999997,3.88,32.55,9.819999999999999,9.540000000000001,19.979999999999997,11.02,24.080000000000002,23.4,24.82
304,2026-03-30,,80.78,,,,0.0,,0.0,0.0,0.0,0.0,,,,,,,,,,,23.000000000000004,18.5825,59.087500000000006,3.375,3.8,32.6625,9.737499999999999,9.5125,19.674999999999997,12.45,23.55,23.95,25.025
305,2026-03-31,,80.7,,,,0.0,,0.0,0.0,0.0,0.0,,,,,,,,,,,23.100000000000005,18.646666666666665,58.95000000000001,3.4166666666666665,3.766666666666666,32.583333333333336,9.716666666666665,9.466666666666667,18.599999999999998,13.166666666666666,23.633333333333336,23.866666666666664,25.5
306,2026-04-01,,80.5,,,,0.0,,0.0,0.0,0.0,0.0,,,,,,,,,,,21.95000000000001,17.669999999999998,59.7,3.3749999999999996,3.75,33.125,9.624999999999996,9.825,19.299999999999997,13.549999999999997,22.25,24.75,21.899999999999995
307,2026-04-02,,80.4,,,,0.0,,0.0,0.0,0.0,0.0,,,,,,,,,,,21.6,17.37,59.9,3.25,3.85,33.4,9.55,9.85,21.7,11.4,21.5,25.3,21.7
308,2026-04-03,,,,,,0.0,,0.0,0.0,0.0,0.0,,,,,,,,,,,,,,,,,,,,,,,
309,2026-04-04,,,,,,0.0,,0.0,0.0,0.0,0.0,,,,,,,,,,,,,,,,,,,,,,,
310,2026-04-05,,,,,,0.0,,0.0,0.0,0.0,0.0,,,,,,,,,,,,,,,,,,,,,,,
311,2026-04-06,,,,,,0.0,,0.0,0.0,0.0,0.0,,,,,,,,,,,,,,,,,,,,,,,
312,2026-04-07,,,,,,0.0,,0.0,0.0,0.0,0.0,,,,,,,,,,,,,,,,,,,,,,,
313,2026-04-08,,,,,,0.0,,0.0,0.0,0.0,0.0,,,,,,,,,,,,,,,,,,,,,,,
314,2026-04-09,,,,,,0.0,,0.0,0.0,0.0,0.0,,,,,,,,,,,,,,,,,,,,,,,
315,2026-04-10,,,,,,0.0,,0.0,0.0,0.0,0.0,,,,,,,,,,,,,,,,,,,,,,,
316,2026-04-11,,,,,,0.0,,0.0,0.0,0.0,0.0,,,,,,,,,,,,,,,,,,,,,,,
317,2026-04-12,82.0,82.0,22.3,18.29,60.55,25.9,1884.0,10.0,56.0,3.2,45.0,3.6,3.65,33.15,10.15,10.0,15.5,16.4,24.5,20.9,20.1,22.3,18.29,60.55,3.6,3.65,33.15,10.15,10.0,15.5,16.4,24.5,20.9,20.1
318,2026-04-13,81.0,81.5,20.8,16.85,60.95,25.6,1873.0,9.5,55.6,3.2,40.0,3.4,4.05,33.5,10.15,9.85,20.5,7.2,21.5,22.2,22.2,21.55,17.57,60.75,3.5,3.8499999999999996,33.325,10.15,9.925,18.0,11.799999999999999,23.0,21.549999999999997,21.15
319,2026-04-14,80.8,81.27,20.8,16.81,60.8,25.5,1871.0,9.5,54.6,3.2,40.0,3.35,3.95,33.8,9.9,9.8,20.8,10.1,20.4,23.8,22.9,21.3,17.316666666666666,60.76666666666667,3.4499999999999997,3.8833333333333333,33.48333333333333,10.066666666666668,9.883333333333333,18.933333333333334,11.233333333333334,22.133333333333336,22.3,21.733333333333334
320,2026-04-15,80.2,80.99,21.9,17.55,59.45,25.3,1864.0,9.5,53.5,3.1,44.0,3.3,3.75,32.95,9.85,9.6,21.9,13.0,21.6,24.0,24.2,21.45,17.375,60.4375,3.4125,3.85,33.35,10.0125,9.8125,19.675,11.675,22.0,22.725,22.35
321,2026-04-16,80.7,80.93,21.1,17.03,60.5,25.5,1870.0,9.5,54.6,3.2,41.0,3.45,3.85,33.55,9.9,9.75,18.0,12.1,21.0,23.4,23.2,21.380000000000003,17.306,60.45,3.4200000000000004,3.85,33.39,9.99,9.8,19.34,11.76,21.8,22.86,22.52
322,2026-04-17,80.4,80.85,21.5,17.3,60.05,25.4,1867.0,9.5,55.2,3.1,43.0,3.6,3.6,33.1,9.95,9.8,14.2,16.9,22.2,22.3,22.2,21.400000000000002,17.305,60.38333333333333,3.4499999999999997,3.8083333333333336,33.34166666666667,9.983333333333333,9.799999999999999,18.483333333333334,12.616666666666665,21.866666666666664,22.766666666666666,22.46666666666667
323,2026-04-18,80.7,80.83,21.3,17.19,60.35,25.5,1870.0,9.5,55.1,3.2,42.0,3.4,4.0,33.15,10.1,9.7,20.2,8.5,22.0,22.2,23.2,21.385714285714283,17.28857142857143,60.378571428571426,3.442857142857143,3.835714285714286,33.31428571428571,10.0,9.785714285714286,18.728571428571428,12.028571428571427,21.885714285714283,22.685714285714287,22.571428571428573
324,2026-04-19,80.8,80.65,21.4,17.28,60.35,25.5,1870.0,9.5,55.8,3.2,42.0,3.55,3.8,33.25,9.9,9.85,16.0,12.3,22.4,22.4,21.6,21.25714285714286,17.14428571428572,60.35,3.4357142857142855,3.857142857142857,33.32857142857143,9.964285714285714,9.764285714285714,18.8,11.442857142857141,21.585714285714285,22.9,22.785714285714285
325,2026-04-20,80.8,80.61,21.1,17.04,60.55,25.5,1870.0,9.5,56.0,3.2,41.0,3.6,3.8,33.6,9.85,9.7,14.6,12.3,21.8,22.7,22.3,21.3,17.17142857142857,60.292857142857144,3.4642857142857144,3.8214285714285716,33.34285714285714,9.921428571428569,9.742857142857144,17.95714285714286,12.171428571428573,21.62857142857143,22.97142857142857,22.8
326,2026-04-21,80.1,80.51,22.2,17.78,59.2,25.3,1863.0,10.0,54.4,3.1,45.0,3.35,3.8,32.85,9.65,9.55,19.5,11.6,22.8,23.8,23.4,21.5,17.31,60.06428571428571,3.4642857142857144,3.8000000000000003,33.20714285714286,9.885714285714286,9.707142857142857,17.771428571428572,12.385714285714284,21.971428571428568,22.971428571428568,22.871428571428574
327,2026-04-22,80.1,80.51,21.4,17.14,59.85,25.3,1863.0,9.5,55.0,3.1,42.0,3.35,3.85,33.15,9.75,9.75,20.2,11.4,21.8,23.2,22.0,21.428571428571427,17.251428571428573,60.121428571428574,3.4714285714285715,3.8142857142857145,33.23571428571428,9.871428571428572,9.728571428571428,17.52857142857143,12.157142857142857,22.0,22.857142857142858,22.557142857142853
328,2026-04-23,80.5,80.48,21.3,17.15,60.25,25.4,1868.0,9.5,55.2,3.2,42.0,3.4,3.75,33.55,9.75,9.8,19.0,13.4,21.6,23.5,21.5,21.45714285714286,17.268571428571427,60.08571428571429,3.4642857142857144,3.8000000000000003,33.23571428571429,9.85,9.735714285714286,17.67142857142857,12.342857142857143,22.085714285714285,22.871428571428574,22.314285714285713
329,2026-04-24,80.6,80.5,22.2,17.89,59.6,25.4,1869.0,10.0,55.0,3.1,45.0,3.45,3.8,33.1,9.85,9.4,17.8,11.9,22.4,23.3,25.1,21.557142857142857,17.352857142857143,60.021428571428565,3.442857142857143,3.8285714285714283,33.23571428571429,9.835714285714285,9.678571428571429,18.185714285714287,11.628571428571428,22.114285714285717,23.014285714285712,22.72857142857143
330,2026-04-25,79.8,80.37,20.5,16.36,60.3,25.2,1860.0,9.0,55.6,3.2,40.0,3.5,3.75,33.3,10.0,9.75,16.4,12.4,20.8,21.9,22.3,21.442857142857143,17.234285714285715,60.01428571428572,3.457142857142857,3.7928571428571423,33.25714285714286,9.821428571428571,9.685714285714285,17.642857142857142,12.185714285714287,21.942857142857147,22.971428571428568,22.599999999999998
331,2026-04-26,80.3,80.31,20.7,16.62,60.55,25.3,1865.0,9.5,55.1,3.2,40.0,3.5,3.65,33.9,9.65,9.85,16.0,15.0,20.3,24.3,21.7,21.342857142857138,17.14,60.042857142857144,3.45,3.771428571428572,33.35,9.785714285714286,9.685714285714285,17.642857142857142,12.571428571428571,21.642857142857142,23.242857142857144,22.614285714285717
332,2026-04-27,80.2,80.23,19.8,15.88,61.15,25.3,1864.0,9.0,56.4,3.2,37.0,3.55,3.8,34.45,9.55,9.8,14.2,11.7,19.5,24.4,20.7,21.157142857142855,16.974285714285717,60.128571428571426,3.442857142857143,3.7714285714285714,33.47142857142857,9.742857142857144,9.700000000000001,17.585714285714285,12.485714285714286,21.314285714285713,23.485714285714284,22.385714285714283
333,2026-04-28,79.7,80.17,19.8,15.78,60.75,25.1,1859.0,9.0,56.0,3.2,37.0,3.45,3.95,33.85,9.75,9.75,16.9,8.3,19.5,23.3,21.9,20.814285714285713,16.68857142857143,60.35,3.457142857142857,3.792857142857143,33.614285714285714,9.757142857142856,9.728571428571428,17.21428571428571,12.014285714285716,20.842857142857145,23.414285714285715,22.171428571428574
334,2026-04-29,79.8,80.12,19.7,15.71,60.85,25.2,1859.0,9.0,56.3,3.2,37.0,3.55,3.9,33.8,9.8,9.8,14.5,9.7,20.0,22.9,20.8,20.571428571428573,16.484285714285715,60.49285714285714,3.485714285714286,3.8000000000000003,33.707142857142856,9.764285714285716,9.735714285714286,16.4,11.771428571428572,20.585714285714285,23.37142857142857,22.0
335,2026-04-30,79.9,80.04,22.4,17.9,58.9,25.2,1861.0,10.0,54.5,3.1,46.0,3.4,3.55,32.8,9.75,9.4,18.7,16.9,22.6,22.9,24.5,20.728571428571428,16.591428571428573,60.3,3.4857142857142853,3.771428571428572,33.6,9.764285714285716,9.678571428571429,16.357142857142858,12.27142857142857,20.72857142857143,23.285714285714285,22.428571428571427
336,2026-05-01,79.9,79.94,20.2,16.14,60.6,25.2,1861.0,9.0,55.8,3.2,38.0,3.5,3.7,33.65,9.9,9.85,16.1,14.3,20.3,22.2,21.0,20.442857142857143,16.34142857142857,60.44285714285714,3.492857142857143,3.757142857142857,33.67857142857143,9.771428571428572,9.742857142857144,16.11428571428571,12.614285714285714,20.428571428571427,23.12857142857143,21.842857142857138
337,2026-05-02,80.1,79.98,23.0,18.42,58.6,25.3,1863.0,10.0,55.4,3.1,48.0,3.35,3.75,32.4,9.9,9.2,19.1,12.1,24.1,21.6,26.1,20.8,16.63571428571429,60.199999999999996,3.4714285714285715,3.757142857142857,33.55,9.757142857142856,9.664285714285713,16.5,12.571428571428571,20.900000000000002,23.085714285714285,22.38571428571429
338,2026-05-03,80.1,79.95,21.0,16.82,60.1,25.3,1863.0,9.5,55.8,3.2,41.0,3.45,3.65,33.25,9.9,9.85,17.1,15.3,21.9,21.6,20.8,20.842857142857145,16.664285714285715,60.135714285714286,3.4642857142857144,3.7571428571428567,33.457142857142856,9.792857142857144,9.664285714285715,16.657142857142855,12.614285714285714,21.12857142857143,22.699999999999996,22.257142857142856
339,2026-05-04,80.0,79.92,21.7,17.36,59.5,25.2,1862.0,9.5,55.5,3.1,43.0,3.45,3.75,32.65,9.95,9.7,17.3,12.6,23.1,21.2,21.8,21.114285714285717,16.875714285714285,59.9,3.4499999999999997,3.75,33.199999999999996,9.85,9.65,17.1,12.742857142857142,21.642857142857142,22.242857142857144,22.414285714285715
340,2026-05-05,79.4,79.87,19.9,15.79,60.35,25.0,1855.0,9.0,55.9,3.2,38.0,3.5,3.75,33.5,9.8,9.8,15.7,11.6,20.3,22.5,20.5,21.128571428571426,16.877142857142854,59.84285714285715,3.457142857142857,3.721428571428571,33.15,9.857142857142858,9.657142857142857,16.928571428571427,13.214285714285714,21.75714285714286,22.12857142857143,22.214285714285715
341,2026-05-06,79.6,79.84,21.1,16.79,59.65,25.1,1857.0,9.5,55.1,3.1,41.0,3.45,3.6,33.2,9.7,9.7,16.3,14.9,21.4,23.1,21.5,21.32857142857143,17.03142857142857,59.67142857142857,3.4428571428571426,3.6785714285714284,33.06428571428571,9.842857142857143,9.642857142857142,17.185714285714287,13.957142857142856,21.957142857142856,22.157142857142855,22.314285714285713
342,2026-05-07,79.8,79.83,20.9,16.68,59.95,25.2,1860.0,9.5,56.2,3.1,41.0,3.6,3.7,32.9,9.95,9.8,14.0,13.3,22.4,21.2,20.6,21.11428571428571,16.857142857142858,59.82142857142857,3.4714285714285715,3.6999999999999997,33.07857142857143,9.87142857142857,9.7,16.514285714285716,13.442857142857141,21.928571428571427,21.91428571428571,21.757142857142856
343,2026-05-08,79.6,79.79,19.8,15.77,60.7,25.1,1858.0,9.0,56.1,3.2,37.0,3.55,3.75,33.65,9.85,9.9,14.8,12.7,20.2,22.4,20.0,21.057142857142857,16.804285714285715,59.83571428571429,3.4785714285714286,3.707142857142857,33.07857142857143,9.864285714285714,9.707142857142857,16.32857142857143,13.214285714285714,21.91428571428571,21.942857142857143,21.614285714285717
344,2026-05-09,79.2,79.66,20.4,16.16,59.9,25.0,1853.0,9.0,55.9,3.1,39.0,3.4,3.75,33.25,9.9,9.6,17.2,12.0,20.9,20.9,22.3,20.685714285714287,16.481428571428573,60.02142857142858,3.4857142857142853,3.707142857142857,33.199999999999996,9.864285714285714,9.764285714285714,16.057142857142857,13.2,21.457142857142856,21.842857142857145,21.071428571428573
345,2026-05-10,80.1,79.66,21.3,17.06,59.95,25.3,1863.0,9.5,55.9,3.1,42.0,3.45,4.0,32.8,9.95,9.75,17.5,7.4,23.4,20.9,20.5,20.728571428571428,16.515714285714285,60.0,3.4857142857142853,3.7571428571428576,33.135714285714286,9.87142857142857,9.75,16.114285714285717,12.071428571428571,21.67142857142857,21.742857142857144,21.02857142857143
346,2026-05-11,79.6,79.61,20.4,16.25,60.3,25.1,1858.0,9.0,56.7,3.2,39.0,3.55,3.85,33.1,10.05,9.75,14.9,9.6,21.9,20.4,20.8,20.542857142857144,16.357142857142858,60.114285714285714,3.5,3.771428571428572,33.2,9.885714285714284,9.757142857142856,15.77142857142857,11.642857142857142,21.5,21.628571428571426,20.885714285714283
347,2026-05-12,79.8,79.69,21.3,17.01,59.75,25.2,1860.0,9.5,55.9,3.1,42.0,3.45,4.0,32.9,9.8,9.6,17.3,6.7,22.5,22.7,22.1,20.74285714285714,16.53142857142857,60.028571428571425,3.492857142857143,3.8071428571428574,33.114285714285714,9.885714285714286,9.72857142857143,16.0,10.942857142857141,21.814285714285713,21.657142857142855,21.114285714285717
348,2026-05-13,79.6,79.69,21.2,16.86,59.6,25.1,1857.0,9.5,56.0,3.1,42.0,3.55,3.8,32.8,9.8,9.65,14.0,10.6,22.7,21.7,21.4,20.75714285714286,16.541428571428572,60.021428571428565,3.507142857142857,3.835714285714286,33.05714285714286,9.9,9.721428571428572,15.671428571428569,10.328571428571431,22.0,21.457142857142856,21.099999999999998
349,2026-05-14,79.4,79.62,20.3,16.11,60.1,25.0,1855.0,9.0,55.9,3.2,39.0,3.45,3.9,33.2,9.85,9.7,16.9,9.1,21.1,21.6,21.2,20.67142857142857,16.46,60.042857142857144,3.4857142857142853,3.8642857142857143,33.1,9.885714285714286,9.707142857142857,16.085714285714285,9.728571428571428,21.814285714285713,21.514285714285712,21.185714285714287
350,2026-05-15,79.6,79.61,20.5,16.32,60.15,25.1,1858.0,9.0,56.0,3.2,39.0,3.5,3.6,33.1,10.05,9.9,16.2,15.1,21.6,20.5,19.7,20.771428571428572,16.538571428571426,59.964285714285715,3.478571428571428,3.842857142857143,33.02142857142857,9.914285714285715,9.707142857142857,16.285714285714285,10.071428571428571,22.014285714285716,21.24285714285714,21.142857142857142
351,2026-05-16,79.4,79.65,21.4,17.0,59.35,25.1,1856.0,9.5,55.2,3.1,43.0,3.5,3.55,32.75,9.85,9.7,16.1,16.0,22.3,22.1,21.4,20.91428571428571,16.658571428571427,59.885714285714286,3.492857142857143,3.8142857142857145,32.949999999999996,9.907142857142857,9.721428571428572,16.128571428571426,10.642857142857142,22.214285714285715,21.414285714285715,21.014285714285712
352,2026-05-17,79.8,79.61,19.3,15.41,61.25,25.2,1860.0,9.0,57.1,3.2,36.0,3.55,3.85,33.85,10.05,9.95,15.5,10.8,20.1,20.8,19.4,20.62857142857143,16.422857142857143,60.07142857142857,3.507142857142857,3.792857142857143,33.1,9.921428571428573,9.75,15.842857142857142,11.12857142857143,21.74285714285714,21.4,20.857142857142858
353,2026-05-18,79.8,79.64,20.0,15.96,60.65,25.2,1860.0,9.0,56.6,3.2,38.0,3.55,3.8,33.5,9.9,9.9,15.2,11.2,20.9,21.7,20.2,20.571428571428573,16.38142857142857,60.121428571428574,3.507142857142857,3.7857142857142856,33.15714285714286,9.9,9.771428571428572,15.885714285714286,11.357142857142858,21.599999999999998,21.58571428571429,20.771428571428572
354,2026-05-19,,79.6,,,,0.0,,0.0,0.0,0.0,0.0,,,,,,,,,,,20.45,16.276666666666667,60.18333333333334,3.516666666666667,3.75,33.2,9.916666666666666,9.8,15.65,12.133333333333333,21.45,21.400000000000002,20.55
355,2026-05-20,79.8,79.65,21.3,17.01,59.7,25.2,1860.0,9.5,55.6,3.1,42.0,2.9,4.05,36.3,7.9,8.55,30.3,6.3,10.7,42.7,34.0,20.46666666666667,16.301666666666666,60.199999999999996,3.408333333333333,3.7916666666666665,33.78333333333334,9.6,9.616666666666667,18.366666666666667,11.416666666666666,19.45,24.900000000000002,22.649999999999995
356,2026-05-21,79.4,79.66,19.8,15.72,60.5,25.1,1855.0,9.0,56.4,3.2,37.0,3.55,3.8,33.55,9.8,9.8,14.3,11.2,20.4,21.8,20.4,20.383333333333333,16.236666666666668,60.26666666666667,3.4250000000000003,3.775,33.84166666666667,9.591666666666667,9.633333333333333,17.933333333333334,11.766666666666666,19.333333333333332,24.933333333333334,22.516666666666666
357,2026-05-22,79.4,79.62,19.9,15.79,60.35,25.0,1855.0,9.0,56.3,3.2,38.0,3.45,3.9,33.4,9.85,9.75,17.3,8.4,20.3,22.3,21.3,20.283333333333335,16.148333333333333,60.300000000000004,3.4166666666666665,3.8250000000000006,33.891666666666666,9.558333333333334,9.608333333333334,18.116666666666667,10.65,19.116666666666667,25.233333333333334,22.78333333333333
358,2026-05-23,79.4,79.6,20.4,16.19,60.05,25.0,1855.0,9.0,55.4,3.2,39.0,3.25,3.85,34.95,8.85,9.15,20.0,8.7,17.7,28.9,25.2,20.116666666666667,16.013333333333335,60.416666666666664,3.375,3.875,34.25833333333333,9.391666666666667,9.516666666666667,18.76666666666667,9.433333333333334,18.349999999999998,26.366666666666664,23.416666666666668
359,2026-05-24,79.7,79.58,20.5,16.34,60.2,25.1,1859.0,9.0,57.2,3.2,40.0,3.7,3.95,33.1,9.9,9.55,11.2,7.7,22.1,20.5,22.7,20.316666666666666,16.168333333333333,60.24166666666667,3.4,3.891666666666667,34.13333333333333,9.366666666666665,9.450000000000001,18.05,8.916666666666666,18.683333333333334,26.316666666666663,23.966666666666665
360,2026-05-25,80.2,79.63,16.6,13.3,63.55,25.3,1864.0,8.0,57.3,3.3,36.0,3.3,4.0,38.2,8.1,9.95,21.3,7.7,8.8,40.3,18.2,19.75,15.725,60.724999999999994,3.358333333333333,3.9250000000000007,34.916666666666664,9.066666666666666,9.458333333333334,19.066666666666666,8.333333333333334,16.666666666666668,29.416666666666668,23.633333333333336
361,2026-05-26,80.2,79.71,23.0,18.45,58.7,25.3,1864.0,10.0,57.1,3.1,48.0,3.7,4.1,32.05,9.8,9.05,11.0,5.2,25.2,21.4,27.2,20.214285714285715,16.114285714285714,60.435714285714276,3.4071428571428575,3.95,34.50714285714286,9.171428571428573,9.4,17.914285714285715,7.885714285714285,17.885714285714286,28.271428571428572,24.142857142857142
362,2026-05-27,80.0,79.73,20.6,16.47,60.3,25.2,1861.0,9.0,56.5,3.2,40.0,3.6,3.9,33.2,10.0,9.6,13.5,9.5,22.0,20.9,21.9,20.11428571428571,16.037142857142857,60.521428571428565,3.507142857142857,3.9285714285714284,34.06428571428571,9.471428571428572,9.549999999999999,15.514285714285716,8.342857142857143,19.5,25.15714285714285,22.414285714285715
363,2026-05-28,79.4,79.72,20.9,16.58,59.65,25.0,1855.0,9.5,57.0,3.1,41.0,3.55,4.05,32.9,9.9,9.25,14.7,4.4,22.1,21.2,24.3,20.271428571428572,16.16,60.39999999999999,3.507142857142857,3.9642857142857144,33.97142857142857,9.485714285714286,9.471428571428573,15.571428571428571,7.371428571428572,19.74285714285714,25.071428571428573,22.971428571428568
364,2026-05-29,79.6,79.75,21.0,16.71,59.75,25.1,1857.0,9.5,55.5,3.1,41.0,3.4,3.6,33.0,10.0,9.75,17.8,15.1,21.8,21.2,21.2,20.428571428571427,16.291428571428572,60.314285714285724,3.5,3.9214285714285717,33.91428571428572,9.507142857142856,9.471428571428573,15.642857142857142,8.328571428571427,19.957142857142856,24.91428571428571,22.95714285714286
365,2026-05-30,79.4,79.76,20.9,16.59,59.7,25.1,1855.0,9.5,55.5,3.1,41.0,3.4,3.65,33.25,9.8,9.6,17.9,14.5,21.2,22.0,21.8,20.5,16.34857142857143,60.26428571428572,3.521428571428572,3.892857142857143,33.67142857142857,9.642857142857142,9.535714285714286,15.342857142857142,9.157142857142857,20.45714285714286,23.928571428571427,22.471428571428568
366,2026-05-31,79.7,79.76,19.6,15.62,60.85,25.1,1859.0,9.0,57.5,3.2,37.0,3.65,3.85,33.75,9.85,9.75,11.7,9.7,20.7,21.4,20.4,20.37142857142857,16.245714285714286,60.357142857142854,3.5142857142857147,3.878571428571429,33.76428571428571,9.635714285714286,9.564285714285715,15.414285714285713,9.442857142857141,20.25714285714286,24.057142857142857,22.142857142857142
367,2026-06-01,80.2,79.76,20.2,16.19,60.75,25.3,1864.0,9.0,57.9,3.2,39.0,3.5,4.1,33.15,10.3,9.7,17.1,4.8,22.4,18.9,20.7,20.885714285714283,16.658571428571427,59.957142857142856,3.542857142857143,3.892857142857143,33.04285714285714,9.950000000000001,9.528571428571428,14.814285714285713,9.028571428571428,22.199999999999996,21.0,22.5
368,2026-06-02,,79.68,,,,0.0,,0.0,0.0,0.0,0.0,,,,,,,,,,,20.53333333333333,16.36,60.166666666666664,3.516666666666667,3.858333333333333,33.208333333333336,9.975000000000001,9.608333333333334,15.449999999999998,9.666666666666666,21.7,20.933333333333334,21.716666666666665
369,2026-06-03,,79.63,,,,0.0,,0.0,0.0,0.0,0.0,,,,,,,,,,,20.519999999999996,16.338,60.14,3.5,3.85,33.21,9.970000000000002,9.610000000000001,15.839999999999998,9.7,21.639999999999997,20.94,21.68
370,2026-06-04,79.8,79.72,20.6,16.44,60.2,25.2,1860.0,9.0,57.2,3.2,40.0,3.5,3.8,33.35,9.85,9.7,15.8,10.7,22.0,21.1,20.7,20.46,16.310000000000002,60.25,3.4899999999999998,3.8,33.3,9.959999999999999,9.7,16.060000000000002,10.959999999999999,21.62,20.919999999999998,20.96
371,2026-06-05,79.2,79.66,21.8,17.28,58.9,25.0,1854.0,9.5,56.3,3.1,44.0,3.5,3.75,32.8,9.7,9.15,15.0,11.0,22.6,21.9,25.1,20.62,16.424,60.08,3.5100000000000002,3.8299999999999996,33.260000000000005,9.9,9.58,15.5,10.14,21.779999999999998,21.060000000000002,21.740000000000002
372,2026-06-06,79.7,79.72,20.2,16.1,60.5,25.2,1859.0,9.0,56.4,3.2,38.0,3.45,3.75,33.25,10.05,10.0,17.3,12.4,21.5,20.4,19.0,20.48,16.326,60.24000000000001,3.5200000000000005,3.85,33.260000000000005,9.95,9.66,15.38,9.72,21.839999999999996,20.740000000000002,21.18
373,2026-06-07,79.8,79.74,19.2,15.32,61.25,25.2,1860.0,9.0,56.9,3.2,36.0,3.65,3.75,34.15,9.8,9.9,12.3,12.0,19.8,21.9,19.5,20.4,16.266000000000002,60.32000000000001,3.5200000000000005,3.8299999999999996,33.339999999999996,9.940000000000001,9.69,15.5,10.180000000000001,21.660000000000004,20.839999999999996,21.0
374,2026-06-08,80.0,79.7,20.5,16.39,60.4,25.2,1861.0,9.0,56.1,3.2,39.0,3.45,3.9,33.5,9.85,9.7,17.1,9.1,21.0,22.6,21.5,20.46,16.306000000000004,60.25,3.5100000000000002,3.79,33.410000000000004,9.85,9.690000000000001,15.5,11.040000000000001,21.380000000000003,21.58,21.16
375,2026-06-09,79.6,79.68,19.6,15.59,60.8,25.1,1857.0,9.0,55.9,3.2,37.0,3.5,3.6,33.95,9.75,10.0,14.7,15.2,19.9,22.2,19.1,20.316666666666666,16.186666666666667,60.34166666666667,3.5083333333333333,3.7583333333333333,33.5,9.833333333333334,9.741666666666667,15.366666666666667,11.733333333333334,21.133333333333333,21.683333333333334,20.816666666666666
376,2026-06-10,78.9,79.56,20.2,15.94,59.85,24.9,1850.0,9.0,55.8,3.1,39.0,3.55,3.8,32.9,9.95,9.65,13.5,10.5,21.4,20.8,21.3,20.3,16.151428571428575,60.271428571428565,3.5142857142857147,3.7642857142857147,33.41428571428572,9.85,9.728571428571428,15.1,11.557142857142859,21.17142857142857,21.557142857142853,20.885714285714283
377,2026-06-11,79.2,79.49,20.2,16.01,60.1,25.0,1854.0,9.0,55.9,3.2,39.0,3.5,3.85,33.95,9.4,9.4,14.2,8.7,19.8,24.5,23.2,20.242857142857144,16.09,60.25714285714286,3.5142857142857147,3.7714285714285714,33.5,9.785714285714286,9.685714285714285,14.871428571428572,11.27142857142857,20.857142857142858,22.042857142857144,21.242857142857144
378,2026-06-12,79.4,79.51,19.7,15.65,60.65,25.1,1856.0,9.0,56.2,3.2,37.0,3.45,3.7,34.0,9.6,9.9,16.4,13.7,19.8,22.7,19.2,19.942857142857143,15.857142857142858,60.50714285714285,3.507142857142857,3.764285714285714,33.67142857142857,9.771428571428572,9.792857142857143,15.071428571428571,11.657142857142857,20.457142857142856,22.157142857142855,20.400000000000002
379,2026-06-13,79.6,79.49,20.0,15.91,60.45,25.1,1857.0,9.0,56.3,3.2,38.0,3.5,4.1,33.0,10.1,9.75,16.2,4.9,21.7,20.3,20.6,19.914285714285715,15.83,60.5,3.5142857142857147,3.814285714285714,33.635714285714286,9.778571428571428,9.757142857142856,14.914285714285713,10.585714285714287,20.485714285714288,22.142857142857142,20.62857142857143
380,2026-06-14,80.4,79.57,20.3,16.31,60.85,25.4,1866.0,9.0,57.3,3.2,39.0,3.5,4.25,33.2,10.3,9.6,16.3,2.4,22.5,18.6,22.5,20.071428571428573,15.971428571428572,60.442857142857136,3.492857142857143,3.8857142857142857,33.50000000000001,9.85,9.714285714285714,15.485714285714284,9.214285714285714,20.87142857142857,21.671428571428574,21.057142857142857
381,2026-06-15,80.3,79.62,20.2,16.22,60.9,25.3,1865.0,9.0,56.9,3.2,38.0,3.7,3.8,34.05,9.75,9.6,11.0,12.0,20.7,22.3,22.0,20.02857142857143,15.947142857142856,60.51428571428572,3.5285714285714285,3.8714285714285714,33.57857142857143,9.835714285714287,9.700000000000001,14.614285714285714,9.62857142857143,20.828571428571426,21.62857142857143,21.12857142857143
382,2026-06-16,79.8,79.66,20.0,15.97,60.7,25.2,1860.0,9.0,56.1,3.2,38.0,3.55,3.95,33.45,9.95,9.8,14.5,7.8,20.8,21.9,21.1,20.085714285714285,16.00142857142857,60.5,3.5357142857142856,3.9214285714285713,33.50714285714286,9.864285714285714,9.671428571428573,14.585714285714285,8.571428571428571,20.957142857142856,21.585714285714285,21.414285714285715
383,2026-06-17,79.9,79.81,20.6,16.46,60.3,25.2,1861.0,9.0,55.5,3.2,40.0,3.55,3.65,33.25,10.05,9.8,15.5,14.8,21.5,20.9,21.0,20.142857142857142,16.075714285714287,60.564285714285724,3.5357142857142856,3.8999999999999995,33.55714285714286,9.87857142857143,9.692857142857141,14.87142857142857,9.185714285714285,20.971428571428568,21.6,21.37142857142857
384,2026-06-18,80.2,79.94,19.9,15.96,61.1,25.3,1864.0,9.0,55.9,3.2,37.0,3.5,3.7,34.0,9.9,10.0,16.4,13.8,20.3,22.2,19.4,20.099999999999998,16.068571428571428,60.707142857142856,3.5357142857142856,3.878571428571429,33.56428571428572,9.950000000000001,9.778571428571428,15.185714285714285,9.914285714285715,21.042857142857144,21.271428571428572,20.82857142857143
385,2026-06-19,80.0,80.02,20.1,16.08,60.75,25.2,1862.0,9.0,56.4,3.2,38.0,3.45,3.85,33.35,10.0,10.1,17.0,10.5,21.8,20.9,17.8,20.157142857142855,16.13,60.721428571428575,3.5357142857142856,3.9,33.471428571428575,10.007142857142856,9.807142857142855,15.271428571428572,9.457142857142857,21.32857142857143,21.014285714285712,20.62857142857143
386,2026-06-20,80.0,80.09,20.1,16.08,60.75,25.2,1862.0,9.0,56.5,3.2,38.0,3.5,3.75,33.4,10.1,10.0,15.9,13.1,21.5,20.2,18.9,20.17142857142857,16.154285714285713,60.76428571428572,3.5357142857142856,3.85,33.52857142857143,10.007142857142856,9.842857142857142,15.228571428571428,10.62857142857143,21.3,21.0,20.385714285714283
387,2026-06-21,80.5,80.11,19.3,15.54,61.75,25.4,1868.0,9.0,58.3,3.2,36.0,3.55,3.95,33.8,10.2,10.25,15.5,8.8,21.6,19.0,16.9,20.028571428571432,16.044285714285714,60.892857142857146,3.542857142857143,3.807142857142857,33.614285714285714,9.992857142857144,9.935714285714285,15.114285714285714,11.542857142857143,21.17142857142857,21.057142857142857,19.585714285714285
388,2026-06-22,79.8,80.04,19.2,15.32,61.25,25.2,1860.0,9.0,57.8,3.2,36.0,3.5,3.95,33.7,10.1,10.0,16.0,8.4,20.7,19.7,18.8,19.885714285714283,15.915714285714285,60.94285714285714,3.5142857142857147,3.8285714285714287,33.56428571428572,10.042857142857143,9.992857142857144,15.828571428571431,11.028571428571428,21.171428571428574,20.685714285714283,19.12857142857143
389,2026-06-23,79.9,80.04,19.4,15.5,61.25,25.2,1861.0,9.0,57.9,3.2,36.0,3.5,4.0,33.6,10.2,9.95,15.4,7.4,21.3,18.4,19.1,19.8,15.848571428571429,61.021428571428565,3.507142857142857,3.835714285714286,33.58571428571428,10.078571428571427,10.014285714285716,15.957142857142857,10.971428571428572,21.24285714285714,20.185714285714287,18.842857142857145
390,2026-06-24,80.2,80.09,19.9,15.96,61.05,25.3,1864.0,9.0,57.0,3.2,38.0,3.55,3.8,33.45,10.15,10.1,15.3,12.5,21.5,19.9,18.6,19.7,15.777142857142858,61.12857142857143,3.5071428571428567,3.857142857142857,33.614285714285714,10.092857142857143,10.057142857142859,15.928571428571429,10.642857142857142,21.24285714285714,20.04285714285714,18.5
391,2026-06-25,80.0,80.06,18.9,15.13,61.7,25.3,1863.0,8.5,57.1,3.2,36.0,3.55,4.0,34.25,9.9,10.0,15.4,7.7,19.4,22.3,19.0,19.557142857142857,15.65857142857143,61.214285714285715,3.514285714285714,3.8999999999999995,33.65,10.092857142857142,10.057142857142859,15.785714285714286,9.771428571428572,21.11428571428571,20.057142857142857,18.442857142857143
392,2026-06-26,79.6,80.01,18.8,14.97,61.5,25.1,1858.0,8.5,57.8,3.2,36.0,3.6,3.9,33.8,10.1,10.1,13.7,8.9,20.2,19.8,18.1,19.37142857142857,15.5,61.32142857142857,3.5357142857142856,3.9071428571428575,33.714285714285715,10.107142857142858,10.057142857142855,15.314285714285715,9.542857142857143,20.885714285714283,19.900000000000002,18.485714285714288
393,2026-06-27,,80.02,,,,0.0,,0.0,0.0,0.0,0.0,,,,,,,,,,,19.249999999999996,15.403333333333334,61.416666666666664,3.5416666666666665,3.9333333333333336,33.766666666666666,10.108333333333334,10.066666666666665,15.216666666666669,8.95,20.78333333333333,19.85,18.416666666666668
394,2026-06-28,,79.92,,,,0.0,,0.0,0.0,0.0,0.0,,,,,,,,,,,19.24,15.376,61.35,3.54,3.9299999999999997,33.760000000000005,10.09,10.029999999999998,15.160000000000002,8.98,20.619999999999997,20.020000000000003,18.720000000000002
395,2026-06-29,80.7,80.1,19.6,15.82,61.65,25.5,1870.0,9.0,58.1,3.2,37.0,3.65,3.95,33.85,10.1,10.1,13.2,8.8,22.0,19.5,17.5,19.32,15.475999999999999,61.42999999999999,3.5700000000000003,3.9299999999999997,33.79,10.09,10.05,14.6,9.06,20.88,19.979999999999997,18.46
396,2026-06-30,81.1,80.34,20.5,16.63,61.3,25.6,1874.0,9.5,57.2,3.2,39.0,3.45,3.75,34.4,9.65,10.05,17.0,13.3,21.7,22.6,17.7,19.54,15.702000000000002,61.44,3.56,3.88,33.95,9.98,10.07,14.919999999999998,10.24,20.96,20.82,18.18
397,2026-07-01,81.4,80.57,20.9,17.0,61.15,25.7,1877.0,9.5,56.6,3.2,41.0,3.5,3.8,34.1,9.8,9.95,17.3,13.0,22.0,22.7,19.4,19.740000000000002,15.91,61.46,3.55,3.88,34.08,9.91,10.040000000000001,15.319999999999999,10.34,21.06,21.38,18.34
398,2026-07-02,80.4,80.63,20.7,16.63,60.55,25.4,1866.0,9.5,56.2,3.2,40.0,3.45,3.9,34.0,9.65,9.55,17.7,9.6,20.8,23.5,22.5,20.1,16.21,61.23,3.5300000000000002,3.8600000000000003,34.029999999999994,9.860000000000001,9.95,15.780000000000001,10.72,21.34,21.619999999999997,19.04
399,2026-07-03,80.0,80.69,19.6,15.67,61.05,25.2,1861.0,9.0,56.5,3.2,37.0,3.45,3.8,33.75,10.0,10.05,16.9,11.5,20.8,20.7,18.5,20.259999999999998,16.35,61.14,3.5,3.84,34.019999999999996,9.84,9.940000000000001,16.419999999999998,11.24,21.46,21.8,19.119999999999997
400,2026-07-04,79.6,80.51,19.0,15.12,61.25,25.1,1858.0,8.5,56.2,3.2,36.0,3.45,3.85,34.15,9.95,9.85,15.9,10.5,19.5,20.1,20.2,20.05,16.145,61.15833333333333,3.4916666666666667,3.841666666666667,34.041666666666664,9.858333333333334,9.924999999999999,16.333333333333332,11.116666666666667,21.133333333333333,21.516666666666666,19.3
401,2026-07-05,79.9,80.42,19.4,15.5,61.2,25.2,1861.0,9.0,56.9,3.2,36.0,3.6,3.85,33.7,10.15,9.9,13.5,10.4,20.9,19.2,19.9,19.957142857142856,16.052857142857142,61.16428571428571,3.507142857142857,3.8428571428571425,33.99285714285714,9.9,9.921428571428573,15.928571428571429,11.014285714285716,21.099999999999998,21.185714285714287,19.385714285714283
402,2026-07-06,80.6,80.41,20.1,16.21,61.25,25.5,1869.0,9.0,56.6,3.2,38.0,3.5,4.0,34.2,9.7,9.85,16.2,8.3,21.0,22.9,19.8,20.02857142857143,16.108571428571427,61.107142857142854,3.485714285714286,3.85,34.042857142857144,9.842857142857143,9.885714285714286,16.357142857142858,10.942857142857145,20.957142857142856,21.67142857142857,19.714285714285715
403,2026-07-07,,80.3,,,,0.0,,0.0,0.0,0.0,0.0,,,,,,,,,,,19.95,16.021666666666665,61.074999999999996,3.491666666666667,3.8666666666666667,33.983333333333334,9.875000000000002,9.858333333333333,16.25,10.549999999999999,20.833333333333332,21.516666666666666,20.05
404,2026-07-08,79.9,80.06,19.8,15.82,60.95,25.2,1861.0,9.0,55.2,3.2,37.0,3.4,3.75,35.05,9.3,9.45,17.0,12.5,17.9,25.6,23.5,19.766666666666666,15.825000000000001,61.041666666666664,3.475,3.858333333333333,34.14166666666667,9.791666666666666,9.775,16.2,10.466666666666667,20.15,22.0,20.733333333333334
405,2026-07-09,80.0,79.99,19.3,15.43,61.3,25.2,1861.0,9.0,55.8,3.2,36.0,3.4,3.85,35.3,9.25,9.5,17.2,9.5,17.8,25.9,22.1,19.533333333333335,15.625,61.166666666666664,3.4666666666666663,3.85,34.358333333333334,9.725,9.766666666666667,16.116666666666667,10.450000000000001,19.650000000000002,22.400000000000002,20.666666666666668
406,2026-07-10,80.2,80.04,19.7,15.81,61.25,25.3,1865.0,9.0,56.5,3.2,37.0,3.55,3.9,34.05,9.85,9.9,14.8,9.3,20.5,22.0,19.6,19.55,15.648333333333333,61.199999999999996,3.483333333333333,3.8666666666666667,34.40833333333333,9.700000000000001,9.741666666666665,15.766666666666666,10.083333333333334,19.599999999999998,22.616666666666664,20.849999999999998
407,2026-07-11,79.8,80.08,20.3,16.2,60.5,25.2,1860.0,9.0,56.0,3.2,39.0,3.5,3.65,33.3,10.1,9.95,15.8,15.0,22.0,19.0,18.7,19.766666666666666,15.828333333333333,61.074999999999996,3.4916666666666667,3.8333333333333335,34.266666666666666,9.725,9.758333333333333,15.75,10.833333333333334,20.016666666666666,22.433333333333334,20.599999999999998
408,2026-07-12,80.0,80.08,19.9,15.91,60.9,25.2,1861.0,9.0,56.3,3.2,37.0,3.6,3.75,34.05,9.7,9.8,13.9,12.1,20.4,22.4,20.1,19.849999999999998,15.896666666666667,61.025000000000006,3.4916666666666667,3.816666666666667,34.324999999999996,9.65,9.741666666666665,15.816666666666665,11.116666666666667,19.933333333333334,22.96666666666667,20.633333333333336
409,2026-07-13,80.7,80.09,19.4,15.66,61.85,25.5,1870.0,9.0,57.5,3.2,36.0,3.7,3.85,34.05,10.05,10.2,12.4,11.2,21.2,20.3,17.2,19.733333333333334,15.804999999999998,61.125,3.525,3.7916666666666665,34.3,9.708333333333334,9.799999999999999,15.183333333333332,11.6,19.966666666666665,22.53333333333333,20.2
410,2026-07-14,81.0,80.22,21.6,17.5,60.35,25.6,1873.0,9.5,57.9,3.2,43.0,3.7,3.85,32.5,10.55,9.75,12.7,11.8,25.3,15.5,21.4,20.0,16.047142857142855,61.01428571428572,3.55,3.8000000000000003,34.04285714285714,9.828571428571427,9.792857142857143,14.828571428571427,11.62857142857143,20.728571428571428,21.52857142857143,20.37142857142857
411,2026-07-15,80.8,80.34,19.1,15.42,62.1,25.5,1870.0,9.0,57.5,3.2,36.0,3.6,4.0,34.7,9.85,9.95,13.7,7.9,20.2,21.8,18.5,19.900000000000002,15.989999999999998,61.17857142857143,3.5785714285714287,3.835714285714286,33.99285714285714,9.907142857142857,9.864285714285714,14.357142857142858,10.971428571428572,21.057142857142857,20.985714285714288,19.657142857142855
412,2026-07-16,81.0,80.49,20.5,16.59,61.2,25.5,1873.0,9.5,57.1,3.2,39.0,3.65,3.8,33.7,10.05,10.0,13.6,12.7,22.5,20.2,18.9,20.071428571428573,16.155714285714286,61.16428571428572,3.614285714285714,3.8285714285714287,33.76428571428571,10.021428571428572,9.935714285714285,13.842857142857143,11.428571428571429,21.728571428571428,20.17142857142857,19.2
413,2026-07-17,81.0,80.59,22.2,17.98,59.85,25.6,1873.0,10.0,56.9,3.1,45.0,3.6,3.85,33.4,9.65,9.35,14.7,11.2,23.0,23.1,25.1,20.428571428571427,16.465714285714288,60.964285714285715,3.6214285714285714,3.8214285714285716,33.67142857142857,9.992857142857144,9.857142857142858,13.828571428571427,11.700000000000001,22.085714285714285,20.32857142857143,19.985714285714288
414,2026-07-18,81.0,80.76,19.6,15.87,61.8,25.5,1873.0,9.0,57.1,3.2,37.0,3.4,3.9,35.75,9.5,9.25,18.1,10.6,17.5,24.1,26.4,20.328571428571426,16.41857142857143,61.15,3.607142857142857,3.857142857142857,34.02142857142857,9.907142857142858,9.757142857142856,14.157142857142857,11.071428571428571,21.442857142857143,21.057142857142857,21.085714285714285
415,2026-07-19,80.6,80.86,21.8,17.58,59.95,25.4,1869.0,9.5,55.6,3.1,43.0,3.25,3.7,35.65,8.5,8.85,22.7,14.6,15.5,34.9,31.0,20.599999999999998,16.657142857142855,61.01428571428572,3.557142857142857,3.85,34.25,9.735714285714286,9.62142857142857,15.414285714285715,11.428571428571429,20.74285714285714,22.842857142857145,22.642857142857142
416,2026-07-20,81.3,80.94,20.0,16.26,61.8,25.7,1877.0,9.0,57.1,3.2,38.0,3.65,4.1,33.5,10.35,10.2,14.5,6.8,22.7,19.4,18.1,20.685714285714287,16.742857142857144,61.00714285714286,3.5500000000000003,3.885714285714286,34.17142857142857,9.778571428571428,9.62142857142857,15.714285714285714,10.8,20.957142857142856,22.714285714285715,22.771428571428572
417,2026-07-21,81.0,80.94,18.4,14.89,62.75,25.5,1873.0,8.5,56.2,3.3,36.0,3.35,3.85,37.2,8.85,9.5,19.9,11.4,13.8,31.2,23.2,20.228571428571428,16.369999999999997,61.35,3.5,3.8857142857142857,34.84285714285714,9.535714285714286,9.585714285714285,16.74285714285714,10.742857142857144,19.314285714285713,24.957142857142856,23.02857142857143
418,2026-07-22,80.8,80.95,17.6,14.23,63.3,25.5,1872.0,8.5,58.8,3.3,36.0,3.95,4.15,34.95,10.0,10.25,6.9,5.3,19.0,20.9,17.5,20.014285714285716,16.2,61.521428571428565,3.5500000000000003,3.9071428571428575,34.878571428571426,9.557142857142859,9.62857142857143,15.771428571428572,10.37142857142857,19.142857142857142,24.82857142857143,22.885714285714283
419,2026-07-23,81.0,80.96,21.8,17.67,60.25,25.6,1874.0,9.5,57.4,3.2,43.0,3.7,4.05,32.4,10.35,9.75,13.1,6.6,25.5,17.8,20.9,20.2,16.354285714285716,61.385714285714286,3.5571428571428574,3.9428571428571426,34.69285714285714,9.6,9.592857142857143,15.7,9.5,19.571428571428573,24.485714285714284,23.17142857142857
420,2026-07-24,80.9,80.95,21.9,17.72,60.0,25.5,1872.0,10.0,56.1,3.1,44.0,3.6,3.7,34.0,9.45,9.25,14.4,13.9,21.6,24.7,25.7,20.157142857142855,16.31714285714286,61.40714285714286,3.557142857142857,3.9214285714285717,34.778571428571425,9.571428571428571,9.578571428571427,15.657142857142857,9.885714285714284,19.37142857142857,24.714285714285715,23.25714285714286
421,2026-07-25,,80.95,,,,0.0,,0.0,0.0,0.0,0.0,,,,,,,,,,,20.249999999999996,16.39166666666667,61.34166666666667,3.5833333333333335,3.9250000000000003,34.61666666666667,9.583333333333334,9.633333333333333,15.25,9.766666666666666,19.683333333333334,24.816666666666666,22.733333333333334
422,2026-07-26,,81.01,,,,0.0,,0.0,0.0,0.0,0.0,,,,,,,,,,,19.939999999999998,16.154000000000003,61.620000000000005,3.65,3.97,34.410000000000004,9.8,9.790000000000001,13.76,8.799999999999999,20.52,22.8,21.080000000000002
423,2026-07-27,,80.94,,,,0.0,,0.0,0.0,0.0,0.0,,,,,,,,,,,19.924999999999997,16.1275,61.575,3.6499999999999995,3.9375000000000004,34.6375,9.6625,9.6875,13.575,9.299999999999999,19.975,23.65,21.825000000000003
424,2026-07-28,,80.93,,,,0.0,,0.0,0.0,0.0,0.0,,,,,,,,,,,20.43333333333333,16.540000000000003,61.18333333333334,3.7499999999999996,3.9666666666666672,33.78333333333333,9.933333333333332,9.75,11.466666666666669,8.599999999999998,22.03333333333333,21.133333333333336,21.36666666666667
425,2026-07-29,,80.97,,,,0.0,,0.0,0.0,0.0,0.0,,,,,,,,,,,21.849999999999994,17.695,60.125,3.6499999999999995,3.875000000000001,33.199999999999996,9.899999999999999,9.5,13.75,10.249999999999996,23.549999999999997,21.25,23.300000000000004
426,2026-07-30,,80.9,,,,0.0,,0.0,0.0,0.0,0.0,,,,,,,,,,,21.9,17.72,60.0,3.6,3.7,34.0,9.45,9.25,14.4,13.9,21.6,24.7,25.7
427,2026-07-31,,,,,,0.0,,0.0,0.0,0.0,0.0,,,,,,,,,,,,,,,,,,,,,,,
428,2026-08-01,,,,,,0.0,,0.0,0.0,0.0,0.0,,,,,,,,,,,,,,,,,,,,,,,
429,2026-08-02,,,,,,0.0,,0.0,0.0,0.0,0.0,,,,,,,,,,,,,,,,,,,,,,,
430,2026-08-03,,,,,,0.0,,0.0,0.0,0.0,0.0,,,,,,,,,,,,,,,,,,,,,,,
431,2026-08-04,,,,,,0.0,,0.0,0.0,0.0,0.0,,,,,,,,,,,,,,,,,,,,,,,
432,2026-08-05,,,,,,0.0,,0.0,0.0,0.0,0.0,,,,,,,,,,,,,,,,,,,,,,,
433,2026-08-06,,,,,,0.0,,0.0,0.0,0.0,0.0,,,,,,,,,,,,,,,,,,,,,,,
434,2026-08-07,,,,,,0.0,,0.0,0.0,0.0,0.0,,,,,,,,,,,,,,,,,,,,,,,
435,2026-08-08,,,,,,0.0,,0.0,0.0,0.0,0.0,,,,,,,,,,,,,,,,,,,,,,,
436,2026-08-09,,,,,,0.0,,0.0,0.0,0.0,0.0,,,,,,,,,,,,,,,,,,,,,,,
437,2026-08-10,,,,,,0.0,,0.0,0.0,0.0,0.0,,,,,,,,,,,,,,,,,,,,,,,
438,2026-08-11,,,,,,0.0,,0.0,0.0,0.0,0.0,,,,,,,,,,,,,,,,,,,,,,,
439,2026-08-12,,,,,,0.0,,0.0,0.0,0.0,0.0,,,,,,,,,,,,,,,,,,,,,,,
440,2026-08-13,,,,,,0.0,,0.0,0.0,0.0,0.0,,,,,,,,,,,,,,,,,,,,,,,
441,2026-08-14,81.8,81.75,20.7,16.92,61.6,25.8,1882.0,9.5,56.6,3.2,40.0,3.55,3.95,33.5,10.45,10.15,16.6,10.8,23.4,18.0,19.2,20.7,16.92,61.6,3.55,3.95,33.5,10.45,10.15,16.6,10.8,23.4,18.0,19.2
442,2026-08-15,81.6,81.65,19.4,15.82,62.45,25.7,1879.0,9.0,55.8,3.3,36.0,3.65,3.8,34.9,9.9,10.2,14.0,13.9,19.6,22.7,19.0,20.049999999999997,16.37,62.025000000000006,3.5999999999999996,3.875,34.2,10.175,10.175,15.3,12.350000000000001,21.5,20.35,19.1
443,2026-08-16,81.8,81.72,21.1,17.27,61.4,25.8,1883.0,9.5,56.2,3.2,41.0,3.6,3.9,34.0,9.95,9.95,15.9,11.2,22.3,22.2,20.8,20.400000000000002,16.67,61.81666666666666,3.6,3.8833333333333333,34.13333333333333,10.1,10.1,15.5,11.966666666666667,21.766666666666666,20.966666666666665,19.666666666666668
444,2026-08-17,82.0,81.78,21.0,17.21,61.5,25.9,1884.0,9.5,56.4,3.2,41.0,3.7,3.95,33.7,10.3,9.85,14.5,10.7,22.6,20.9,21.5,20.55,16.805,61.7375,3.625,3.9,34.025,10.15,10.0375,15.25,11.65,21.975,20.95,20.125
445,2026-08-18,81.4,81.69,21.4,17.41,60.75,25.7,1877.0,9.5,55.1,3.2,42.0,3.55,3.8,33.2,10.0,10.2,16.0,13.9,23.3,21.9,19.0,20.72,16.926,61.54,3.6100000000000003,3.88,33.86,10.120000000000001,10.069999999999999,15.4,12.1,22.240000000000002,21.139999999999997,19.9
446,2026-08-19,81.2,81.61,21.3,17.3,60.7,25.6,1875.0,9.5,56.0,3.2,42.0,3.6,3.95,33.1,10.15,9.9,15.3,9.7,23.3,20.7,21.3,20.816666666666666,16.988333333333333,61.4,3.608333333333333,3.891666666666667,33.733333333333334,10.125,10.041666666666666,15.383333333333333,11.700000000000001,22.416666666666668,21.066666666666666,20.133333333333333
447,2026-08-20,81.4,81.57,21.6,17.57,60.6,25.7,1877.0,9.5,54.5,3.2,43.0,3.5,3.65,33.3,10.1,10.05,17.8,17.1,22.7,21.6,20.8,20.928571428571427,17.071428571428573,61.285714285714285,3.5928571428571425,3.857142857142857,33.67142857142857,10.12142857142857,10.042857142857143,15.728571428571428,12.471428571428572,22.457142857142856,21.142857142857142,20.228571428571428
448,2026-08-21,81.4,81.51,20.5,16.68,61.5,25.7,1877.0,9.5,55.5,3.2,39.0,3.55,4.05,33.95,9.95,10.0,16.5,7.7,21.3,23.0,20.9,20.900000000000002,17.037142857142857,61.271428571428565,3.5928571428571425,3.8714285714285714,33.73571428571429,10.049999999999999,10.021428571428572,15.714285714285714,12.028571428571428,22.157142857142855,21.857142857142858,20.47142857142857
449,2026-08-22,81.2,81.46,19.8,16.08,61.85,25.6,1875.0,9.0,55.9,3.2,37.0,3.55,4.2,33.85,10.15,10.1,16.5,5.3,21.1,21.9,19.9,20.95714285714286,17.074285714285715,61.18571428571429,3.5785714285714287,3.9285714285714284,33.58571428571428,10.085714285714285,10.007142857142856,16.071428571428573,10.799999999999999,22.37142857142857,21.742857142857144,20.599999999999998
450,2026-08-23,80.7,81.3,19.8,15.98,61.5,25.5,1870.0,9.0,55.7,3.2,37.0,3.55,3.9,33.95,10.1,10.0,16.7,11.0,20.2,21.5,20.6,20.771428571428572,16.889999999999997,61.2,3.5714285714285716,3.9285714285714284,33.57857142857143,10.107142857142858,10.014285714285714,16.185714285714287,10.77142857142857,22.071428571428573,21.642857142857142,20.571428571428573
451,2026-08-24,81.5,81.24,20.2,16.46,61.85,25.7,1879.0,9.0,56.0,3.2,38.0,3.45,4.1,34.4,9.9,10.0,19.2,6.9,20.9,23.1,19.8,20.657142857142855,16.782857142857143,61.25,3.5357142857142856,3.9499999999999997,33.67857142857143,10.049999999999999,10.035714285714286,16.857142857142858,10.22857142857143,21.82857142857143,21.95714285714286,20.32857142857143
452,2026-08-25,82.0,81.32,20.7,16.96,61.75,25.9,1884.0,9.5,56.5,3.2,40.0,3.7,4.05,33.9,10.2,9.9,13.8,8.1,22.6,20.8,21.3,20.557142857142857,16.71857142857143,61.392857142857146,3.557142857142857,3.985714285714286,33.778571428571425,10.078571428571427,9.992857142857144,16.54285714285714,9.4,21.728571428571428,21.800000000000004,20.657142857142855
453,2026-08-26,81.0,81.29,19.7,15.96,61.8,25.6,1873.0,9.0,56.1,3.2,37.0,3.65,4.2,33.85,10.1,10.0,14.3,4.4,20.8,21.9,20.9,20.328571428571426,16.527142857142856,61.55,3.5642857142857145,4.021428571428571,33.885714285714286,10.071428571428571,10.007142857142856,16.400000000000002,8.642857142857142,21.37142857142857,21.971428571428568,20.599999999999998
454,2026-08-27,81.2,81.26,20.3,16.47,61.5,25.6,1875.0,9.0,56.4,3.2,39.0,3.65,3.8,33.85,9.9,10.3,13.6,13.4,21.6,23.2,17.5,20.142857142857142,16.37,61.67857142857143,3.585714285714286,4.042857142857143,33.964285714285715,10.042857142857143,10.042857142857143,15.799999999999999,8.114285714285716,21.214285714285715,22.2,20.128571428571426
455,2026-08-28,81.8,81.33,20.6,16.85,61.7,25.8,1882.0,9.5,55.9,3.2,40.0,3.7,3.9,33.95,10.0,10.15,14.5,11.7,21.3,23.4,20.4,20.157142857142855,16.39428571428571,61.707142857142856,3.607142857142857,4.021428571428571,33.964285714285715,10.049999999999999,10.064285714285715,15.514285714285714,8.685714285714285,21.214285714285715,22.257142857142856,20.057142857142857
456,2026-08-29,,81.35,,,,0.0,,0.0,0.0,0.0,0.0,,,,,,,,,,,20.216666666666665,16.446666666666665,61.68333333333333,3.6166666666666667,3.9916666666666667,33.983333333333334,10.033333333333331,10.058333333333334,15.35,9.25,21.23333333333333,22.316666666666663,20.083333333333332
457,2026-08-30,81.3,81.45,20.7,16.83,61.25,25.7,1877.0,9.5,55.6,3.2,40.0,3.7,3.75,33.6,10.1,10.1,13.7,14.9,21.8,22.0,19.9,20.366666666666667,16.588333333333335,61.64166666666666,3.641666666666666,3.966666666666667,33.925000000000004,10.033333333333333,10.075000000000001,14.850000000000001,9.9,21.5,22.400000000000002,19.966666666666665
458,2026-08-31,82.3,81.58,20.6,16.95,62.05,26.0,1888.0,9.5,56.4,3.2,40.0,3.4,4.35,33.6,10.55,10.15,21.4,3.3,22.8,19.6,20.1,20.433333333333334,16.669999999999998,61.675000000000004,3.6333333333333333,4.008333333333333,33.79166666666667,10.141666666666666,10.1,15.216666666666667,9.299999999999999,21.816666666666666,21.816666666666666,20.016666666666666
459,2026-09-01,82.6,81.68,21.0,17.34,62.0,26.1,1891.0,9.5,55.8,3.2,41.0,3.6,4.25,33.75,10.2,10.2,17.5,4.9,23.0,22.1,19.8,20.483333333333334,16.733333333333334,61.71666666666667,3.6166666666666667,4.041666666666667,33.76666666666667,10.141666666666667,10.15,15.833333333333334,8.766666666666667,21.883333333333336,22.03333333333333,19.766666666666666
