Only Date,Gewicht,Mahlzeit,Kalorien,Fett (g),Gesättigte Fettsäuren,Mehrfach ungesättigte Fettsäuren,Einfach ungesättigte Fettsäuren,Transfettsäuren,Cholesterin,Natrium (mg),Kalium,Kohlenhydrate (g),Ballaststoffe,Zucker,Eiweiß (g),Vitamin A,Vitamin C,Kalzium,Eisen,export_headers.note_x,Training,Typ,Kalorien aus Training,Minuten für dieses Training,Serien,Wdh. pro Serie,Kilogramm,Schritte,export_headers.note_y,Weight (kg),BMI,Body Fat (%),Visc Fat,Muscle Mass (kg),Muscle Quality,Bone Mass (kg),BMR (kcal),Metab Age,Body Water (%),Physique Rating,Muscle mass - right arm,Muscle mass - left arm,Muscle mass - right leg,Muscle mass - left leg,Muscle mass - trunk,Muscle quality - right arm,Muscle quality - left arm,Muscle quality - right leg,Muscle quality - left leg,Body fat (%) - right arm,Body fat (%) - left arm,Body fat (%) - right leg,Body fat (%) - left leg,Body fat (%) - trunk,Körperfettanteil kg,Muscle Mass (kg) 7 Tage,Körperfettanteil kg 7 Tage,Body Fat (%) 7 Tage,Weight (kg) 7 Tage,Fett % Soll,Weight (kg) 500kcal,Weight (kg) 300kcal,Kalorien aus Training Summe 30 Tage,Kalorien aus Essen Summe 30 Tage,Kalorien aus Training Summe 60 Tage,Kalorien aus Essen Summe 60 Tage,Kalorien Gewichtsänderung heute vs vor 30 Tage,Grundumsatz pro Tag errechnet 30 Tage,Kalorien Gewichtsänderung heute vs vor 60 Tage,Grundumsatz pro Tag errechnet 60 Tage,Alter,"Grundumsatz Mifflin-St.-Jeor mit Faktor 1,12"
2025-05-31,0.0,0.0,95.2,0.3,0.2,0.0,0.0,0.0,0.0,0.0,0.0,6.3,0.0,5.6,16.7,0.0,0.0,0.0,0.0,0.0,0.0,0.0,0.0,0.0,0.0,0.0,0.0,0.0,0.0,,0.0,,0.0,,0.0,0.0,,0.0,0.0,0.0,,,,,,0.0,0.0,0.0,0.0,,,,,,,,,,,32.0,98.0,98.0,,,,,,,,,50,
2025-06-01,,,,,,,,,,,,,,,,,,,,,,,,,,,,,,,,,,,,,,,,,,,,,,,,,,,,,,,,,,,,31.97,98.0,98.0,,,,,,,,,50,
2025-06-02,,,,,,,,,,,,,,,,,,,,,,,,,,,,,,,,,,,,,,,,,,,,,,,,,,,,,,,,,,,,31.93,98.0,98.0,,,,,,,,,50,
2025-06-03,,,,,,,,,,,,,,,,,,,,,,,,,,,,,,,,,,,,,,,,,,,,,,,,,,,,,,,,,,,,31.9,98.0,98.0,,,,,,,,,50,
2025-06-04,,,,,,,,,,,,,,,,,,,,,,,,,,,,,,,,,,,,,,,,,,,,,,,,,,,,,,,,,,,,31.87,98.0,98.0,,,,,,,,,50,
2025-06-05,,,,,,,,,,,,,,,,,,,,,,,,,,,,,,,,,,,,,,,,,,,,,,,,,,,,,,,,,,,,31.83,98.0,98.0,,,,,,,,,50,
2025-06-06,,,,,,,,,,,,,,,,,,,,,,,,,,,,,,,,,,,,,,,,,,,,,,,,,,,,,,,,,,,,31.8,98.0,98.0,,,,,,,,,50,
2025-06-07,,,,,,,,,,,,,,,,,,,,,,,,,,,,,,,,,,,,,,,,,,,,,,,,,,,,,,,,,,,,31.77,98.0,98.0,,,,,,,,,50,
2025-06-08,,,,,,,,,,,,,,,,,,,,,,,,,,,,,,,,,,,,,,,,,,,,,,,,,,,,,,,,,,,,31.73,98.0,98.0,,,,,,,,,50,
2025-06-09,0.0,0.0,360.0,14.6,6.3,0.0,0.0,0.0,0.0,0.0,0.0,47.9,2.0,27.9,9.0,0.0,0.0,0.0,0.0,0.0,0.0,0.0,0.0,0.0,0.0,0.0,0.0,0.0,0.0,,0.0,,0.0,,0.0,0.0,,0.0,0.0,0.0,,,,,,0.0,0.0,0.0,0.0,,,,,,,,,,,31.7,98.0,98.0,,,,,,,,,50,
2025-06-10,,,,,,,,,,,,,,,,,,,,,,,,,,,,,,,,,,,,,,,,,,,,,,,,,,,,,,,,,,,,31.67,98.0,98.0,,,,,,,,,50,
2025-06-11,,,,,,,,,,,,,,,,,,,,,,,,,,,,,,,,,,,,,,,,,,,,,,,,,,,,,,,,,,,,31.63,98.0,98.0,,,,,,,,,50,
2025-06-12,,,,,,,,,,,,,,,,,,,,,,,,,,,,,,,,,,,,,,,,,,,,,,,,,,,,,,,,,,,,31.6,98.0,98.0,,,,,,,,,50,
2025-06-13,,,,,,,,,,,,,,,,,,,,,,,,,,,,,,,,,,,,,,,,,,,,,,,,,,,,,,,,,,,,31.57,98.0,98.0,,,,,,,,,50,
2025-06-14,98.0,0.0,0.0,0.0,0.0,0.0,0.0,0.0,0.0,0.0,0.0,0.0,0.0,0.0,0.0,0.0,0.0,0.0,0.0,0.0,0.0,0.0,0.0,0.0,0.0,0.0,0.0,0.0,0.0,98.0,0.0,,0.0,,0.0,0.0,2069.0,0.0,0.0,0.0,,,,,,0.0,0.0,0.0,0.0,,,,,,,,,,98.0,31.53,98.0,98.0,,,,,,,,,50,2069.0
2025-06-15,,,,,,,,,,,,,,,,,,,,,,,,,,,,,,,,,,,,,,,,,,,,,,,,,,,,,,,,,,,98.0,31.5,97.93,97.96,,,,,,,,,50,
2025-06-16,,,,,,,,,,,,,,,,,,,,,,,,,,,,,,,,,,,,,,,,,,,,,,,,,,,,,,,,,,,98.0,31.47,97.86,97.91,,,,,,,,,50,
2025-06-17,,,,,,,,,,,,,,,,,,,,,,,,,,,,,,,,,,,,,,,,,,,,,,,,,,,,,,,,,,,98.0,31.43,97.79,97.87,,,,,,,,,50,
2025-06-18,,,,,,,,,,,,,,,,,,,,,,,,,,,,,,,,,,,,,,,,,,,,,,,,,,,,,,,,,,,98.0,31.4,97.71,97.83,,,,,,,,,50,
2025-06-19,,,,,,,,,,,,,,,,,,,,,,,,,,,,,,,,,,,,,,,,,,,,,,,,,,,,,,,,,,,98.0,31.37,97.64,97.79,,,,,,,,,50,
2025-06-20,,,,,,,,,,,,,,,,,,,,,,,,,,,,,,,,,,,,,,,,,,,,,,,,,,,,,,,,,,,98.0,31.33,97.57,97.74,,,,,,,,,50,
2025-06-21,97.6,0.0,1569.4,46.400000000000006,15.2,3.1,5.5,0.1,563.2,252.8,1190.3,170.5,14.0,68.3,117.7,204.1,295.2,16.8,52.1,0.0,0.0,0.0,0.0,0.0,0.0,0.0,0.0,0.0,0.0,97.6,0.0,,0.0,,0.0,0.0,2065.0,0.0,0.0,0.0,,,,,,0.0,0.0,0.0,0.0,,,,,,,,,,97.6,31.3,97.5,97.7,,,,,,,,,50,2065.0
2025-06-22,97.3,0.0,1848.6999999999998,77.4,15.3,3.2,18.0,0.0,273.5,42.099999999999994,1065.8,218.1,58.6,55.4,150.2,0.0,159.6,7.6,51.2,0.0,0.0,0.0,481.0,70.0,0.0,0.0,0.0,0.0,0.0,97.3,0.0,,0.0,,0.0,0.0,2061.0,0.0,0.0,0.0,,,,,,0.0,0.0,0.0,0.0,,,,,,,,,,97.45,31.27,97.43,97.66,,,,,,,,,50,2061.0
2025-06-23,96.9,0.0,1686.8,38.0,21.1,1.1,7.0,0.0,600.0,49.5,610.2,166.7,4.0,62.300000000000004,168.1,63.0,213.0,1.0,2.0,0.0,0.0,0.0,490.0,80.0,0.0,0.0,0.0,0.0,0.0,96.9,0.0,,0.0,,0.0,0.0,2057.0,0.0,0.0,0.0,,,,,,0.0,0.0,0.0,0.0,,,,,,,,,,97.27,31.23,97.36,97.61,,,,,,,,,50,2057.0
2025-06-24,97.2,0.0,1984.7,42.7,13.2,4.8,14.3,0.1,744.0,446.1,364.5,151.4,69.1,48.099999999999994,214.2,53.1,106.5,11.7,20.4,0.0,0.0,0.0,0.0,0.0,0.0,0.0,0.0,0.0,0.0,97.2,0.0,,0.0,,0.0,0.0,2060.0,0.0,0.0,0.0,,,,,,0.0,0.0,0.0,0.0,,,,,,,,,,97.25,31.2,97.29,97.57,,,,,,,,,50,2060.0
2025-06-25,96.9,0.0,1297.4,13.3,3.4,0.3,2.1,0.0,0.0,39.0,207.1,186.2,19.2,58.5,120.2,0.0,9.2,8.4,3.0,0.0,0.0,0.0,490.0,80.0,0.0,0.0,0.0,0.0,0.0,96.9,0.0,,0.0,,0.0,0.0,2057.0,0.0,0.0,0.0,,,,,,0.0,0.0,0.0,0.0,,,,,,,,,,97.18,31.17,97.21,97.53,,,,,,,,,50,2057.0
2025-06-26,97.1,0.0,1769.6,35.4,9.1,4.0,12.5,0.1,558.0,344.9,1370.6,261.0,43.800000000000004,68.3,135.2,47.7,160.8,37.5,25.6,0.0,0.0,0.0,0.0,0.0,0.0,0.0,0.0,0.0,0.0,97.1,0.0,,0.0,,0.0,0.0,2059.0,0.0,0.0,0.0,,,,,,0.0,0.0,0.0,0.0,,,,,,,,,,97.17,31.13,97.14,97.49,,,,,,,,,50,2059.0
2025-06-27,96.7,0.0,1142.6,31.1,7.6,3.1,6.9,0.1,558.0,215.0,333.5,94.5,1.5,36.0,110.1,47.800000000000004,106.5,11.2,18.3,0.0,0.0,0.0,0.0,0.0,0.0,0.0,0.0,0.0,0.0,96.7,0.0,,0.0,,0.0,0.0,2055.0,0.0,0.0,0.0,,,,,,0.0,0.0,0.0,0.0,,,,,,,,,,97.1,31.1,97.07,97.44,,,,,,,,,50,2055.0
2025-06-28,96.8,0.0,2256.9,39.3,9.1,1.4,4.2,0.0,186.0,74.0,366.7,218.4,2.3,67.2,239.8,53.6,12.5,23.6,11.7,0.0,0.0,0.0,507.0,87.0,0.0,0.0,0.0,0.0,0.0,96.8,0.0,,0.0,,0.0,0.0,2056.0,0.0,0.0,0.0,,,,,,0.0,0.0,0.0,0.0,,,,,,,,,,96.99,31.07,97.0,97.4,,,,,,,,,50,2056.0
2025-06-29,96.3,0.0,1809.8,30.7,12.5,0.0,0.0,0.0,0.0,0.0,0.0,154.0,3.6,82.5,203.7,0.0,0.0,0.0,13.0,0.0,0.0,0.0,490.0,80.0,0.0,0.0,0.0,0.0,0.0,96.3,0.0,,0.0,,0.0,0.0,2050.0,0.0,0.0,0.0,,,,,,0.0,0.0,0.0,0.0,,,,,,,,,,96.84,31.03,96.93,97.36,,,,,,,,,50,2050.0
2025-06-30,96.1,0.0,1735.7,36.7,13.6,0.2,0.0,0.0,442.0,0.1,917.4,187.0,4.0,81.5,168.39999999999998,0.0,47.2,1.2,0.0,0.0,0.0,0.0,0.0,0.0,0.0,0.0,0.0,0.0,0.0,96.1,0.0,,0.0,,0.0,0.0,2048.0,0.0,0.0,0.0,,,,,,0.0,0.0,0.0,0.0,,,,,,,,,,96.73,31.0,96.86,97.31,,,,,,,,,50,2048.0
2025-07-01,95.9,0.0,1827.0,68.6,28.299999999999997,6.4,21.6,0.1,911.0,402.5,1261.6,106.2,6.0,51.0,195.0,48.0,107.9,13.0,28.1,0.0,0.0,0.0,490.0,80.0,0.0,0.0,0.0,0.0,0.0,95.9,0.0,,0.0,,0.0,0.0,2046.0,0.0,0.0,0.0,,,,,,0.0,0.0,0.0,0.0,,,,,,,,,,96.54,30.97,96.79,97.27,,,,,,,,,50,2046.0
2025-07-02,95.8,0.0,1840.8,63.1,17.799999999999997,0.0,0.0,0.0,400.0,0.0,148.0,208.9,0.0,33.400000000000006,101.0,0.0,0.0,0.0,0.0,0.0,0.0,0.0,110.0,20.0,0.0,0.0,0.0,0.0,0.0,95.8,0.0,,0.0,,0.0,0.0,2045.0,0.0,0.0,0.0,,,,,,0.0,0.0,0.0,0.0,,,,,,,,,,96.39,30.93,96.71,97.23,,,,,,,,,50,2045.0
2025-07-03,96.4,0.0,1659.7,24.4,7.3,0.0,0.0,0.0,0.0,0.2,0.0,169.1,6.4,76.4,185.39999999999998,0.0,0.0,0.0,25.2,0.0,0.0,0.0,0.0,0.0,0.0,0.0,0.0,0.0,0.0,96.4,0.0,,0.0,,0.0,0.0,2051.0,0.0,0.0,0.0,,,,,,0.0,0.0,0.0,0.0,,,,,,,,,,96.29,30.9,96.64,97.19,,,,,,,,,50,2051.0
2025-07-04,96.0,0.0,1643.1,48.8,28.1,1.7,11.0,0.0,751.9,180.0,478.4,167.5,17.6,82.0,138.2,3.2,3.3,4.5,33.6,0.0,0.0,0.0,646.0,149.0,0.0,0.0,0.0,0.0,0.0,96.0,0.0,,0.0,,0.0,0.0,2047.0,0.0,0.0,0.0,,,,,,0.0,0.0,0.0,0.0,,,,,,,,,,96.19,30.87,96.57,97.14,,,,,,,,,50,2047.0
2025-07-05,95.5,0.0,1972.5,80.39999999999999,28.8,1.9,11.1,0.0,138.3,343.7,233.3,141.5,1.3,39.2,160.8,2.9,3.0,53.1,7.7,0.0,0.0,0.0,569.0,85.0,0.0,0.0,0.0,0.0,0.0,95.5,0.0,,0.0,,0.0,0.0,2041.0,0.0,0.0,0.0,,,,,,0.0,0.0,0.0,0.0,,,,,,,,,,96.0,30.83,96.5,97.1,,,,,,,,,50,2041.0
2025-07-06,96.0,0.0,1792.1999999999998,70.7,17.2,2.6,15.5,0.0,94.2,111.5,159.0,145.10000000000002,0.4,46.400000000000006,133.2,2.0,2.1,2.8,5.2,0.0,0.0,0.0,490.0,80.0,0.0,0.0,0.0,0.0,0.0,96.0,0.0,,0.0,,0.0,0.0,2047.0,0.0,0.0,0.0,,,,,,0.0,0.0,0.0,0.0,,,,,,,,,,95.96,30.8,96.43,97.06,,,,,,,,,50,2047.0
2025-07-07,96.1,0.0,1660.4,40.9,14.8,0.0,0.0,0.0,0.0,0.1,0.0,108.80000000000001,0.0,73.9,205.7,0.0,0.0,0.0,0.0,0.0,0.0,0.0,0.0,0.0,0.0,0.0,0.0,0.0,0.0,96.1,0.0,,0.0,,0.0,0.0,2048.0,0.0,0.0,0.0,,,,,,0.0,0.0,0.0,0.0,,,,,,,,,,95.96,30.77,96.36,97.01,,,,,,,,,50,2048.0
2025-07-08,96.2,0.0,1800.9,36.7,10.4,1.6,7.0,0.0,82.5,100.0,1140.4,180.9,3.6,93.80000000000001,177.7,27.3,47.2,1.1,14.5,0.0,0.0,0.0,150.0,30.0,0.0,0.0,0.0,0.0,0.0,96.2,0.0,,0.0,,0.0,0.0,2049.0,0.0,0.0,0.0,,,,,,0.0,0.0,0.0,0.0,,,,,,,,,,96.0,30.73,96.29,96.97,,,,,,,,,50,2049.0
2025-07-09,95.7,0.0,1468.1,32.7,8.4,2.9,5.5,0.1,558.0,215.1,295.5,103.0,11.7,51.5,192.3,47.7,106.5,8.9,15.6,0.0,0.0,0.0,515.0,79.0,0.0,0.0,0.0,0.0,0.0,95.7,0.0,,0.0,,0.0,0.0,2043.0,0.0,0.0,0.0,,,,,,0.0,0.0,0.0,0.0,,,,,,,,,,95.99,30.7,96.21,96.93,,,,,,,,,50,2043.0
2025-07-10,95.5,0.0,2072.4,42.0,14.1,0.0,0.0,0.0,55.0,59.3,363.0,249.6,23.5,90.2,176.8,0.0,0.0,0.0,36.0,0.0,0.0,0.0,382.0,72.0,0.0,0.0,0.0,0.0,0.0,95.5,0.0,,0.0,,0.0,0.0,2041.0,0.0,0.0,0.0,,,,,,0.0,0.0,0.0,0.0,,,,,,,,,,95.86,30.67,96.14,96.89,,,,,,,,,50,2041.0
2025-07-11,95.3,0.0,2001.3000000000002,70.2,9.2,2.9,5.5,0.1,558.0,215.0,295.5,156.5,1.1,59.5,172.2,47.7,106.5,8.9,15.6,0.0,0.0,0.0,154.0,20.0,0.0,0.0,0.0,0.0,0.0,95.7,30.2,23.7,12.0,69.4,0.0,3.6,2043.0,47.0,56.2,0.0,4.0,4.9,11.9,12.0,36.6,0.0,0.0,0.0,0.0,17.4,15.1,20.3,20.2,27.5,22.68,69.4,22.68,23.7,95.81,30.63,96.07,96.84,,,,,,,,,50,2043.0
2025-07-12,95.3,0.0,1425.2,57.400000000000006,17.2,5.1,15.9,0.0,494.5,1494.0,833.0,73.2,4.9,22.0,155.8,10.8,0.0,6.2,20.7,0.0,0.0,0.0,321.0,51.0,0.0,0.0,0.0,0.0,0.0,95.3,0.0,,0.0,,0.0,0.0,2039.0,0.0,0.0,0.0,,,,,,0.0,0.0,0.0,0.0,,,,,,,69.4,22.68,23.7,95.79,30.6,96.0,96.8,,,,,,,,,50,2039.0
2025-07-13,95.0,0.0,1639.0,47.400000000000006,10.0,0.0,0.0,0.0,400.0,0.0,148.0,161.5,5.2,0.0,106.1,0.0,0.0,0.0,0.0,0.0,0.0,0.0,0.0,0.0,0.0,0.0,0.0,0.0,0.0,95.0,0.0,,0.0,,0.0,0.0,2036.0,0.0,0.0,0.0,,,,,,0.0,0.0,0.0,0.0,,,,,,,69.4,22.68,23.7,95.64,30.57,95.93,96.76,,,,,,,,,50,2036.0
2025-07-14,94.8,0.0,1552.0,29.1,5.9,0.1,0.0,0.0,125.4,18.1,290.3,145.9,13.5,46.2,148.1,103.3,349.3,1.6,3.3,0.0,0.0,0.0,306.0,60.0,0.0,0.0,0.0,0.0,0.0,94.8,0.0,,0.0,,0.0,0.0,2033.0,0.0,0.0,0.0,,,,,,0.0,0.0,0.0,0.0,,,,,,,69.4,22.68,23.7,95.46,30.53,95.86,96.71,,,,,17780.0,,,,50,2033.0
2025-07-15,94.9,0.0,1897.3,28.099999999999998,9.9,0.0,0.0,0.0,0.0,0.4,0.0,207.6,20.0,102.7,208.1,0.0,0.0,0.0,36.0,0.0,0.0,0.0,481.0,70.0,0.0,0.0,0.0,0.0,0.0,94.9,0.0,,0.0,,0.0,0.0,2034.0,0.0,0.0,0.0,,,,,,0.0,0.0,0.0,0.0,,,,,,,69.4,22.68,23.7,95.27,30.5,95.79,96.67,,,,,19110.0,,,,50,2034.0
2025-07-16,94.4,0.0,1706.1999999999998,43.4,20.7,0.0,0.0,0.0,400.0,295.0,184.5,135.6,0.5,48.7,186.4,0.0,0.0,0.0,0.0,0.0,0.0,0.0,110.0,20.0,0.0,0.0,0.0,0.0,0.0,94.4,0.0,,0.0,,0.0,0.0,2029.0,0.0,0.0,0.0,,,,,,0.0,0.0,0.0,0.0,,,,,,,69.4,22.68,23.7,95.09,30.47,95.71,96.63,,,,,20370.0,,,,50,2029.0
2025-07-17,94.2,0.0,1533.1,36.3,9.8,2.9,5.5,0.1,558.0,3299.1,295.5,162.6,9.9,65.5,140.3,47.7,106.5,8.9,15.6,0.0,0.0,0.0,0.0,0.0,0.0,0.0,0.0,0.0,0.0,94.2,0.0,,0.0,,0.0,0.0,2027.0,0.0,0.0,0.0,,,,,,0.0,0.0,0.0,0.0,,,,,,,69.4,22.68,23.7,94.9,30.43,95.64,96.59,,,,,21700.0,,,,50,2027.0
2025-07-18,94.0,0.0,2194.9,79.5,28.8,3.1999999999999997,7.6,0.1,1158.0,216.4,570.1,181.6,2.3,90.60000000000001,183.0,47.7,106.5,8.9,15.6,0.0,0.0,0.0,0.0,0.0,0.0,0.0,0.0,0.0,0.0,94.0,0.0,,0.0,,0.0,0.0,2024.0,0.0,0.0,0.0,,,,,,0.0,0.0,0.0,0.0,,,,,,,,,,94.66,30.4,95.57,96.54,,,,,23380.0,,,,50,2024.0
2025-07-19,0.0,0.0,1080.1,30.2,3.1,0.0,0.0,0.0,0.0,0.0,0.0,74.80000000000001,0.0,59.2,122.0,0.0,0.0,0.0,0.0,0.0,0.0,0.0,0.0,0.0,0.0,0.0,0.0,0.0,0.0,,0.0,,0.0,,0.0,0.0,,0.0,0.0,0.0,,,,,,0.0,0.0,0.0,0.0,,,,,,,,,,94.55,30.37,95.5,96.5,,,,,24150.0,,,,50,
2025-07-20,,,,,,,,,,,,,,,,,,,,,,,,,,,,,,,,,,,,,,,,,,,,,,,,,,,,,,,,,,,94.46,30.33,95.43,96.46,,,,,24780.0,,,,50,
2025-07-21,,,,,,,,,,,,,,,,,,,,,,,,,,,,,,,,,,,,,,,,,,,,,,,,,,,,,,,,,,,94.37,30.3,95.36,96.41,,,,,22610.0,,,,50,
2025-07-22,,,,,,,,,,,,,,,,,,,,,,,,,,,,,,,,,,,,,,,,,,,,,,,,,,,,,,,,,,,94.2,30.27,95.29,96.37,,,,,22750.0,,,,50,
2025-07-23,0.0,0.0,1606.4,60.0,21.7,4.1,12.6,0.1,958.0,215.0,1029.2,87.1,6.2,34.6,162.2,379.7,135.5,15.5,19.4,0.0,0.0,0.0,0.0,0.0,0.0,0.0,0.0,0.0,0.0,,0.0,,0.0,,0.0,0.0,,0.0,0.0,0.0,,,,,,0.0,0.0,0.0,0.0,,,,,,,,,,94.1,30.23,95.21,96.33,,,,,22190.0,,,,50,
2025-07-24,0.0,0.0,1999.6,71.6,21.2,5.0,19.6,0.1,558.0,225.1,496.5,101.0,3.1,41.6,234.9,379.7,111.9,15.200000000000001,15.9,0.0,0.0,0.0,257.0,57.0,0.0,0.0,0.0,0.0,0.0,,0.0,,0.0,,0.0,0.0,,0.0,0.0,0.0,,,,,,0.0,0.0,0.0,0.0,,,,,,,,,,94.0,30.2,95.14,96.29,,,,,22750.0,,,,50,
2025-07-25,0.0,0.0,1349.2,32.9,3.1,1.9,3.7,0.0,372.0,152.0,138.0,145.10000000000002,0.3,0.4,85.4,10.8,0.0,5.9,9.7,0.0,0.0,0.0,0.0,0.0,0.0,0.0,0.0,0.0,0.0,,0.0,,0.0,,0.0,0.0,,0.0,0.0,0.0,,,,,,0.0,0.0,0.0,0.0,,,,,,,,,,,30.17,95.07,96.24,,,,,,,,,50,
2025-07-26,0.0,0.0,1992.3,72.0,16.2,0.2,0.1,0.0,502.0,159.7,713.0,143.2,5.9,39.3,175.0,0.7,19.7,1.1,4.6,0.0,0.0,0.0,490.0,80.0,0.0,0.0,0.0,0.0,0.0,,0.0,,0.0,,0.0,0.0,,0.0,0.0,0.0,,,,,,0.0,0.0,0.0,0.0,,,,,,,,,,,30.13,95.0,96.2,,,,,,,,,50,
2025-07-27,0.0,0.0,1572.6,54.8,15.9,4.4,6.3,0.1,626.9,965.8,1338.7,87.1,6.4,45.6,179.1,380.7,177.1,17.7,21.3,0.0,0.0,0.0,150.0,30.0,0.0,0.0,0.0,0.0,0.0,,0.0,,0.0,,0.0,0.0,,0.0,0.0,0.0,,,,,,0.0,0.0,0.0,0.0,,,,,,,,,,,30.1,94.93,96.16,,,,,,,,,50,
2025-07-28,0.0,0.0,1935.9,70.60000000000001,26.7,0.2,0.1,0.0,425.0,361.4,1273.7,117.4,7.6,79.30000000000001,208.2,357.0,54.0,56.6,25.3,0.0,0.0,0.0,319.0,55.0,0.0,0.0,0.0,0.0,0.0,,0.0,,0.0,,0.0,0.0,,0.0,0.0,0.0,,,,,,0.0,0.0,0.0,0.0,,,,,,,,,,,30.07,94.86,96.11,,,,,,,,,50,
2025-07-29,0.0,0.0,1559.1,40.0,12.100000000000001,2.9,5.5,0.1,558.0,815.1,295.5,104.69999999999999,2.6,51.3,198.8,47.7,106.5,8.9,15.6,0.0,0.0,0.0,400.0,80.0,0.0,0.0,0.0,0.0,0.0,,0.0,,0.0,,0.0,0.0,,0.0,0.0,0.0,,,,,,0.0,0.0,0.0,0.0,,,,,,,,,,,30.03,94.79,96.07,,,,,,,,,50,
2025-07-30,0.0,0.0,1797.7,79.2,8.899999999999999,2.0,3.8000000000000003,0.0,499.8,416.8,1012.8,85.3,1.9,21.1,182.9,342.8,5.4,11.8,10.0,0.0,0.0,0.0,306.0,60.0,0.0,0.0,0.0,0.0,0.0,,0.0,,0.0,,0.0,0.0,,0.0,0.0,0.0,,,,,,0.0,0.0,0.0,0.0,,,,,,,,,,,30.0,94.71,96.03,,,,,,,,,50,
2025-07-31,0.0,0.0,1712.1999999999998,51.699999999999996,16.6,3.4,9.4,0.1,558.0,215.3,550.5,102.2,3.8000000000000003,42.4,189.8,48.300000000000004,106.5,8.9,15.6,0.0,0.0,0.0,257.0,57.0,0.0,0.0,0.0,0.0,0.0,,0.0,,0.0,,0.0,0.0,,0.0,0.0,0.0,,,,,,0.0,0.0,0.0,0.0,,,,,,,,,,,29.97,94.64,95.99,,,,,,,,,50,
2025-08-01,0.0,0.0,1521.9,47.9,18.5,1.0,7.0,0.0,400.0,12.0,334.7,79.8,2.2,29.4,168.8,0.1,0.0,1.4,3.8,0.0,0.0,0.0,306.0,60.0,0.0,0.0,0.0,0.0,0.0,,0.0,,0.0,,0.0,0.0,,0.0,0.0,0.0,,,,,,0.0,0.0,0.0,0.0,,,,,,,,,,,29.93,94.57,95.94,,,,,,,,,50,
2025-08-02,0.0,0.0,1790.8999999999999,67.10000000000001,15.100000000000001,4.0,12.6,0.1,558.0,389.8,806.0,152.7,6.800000000000001,21.1,109.2,472.3,113.3,26.0,19.6,0.0,0.0,0.0,0.0,0.0,0.0,0.0,0.0,0.0,0.0,,0.0,,0.0,,0.0,0.0,,0.0,0.0,0.0,,,,,,0.0,0.0,0.0,0.0,,,,,,,,,,,29.9,94.5,95.9,,,,,,,,,50,
2025-08-03,,,,,,,,,,,,,,,,,,,,,,,,,,,,,,,,,,,,,,,,,,,,,,,,,,,,,,,,,,,,29.87,94.43,95.86,,,,,,,,,50,
2025-08-04,,,,,,,,,,,,,,,,,,,,,,,,,,,,,,,,,,,,,,,,,,,,,,,,,,,,,,,,,,,,29.83,94.36,95.81,,,,,,,,,50,
2025-08-05,,,,,,,,,,,,,,,,,,,,,,,,,,,,,,,,,,,,,,,,,,,,,,,,,,,,,,,,,,,,29.8,94.29,95.77,,,,,,,,,50,
2025-08-06,0.0,0.0,1919.7,62.0,29.5,2.9,5.5,0.1,958.0,996.3,691.9,132.6,7.6,90.7,207.8,47.7,223.0,14.2,16.5,0.0,0.0,0.0,231.0,40.0,0.0,0.0,0.0,0.0,0.0,,0.0,,0.0,,0.0,0.0,,0.0,0.0,0.0,,,,,,0.0,0.0,0.0,0.0,,,,,,,,,,,29.77,94.21,95.73,,,,,,,,,50,
2025-08-07,0.0,0.0,1944.2,144.5,14.0,0.0,0.0,0.0,400.0,450.0,148.0,49.3,0.0,23.7,109.1,0.0,0.0,0.0,0.0,0.0,0.0,0.0,500.0,80.0,0.0,0.0,0.0,0.0,0.0,,0.0,,0.0,,0.0,0.0,,0.0,0.0,0.0,,,,,,0.0,0.0,0.0,0.0,,,,,,,,,,,29.73,94.14,95.69,,,,,,,,,50,
2025-08-08,0.0,0.0,1794.6,53.3,27.6,3.2,5.6,0.1,1158.0,1630.8999999999999,1256.9,141.9,7.7,79.5,190.2,482.29999999999995,771.6999999999999,21.8,21.6,0.0,0.0,0.0,0.0,0.0,0.0,0.0,0.0,0.0,0.0,,0.0,,0.0,,0.0,0.0,,0.0,0.0,0.0,,,,,,0.0,0.0,0.0,0.0,,,,,,,,,,,29.7,94.07,95.64,,,,,,,,,50,
2025-08-09,92.3,0.0,1155.6,48.6,16.0,3.1,14.8,0.0,415.2,883.0999999999999,294.79999999999995,102.80000000000001,3.0999999999999996,15.9,76.6,0.2,0.1,0.7,2.4,0.0,0.0,0.0,0.0,0.0,0.0,0.0,0.0,0.0,0.0,92.3,0.0,,0.0,,0.0,0.0,2005.0,0.0,0.0,0.0,,,,,,0.0,0.0,0.0,0.0,,,,,,,,,,92.3,29.67,94.0,95.6,,,,,24920.0,,,,50,2005.0
2025-08-10,92.0,0.0,2099.0,56.5,19.299999999999997,1.0,7.0,0.0,400.0,1.1,184.5,176.8,0.8,54.800000000000004,214.39999999999998,0.0,0.0,0.0,0.0,0.0,0.0,0.0,507.0,87.0,0.0,0.0,0.0,0.0,0.0,91.8,29.0,22.2,11.0,67.9,0.0,3.5,2000.0,43.0,57.1,0.0,4.3,4.3,11.5,11.6,36.2,0.0,0.0,0.0,0.0,14.3,16.0,19.5,19.2,25.5,20.38,67.9,20.38,22.2,92.05,29.63,93.93,95.56,,,,,26320.0,,,,50,2000.0
2025-08-11,93.1,0.0,1435.7,34.4,10.6,2.5,4.1,0.0,297.5,458.5,486.5,137.7,12.1,38.6,142.6,0.0,0.0,1.5,9.0,0.0,0.0,0.0,0.0,0.0,0.0,0.0,0.0,0.0,0.0,,0.0,,0.0,,0.0,0.0,,0.0,0.0,0.0,,,,,,0.0,0.0,0.0,0.0,,,,,,,67.9,20.38,22.2,92.05,29.6,93.86,95.51,,,,,26180.0,,,,50,
2025-08-12,92.8,0.0,1980.2,39.1,10.0,0.2,0.1,0.0,0.0,5.1,314.5,256.2,15.2,119.6,148.1,166.0,18.0,4.2,1.4000000000000001,0.0,0.0,0.0,110.0,20.0,0.0,0.0,0.0,0.0,0.0,92.8,0.0,,0.0,,0.0,0.0,2011.0,0.0,0.0,0.0,,,,,,0.0,0.0,0.0,0.0,,,,,,,67.9,20.38,22.2,92.3,29.57,93.79,95.47,,,,,23380.0,,,,50,2011.0
2025-08-13,93.4,0.0,1660.4,35.4,7.4,1.9,3.7,0.0,372.0,144.1,226.5,151.3,10.7,55.5,178.9,42.3,106.5,6.1,10.7,0.0,0.0,0.0,0.0,0.0,0.0,0.0,0.0,0.0,0.0,93.4,0.0,,0.0,,0.0,0.0,2018.0,0.0,0.0,0.0,,,,,,0.0,0.0,0.0,0.0,,,,,,,67.9,20.38,22.2,92.58,29.53,93.71,95.43,,,,,20160.0,,37940.0,,50,2018.0
2025-08-14,93.1,0.0,1783.3,49.4,21.1,1.1,7.3,0.0,455.0,239.6,1529.5,185.0,13.1,71.80000000000001,161.79999999999998,42.0,297.3,18.599999999999998,25.3,0.0,0.0,0.0,381.0,75.0,0.0,0.0,0.0,0.0,0.0,93.1,0.0,,0.0,,0.0,0.0,2014.0,0.0,0.0,0.0,,,,,,0.0,0.0,0.0,0.0,,,,,,,67.9,20.38,22.2,92.68,29.5,93.64,95.39,,,,,18130.0,,37240.0,,50,2014.0
2025-08-15,92.5,0.0,1736.6999999999998,47.9,20.1,2.0,14.0,0.0,527.5,246.0,532.0,116.2,9.6,42.2,196.7,0.0,0.0,0.0,0.0,0.0,0.0,0.0,569.0,85.0,0.0,0.0,0.0,0.0,0.0,92.5,0.0,,0.0,,0.0,0.0,2008.0,0.0,0.0,0.0,,,,,,0.0,0.0,0.0,0.0,,,,,,,67.9,20.38,22.2,92.65,29.47,93.57,95.34,,,,,17080.0,,37450.0,,50,2008.0
2025-08-16,92.5,0.0,1951.7,26.7,3.9000000000000004,1.1,7.0,0.0,164.9,148.7,1110.6,196.4,15.3,105.4,221.0,0.0,65.3,9.2,21.3,0.0,0.0,0.0,456.0,90.0,0.0,0.0,0.0,0.0,0.0,92.5,0.0,,0.0,,0.0,0.0,2008.0,0.0,0.0,0.0,,,,,,0.0,0.0,0.0,0.0,,,,,,,67.9,20.38,22.2,92.68,29.43,93.5,95.3,,,,,15540.0,,37240.0,,50,2008.0
2025-08-17,92.9,0.0,1658.9,25.400000000000002,5.2,0.1,0.0,0.0,0.0,4.8,253.2,195.4,19.8,70.2,164.7,112.7,139.3,0.8,4.8,0.0,0.0,0.0,515.0,79.0,0.0,0.0,0.0,0.0,0.0,92.9,0.0,,0.0,,0.0,0.0,2012.0,0.0,0.0,0.0,,,,,,0.0,0.0,0.0,0.0,,,,,,,,,,92.87,29.4,93.43,95.26,,,,,12530.0,,35910.0,,50,2012.0
2025-08-18,92.2,0.0,1572.1,40.0,11.0,3.8,7.3,0.1,744.0,393.29999999999995,860.5,95.4,5.4,67.6,203.4,53.1,106.5,11.7,20.4,0.0,0.0,0.0,0.0,0.0,0.0,0.0,0.0,0.0,0.0,92.2,0.0,,0.0,,0.0,0.0,2004.0,0.0,0.0,0.0,,,,,,0.0,0.0,0.0,0.0,,,,,,,,,,92.77,29.37,93.36,95.21,,,,,12460.0,,36610.0,,50,2004.0
2025-08-19,92.9,0.0,1503.1,33.6,12.0,2.9,5.5,0.1,758.0,216.0,369.5,146.5,6.300000000000001,75.3,146.2,47.7,106.5,8.9,15.6,0.0,0.0,0.0,0.0,0.0,0.0,0.0,0.0,0.0,0.0,92.9,0.0,,0.0,,0.0,0.0,2012.0,0.0,0.0,0.0,,,,,,0.0,0.0,0.0,0.0,,,,,,,,,,92.79,29.33,93.29,95.17,,,,,11690.0,,36470.0,,50,2012.0
2025-08-20,91.8,0.0,1762.9,18.9,3.3,0.0,0.0,0.0,0.0,0.4,0.0,188.5,15.2,97.8,205.89999999999998,0.0,0.0,0.0,0.0,0.0,200.0,0.0,221.0,40.0,0.0,0.0,0.0,0.0,0.0,91.8,0.0,,0.0,,0.0,0.0,2000.0,0.0,0.0,0.0,,,,,,0.0,0.0,0.0,0.0,,,,,,,,,,92.56,29.3,93.21,95.13,,,,,12670.0,,35280.0,,50,2000.0
2025-08-21,92.0,0.0,1436.3,27.6,10.5,1.1,7.0,0.0,200.0,1.4,181.0,129.60000000000002,12.0,76.1,169.29999999999998,0.0,7.7,0.6,0.7,0.0,0.0,0.0,0.0,0.0,0.0,0.0,0.0,0.0,0.0,92.0,0.0,,0.0,,0.0,0.0,2002.0,0.0,0.0,0.0,,,,,,0.0,0.0,0.0,0.0,,,,,,,,,,92.4,29.27,93.14,95.09,,,,,12600.0,,35350.0,,50,2002.0
2025-08-22,0.0,0.0,1871.1,55.900000000000006,35.5,1.2,7.0,0.0,1127.5,276.7,1184.1,132.5,5.3999999999999995,59.900000000000006,192.39999999999998,153.1,517.6,2.4,4.9,0.0,0.0,0.0,150.0,30.0,0.0,0.0,0.0,0.0,0.0,,0.0,,0.0,,0.0,0.0,,0.0,0.0,0.0,,,,,,0.0,0.0,0.0,0.0,,,,,,,,,,92.38,29.23,93.07,95.04,,,,,12040.0,,34230.0,,50,
2025-08-23,0.0,0.0,1980.3999999999999,74.5,38.7,2.1,14.0,0.0,1000.0,295.0,637.5,150.6,6.2,71.6,173.89999999999998,0.0,19.2,1.5,1.7,0.0,0.0,0.0,257.0,57.0,0.0,0.0,0.0,0.0,0.0,,0.0,,0.0,,0.0,0.0,,0.0,0.0,0.0,,,,,,0.0,0.0,0.0,0.0,,,,,,,,,,92.36,29.2,93.0,95.0,,,,,11480.0,,34230.0,,50,
2025-08-24,0.0,0.0,1839.1,51.0,24.7,0.5,3.6,0.0,555.0,59.0,548.0,184.20000000000002,0.0,44.9,148.3,0.0,0.0,0.0,0.0,0.0,400.0,0.0,421.0,60.0,0.0,0.0,0.0,0.0,0.0,,0.0,,0.0,,0.0,0.0,,0.0,0.0,0.0,,,,,,0.0,0.0,0.0,0.0,,,,,,,,,,92.22,29.17,92.93,94.96,,,,,,,34720.0,,50,
2025-08-25,92.3,0.0,1509.6,28.8,10.5,2.9,5.5,0.1,558.0,800.0,295.5,163.1,17.200000000000003,93.3,151.0,47.7,106.5,8.9,15.6,0.0,0.0,0.0,0.0,0.0,0.0,0.0,0.0,0.0,0.0,92.3,0.0,,0.0,,0.0,0.0,2005.0,0.0,0.0,0.0,,,,,,0.0,0.0,0.0,0.0,,,,,,,,,,92.25,29.13,92.86,94.91,,,,,,,34440.0,,50,2005.0
2025-08-26,92.0,0.0,1507.3,23.7,8.4,2.9,5.5,0.1,558.0,215.0,295.5,171.0,1.1,117.2,144.5,47.7,106.5,8.9,15.6,0.0,0.0,0.0,0.0,0.0,0.0,0.0,0.0,0.0,0.0,92.0,0.0,,0.0,,0.0,0.0,2002.0,0.0,0.0,0.0,,,,,,0.0,0.0,0.0,0.0,,,,,,,,,,92.02,29.1,92.79,94.87,,,,,,,35560.0,,50,2002.0
2025-08-27,91.8,0.0,2307.4,73.1,2.7,1.0,7.0,0.0,0.0,605.0,0.0,230.4,3.9,63.7,182.5,0.0,0.0,0.0,40.5,0.0,0.0,0.0,543.0,70.0,0.0,0.0,0.0,0.0,0.0,91.8,0.0,,0.0,,0.0,0.0,2000.0,0.0,0.0,0.0,,,,,,0.0,0.0,0.0,0.0,,,,,,,,,,92.02,29.07,92.71,94.83,,,,,,,34790.0,,50,2000.0
2025-08-28,92.0,0.0,1990.8,40.2,19.6,0.1,0.1,0.0,0.0,0.0,208.0,263.2,1.7,80.1,138.0,332.0,5.4,6.0,0.3,0.0,0.0,0.0,0.0,0.0,0.0,0.0,0.0,0.0,0.0,92.0,0.0,,0.0,,0.0,0.0,2002.0,0.0,0.0,0.0,,,,,,0.0,0.0,0.0,0.0,,,,,,,,,,92.02,29.03,92.64,94.79,,,,,,,33740.0,,50,2002.0
2025-08-29,92.3,0.0,1610.9,22.8,8.9,1.1,7.1,0.0,110.5,96.2,533.8,129.3,1.7,104.80000000000001,200.0,332.0,5.4,6.0,0.3,0.0,0.0,0.0,0.0,0.0,0.0,0.0,0.0,0.0,0.0,92.3,0.0,,0.0,,0.0,0.0,2005.0,0.0,0.0,0.0,,,,,,0.0,0.0,0.0,0.0,,,,,,,,,,92.08,29.0,92.57,94.74,,,,,,,32550.0,,50,2005.0
2025-08-30,92.2,0.0,1831.3000000000002,52.400000000000006,20.5,1.0,7.0,0.0,500.0,1.4,221.5,144.7,10.5,39.1,196.3,0.0,0.0,0.0,0.0,0.0,0.0,0.0,150.0,30.0,0.0,0.0,0.0,0.0,0.0,92.2,0.0,,0.0,,0.0,0.0,2004.0,0.0,0.0,0.0,,,,,,0.0,0.0,0.0,0.0,,,,,,,,,,92.1,28.97,92.5,94.7,,,,,,,31080.0,,50,2004.0
2025-08-31,92.3,0.0,1859.1,44.8,14.6,1.0,7.0,0.0,200.0,300.4,74.0,184.0,6.2,50.1,175.10000000000002,0.0,0.0,0.5,1.8,0.0,0.0,0.0,507.0,87.0,0.0,0.0,0.0,0.0,0.0,92.7,29.3,24.5,12.0,66.5,0.0,3.5,2010.0,51.0,53.9,0.0,4.0,4.3,10.7,10.9,36.6,0.0,0.0,0.0,0.0,20.4,19.0,24.8,22.2,26.1,22.71,66.5,22.71,24.5,92.19,28.93,92.43,94.66,,,,,,,29400.0,,50,2010.0
2025-09-01,91.7,0.0,1489.0,22.299999999999997,5.7,0.5,3.5,0.0,0.0,900.0,0.0,159.1,12.5,69.6,165.4,0.0,0.0,1.5,5.3,0.0,0.0,0.0,0.0,0.0,0.0,0.0,0.0,0.0,0.0,91.7,0.0,,0.0,,0.0,0.0,1999.0,0.0,0.0,0.0,,,,,,0.0,0.0,0.0,0.0,,,,,,,66.5,22.71,24.5,92.1,28.9,92.36,94.61,,,,,,,29330.0,,50,1999.0
2025-09-02,92.1,0.0,1801.2,37.1,10.7,2.9,5.5,0.1,558.0,215.1,295.5,152.39999999999998,1.1,87.7,218.5,47.7,106.5,8.9,15.6,0.0,400.0,0.0,531.0,80.0,0.0,0.0,0.0,0.0,0.0,92.1,0.0,,0.0,,0.0,0.0,2003.0,0.0,0.0,0.0,,,,,,0.0,0.0,0.0,0.0,,,,,,,66.5,22.71,24.5,92.11,28.87,92.29,94.57,,,,,,,28560.0,,50,2003.0
2025-09-03,91.8,0.0,1867.0,54.0,14.2,3.4,9.0,0.1,758.0,801.4,406.0,169.1,14.9,66.3,179.9,47.7,106.5,8.9,15.6,0.0,0.0,0.0,110.0,20.0,0.0,0.0,0.0,0.0,0.0,91.8,0.0,,0.0,,0.0,0.0,2000.0,0.0,0.0,0.0,,,,,,0.0,0.0,0.0,0.0,,,,,,,66.5,22.71,24.5,92.11,28.83,92.21,94.53,,,,,,,27230.0,,50,2000.0
2025-09-04,91.6,0.0,1486.1,33.2,14.600000000000001,0.6,3.6,0.0,200.0,360.6,275.0,111.10000000000001,7.7,82.4,187.0,332.0,5.4,6.0,0.3,0.0,0.0,0.0,0.0,0.0,0.0,0.0,0.0,0.0,0.0,91.6,0.0,,0.0,,0.0,0.0,1998.0,0.0,0.0,0.0,,,,,,0.0,0.0,0.0,0.0,,,,,,,66.5,22.71,24.5,92.06,28.8,92.14,94.49,6159.0,52345.0,,,,,27300.0,,50,1998.0
2025-09-05,91.3,0.0,1327.4,38.5,20.9,1.0,7.0,0.0,600.0,0.0,222.0,88.9,0.0,68.0,151.2,0.0,0.0,0.0,0.0,0.0,0.0,0.0,0.0,0.0,0.0,0.0,0.0,0.0,0.0,91.3,0.0,,0.0,,0.0,0.0,1994.0,0.0,0.0,0.0,,,,,,0.0,0.0,0.0,0.0,,,,,,,66.5,22.71,24.5,91.91,28.77,92.07,94.44,5928.0,51752.0,,,,,28350.0,,50,1994.0
2025-09-06,91.2,0.0,2001.1,59.599999999999994,14.799999999999999,0.0,0.0,0.0,200.0,0.5,74.0,169.7,5.6000000000000005,35.2,190.0,0.0,0.0,0.0,0.0,0.0,0.0,0.0,719.0,115.0,0.0,0.0,0.0,0.0,0.0,91.2,0.0,,0.0,,0.0,0.0,1993.0,0.0,0.0,0.0,,,,,,0.0,0.0,0.0,0.0,,,,,,,66.5,22.71,24.5,91.77,28.73,92.0,94.4,6147.0,51809.0,,,,,29610.0,,50,1993.0
2025-09-07,92.1,0.0,1562.9,32.5,5.8,0.5,3.5,0.0,0.0,0.0,0.0,152.20000000000002,11.200000000000001,48.3,161.4,0.0,0.0,0.0,0.0,0.0,200.0,0.0,221.0,40.0,0.0,0.0,0.0,0.0,0.0,92.5,29.2,25.6,12.0,65.4,0.0,3.4,2008.0,55.0,53.0,0.0,4.0,4.2,10.6,10.7,35.9,0.0,0.0,0.0,0.0,19.8,19.7,25.4,23.2,27.6,23.68,65.4,23.68,25.6,91.74,28.7,91.93,94.36,6368.0,51578.0,,,,,29750.0,,50,2008.0
2025-09-08,92.2,0.0,1391.3,22.6,3.5,0.1,0.1,0.0,153.0,133.2,661.8,84.6,1.7,63.2,191.1,332.0,5.4,6.0,0.3,0.0,0.0,0.0,490.0,79.0,0.0,0.0,0.0,0.0,0.0,92.3,29.1,21.8,11.0,68.6,0.0,3.6,2005.0,41.0,56.2,0.0,3.9,4.5,10.5,10.9,38.8,0.0,0.0,0.0,0.0,20.8,17.2,25.6,21.7,21.3,20.12,67.0,21.9,23.7,91.83,28.67,91.86,94.31,6858.0,51813.0,,,3290.0,1608.0,28210.0,,50,2005.0
2025-09-09,0.0,0.0,1377.9,22.0,2.4,0.1,0.1,0.0,0.0,506.8,713.0,135.9,6.9,66.3,163.89999999999998,360.0,193.4,17.6,16.3,0.0,0.0,0.0,0.0,0.0,0.0,0.0,0.0,0.0,0.0,91.7,28.9,24.8,12.0,65.5,0.0,3.4,1999.0,52.0,53.6,0.0,3.9,4.3,10.6,10.7,36.0,0.0,0.0,0.0,0.0,20.7,18.3,24.6,22.9,26.5,22.74,66.5,22.18,24.07,91.77,28.63,91.79,94.27,6351.0,51092.0,,,1960.0,1557.0,28280.0,,50,1999.0
2025-09-10,91.8,0.0,1551.7,36.2,13.1,0.6,3.6,0.0,200.0,6.7,275.0,151.7,6.5,75.1,161.1,332.0,5.4,6.0,0.3,0.0,50.0,0.0,160.0,35.0,0.0,0.0,0.0,0.0,0.0,91.8,29.0,25.6,12.0,65.0,0.0,3.4,2000.0,55.0,53.0,0.0,4.2,3.7,10.6,10.7,35.8,0.0,0.0,0.0,0.0,17.4,24.6,24.6,22.9,27.5,23.5,66.12,22.51,24.45,91.77,28.6,91.71,94.23,6511.0,51208.0,,,1960.0,1555.0,28140.0,,50,2000.0
2025-09-11,91.3,0.0,1997.5,61.1,27.8,5.8,11.0,0.2,1516.0,432.59999999999997,739.0,187.0,15.6,82.7,176.9,95.4,213.0,17.8,67.2,0.0,0.0,0.0,507.0,87.0,0.0,0.0,0.0,0.0,0.0,91.1,28.8,25.2,12.0,64.8,0.0,3.4,1992.0,53.0,53.3,0.0,3.8,4.2,10.4,10.5,35.9,0.0,0.0,0.0,0.0,21.1,18.4,25.6,23.6,26.6,22.96,65.86,22.6,24.6,91.7,28.57,91.64,94.19,6908.0,51226.0,,,4200.0,1617.0,27580.0,,50,1992.0
2025-09-12,91.4,0.0,1712.1,15.1,9.0,0.0,0.0,0.0,200.0,36.6,375.2,185.3,5.2,127.8,173.9,0.0,0.0,2.6,0.2,0.0,0.0,0.0,150.0,30.0,0.0,0.0,0.0,0.0,0.0,91.1,28.8,26.8,12.0,63.4,0.0,3.3,1992.0,59.0,51.9,0.0,3.7,4.4,10.4,10.5,34.4,0.0,0.0,0.0,0.0,22.9,17.2,25.6,24.2,29.3,24.41,65.45,22.9,24.97,91.67,28.53,91.57,94.14,7058.0,51277.0,,,6370.0,1686.0,26530.0,,50,1992.0
2025-09-13,90.7,0.0,1622.5,27.9,8.7,1.4,9.8,0.0,86.6,123.99999999999999,148.4,163.7,4.6,90.80000000000001,145.0,1.8,1.9,2.7,5.0,0.0,0.0,0.0,0.0,0.0,0.0,0.0,0.0,0.0,0.0,90.2,28.5,26.5,12.0,63.0,0.0,3.3,1982.0,59.0,52.0,0.0,3.8,3.8,10.4,10.5,34.5,0.0,0.0,0.0,0.0,21.0,21.9,24.8,23.3,29.0,23.9,65.1,23.04,25.19,91.53,28.5,91.5,94.1,6677.0,51116.0,,,8050.0,1750.0,26180.0,,50,1982.0
2025-09-14,91.2,0.0,1567.3000000000002,48.4,14.899999999999999,0.5,3.5,0.0,265.5,159.9,890.0,183.2,10.4,39.5,103.5,21.0,141.0,8.7,12.0,0.0,700.0,0.0,738.0,120.0,0.0,0.0,0.0,0.0,0.0,90.7,28.6,25.5,12.0,64.2,0.0,3.4,1987.0,55.0,52.9,0.0,3.5,5.1,10.2,10.6,34.8,0.0,0.0,0.0,0.0,25.2,12.5,26.6,22.8,27.6,23.13,64.93,22.97,25.17,91.27,28.47,91.43,94.06,6846.0,50947.0,,,9660.0,1792.0,26740.0,,50,1987.0
2025-09-15,90.7,0.0,1265.3,25.2,12.5,3.1,5.7,0.1,758.0,215.3,771.5,113.4,4.5,92.3,143.79999999999998,711.7,117.3,20.9,16.2,0.0,0.0,0.0,0.0,0.0,0.0,0.0,0.0,0.0,0.0,91.0,28.7,23.4,11.0,66.3,0.0,3.4,1991.0,47.0,54.7,0.0,4.0,4.2,10.5,10.7,36.9,0.0,0.0,0.0,0.0,19.1,18.6,24.5,21.9,24.5,21.29,64.6,23.13,25.4,91.09,28.43,91.36,94.01,6390.0,50261.0,,,11130.0,1833.0,26670.0,,50,1991.0
2025-09-16,90.1,0.0,1272.2,28.7,7.4,2.9,5.5,0.1,558.0,215.0,295.5,111.2,1.1,54.2,137.2,47.7,106.5,8.9,15.6,0.0,0.0,0.0,0.0,0.0,0.0,0.0,0.0,0.0,0.0,90.5,28.6,26.5,12.0,63.2,0.0,3.3,1985.0,59.0,52.1,0.0,3.8,4.1,10.4,10.7,34.2,0.0,0.0,0.0,0.0,20.5,19.5,25.4,21.9,29.6,23.98,64.27,23.31,25.64,90.91,28.4,91.29,93.97,5875.0,49874.0,,,13720.0,1924.0,26250.0,,50,1985.0
2025-09-17,90.1,0.0,2246.0,38.4,12.1,0.1,0.1,0.0,0.0,3.6,201.0,258.8,16.6,74.2,221.5,332.0,5.4,6.0,18.3,0.0,0.0,0.0,481.0,70.0,0.0,0.0,0.0,0.0,0.0,90.5,28.6,26.0,12.0,63.7,0.0,3.3,1985.0,57.0,52.6,0.0,3.8,4.1,10.4,10.6,34.8,0.0,0.0,0.0,0.0,21.0,19.8,25.0,22.3,28.4,23.53,64.09,23.31,25.7,90.73,28.37,91.21,93.93,6356.0,50548.0,,,14280.0,1949.0,26740.0,,50,1985.0
2025-09-18,91.2,0.0,1633.9,27.200000000000003,10.0,0.0,0.0,0.0,200.0,2.8,74.0,162.4,7.9,77.80000000000001,182.7,0.0,0.0,0.0,0.0,0.0,0.0,0.0,150.0,30.0,0.0,0.0,0.0,0.0,0.0,91.1,28.7,23.7,11.0,66.1,0.0,3.4,1992.0,48.0,54.5,0.0,4.0,4.1,10.4,10.7,36.9,0.0,0.0,0.0,0.0,19.1,20.1,25.7,22.5,24.2,21.59,64.27,23.12,25.49,90.73,28.33,91.14,93.89,6506.0,50679.0,,,14420.0,1953.0,26110.0,,50,1992.0
2025-09-19,0.0,0.0,1789.5,7.5,4.5,0.0,0.0,0.0,0.0,0.0,0.0,99.60000000000001,0.0,88.80000000000001,137.39999999999998,0.0,0.0,0.0,0.0,0.0,0.0,0.0,0.0,0.0,0.0,0.0,0.0,0.0,0.0,90.6,28.6,25.2,12.0,64.4,0.0,3.4,1986.0,54.0,53.2,0.0,3.2,5.5,10.4,10.6,34.7,0.0,0.0,0.0,0.0,29.6,10.1,25.5,22.6,27.5,22.83,64.41,22.89,25.26,90.66,28.3,91.07,93.84,6285.0,50705.0,,,13300.0,1924.0,25970.0,,50,1986.0
2025-09-20,0.0,0.0,1800.0,0.0,0.0,0.0,0.0,0.0,0.0,0.0,0.0,0.0,0.0,0.0,0.0,0.0,0.0,0.0,0.0,0.0,0.0,0.0,0.0,0.0,0.0,0.0,0.0,0.0,0.0,,0.0,,0.0,,0.0,0.0,,0.0,0.0,0.0,,,,,,0.0,0.0,0.0,0.0,,,,,,,64.65,22.72,25.05,90.73,28.27,91.0,93.8,6285.0,51069.0,,,11690.0,1882.0,24290.0,,50,
2025-09-21,0.0,0.0,1800.0,0.0,0.0,0.0,0.0,0.0,0.0,0.0,0.0,0.0,0.0,0.0,0.0,0.0,0.0,0.0,0.0,0.0,0.0,0.0,0.0,0.0,0.0,0.0,0.0,0.0,0.0,,0.0,,0.0,,0.0,0.0,,0.0,0.0,0.0,,,,,,0.0,0.0,0.0,0.0,,,,,,,64.74,22.64,24.96,90.74,28.23,90.93,93.76,6135.0,50998.0,,,11480.0,1878.0,23520.0,,50,
2025-09-22,89.9,0.0,1976.7,44.1,11.4,0.0,0.0,0.0,0.0,0.0,0.0,160.4,0.0,108.80000000000001,226.8,0.0,0.0,0.0,0.0,0.0,0.0,0.0,507.0,87.0,0.0,0.0,0.0,0.0,0.0,89.8,28.3,24.8,12.0,64.2,0.0,3.3,1977.0,52.0,53.5,0.0,4.2,4.1,10.4,10.5,35.0,0.0,0.0,0.0,0.0,16.1,19.2,24.3,22.9,27.0,22.27,64.32,22.84,25.24,90.5,28.2,90.86,93.71,6385.0,50994.0,,,13020.0,1921.0,24500.0,,50,1977.0
2025-09-23,90.2,0.0,1464.7,55.2,12.399999999999999,2.9,5.5,0.1,758.0,215.0,369.5,104.4,10.9,36.9,138.39999999999998,47.7,106.5,8.9,15.6,0.0,0.0,0.0,0.0,0.0,0.0,0.0,0.0,0.0,0.0,90.4,28.5,24.4,11.0,64.9,0.0,3.4,1984.0,51.0,53.8,0.0,3.5,5.0,10.6,10.6,35.2,0.0,0.0,0.0,0.0,24.1,12.7,23.3,22.1,26.9,22.06,64.66,22.46,24.82,90.48,28.17,90.79,93.67,5964.0,50620.0,,,12180.0,1895.0,,,50,1984.0
2025-09-24,90.4,0.0,1404.1,36.4,9.5,0.6,3.6,0.0,200.0,2.1,275.0,160.10000000000002,8.0,57.2,122.4,332.0,5.4,6.0,0.3,0.0,0.0,0.0,0.0,0.0,0.0,0.0,0.0,0.0,0.0,90.4,28.5,25.4,12.0,64.1,0.0,3.3,1984.0,54.0,53.0,0.0,4.0,4.2,10.5,10.6,34.8,0.0,0.0,0.0,0.0,18.9,18.7,23.8,22.7,28.0,22.96,64.74,22.34,24.7,90.46,28.13,90.71,93.63,5964.0,50514.0,,,12530.0,1903.0,,,50,1984.0
2025-09-25,90.1,0.0,1352.5,49.6,3.1,1.9,4.9,0.0,147.1,498.9,570.6,149.9,7.800000000000001,33.5,108.4,0.0,108.8,3.7,8.5,0.0,0.0,0.0,0.0,0.0,0.0,0.0,0.0,0.0,0.0,90.5,28.6,24.2,11.0,65.2,0.0,3.4,1985.0,50.0,54.0,0.0,3.9,4.1,10.5,10.7,36.0,0.0,0.0,0.0,0.0,19.4,19.1,24.1,21.8,26.0,21.9,64.56,22.4,24.8,90.34,28.1,90.64,93.59,5964.0,50359.0,,,11760.0,1872.0,,,50,1985.0
2025-09-26,90.1,0.0,1521.4,36.8,12.1,0.5,3.5,0.0,200.0,134.0,758.0,126.4,4.0,74.2,171.2,0.0,0.0,0.0,0.0,0.0,0.0,0.0,250.0,30.0,0.0,0.0,0.0,0.0,0.0,90.5,28.6,24.9,12.0,64.6,0.0,3.4,1985.0,53.0,53.4,0.0,4.1,3.8,10.4,10.6,35.7,0.0,0.0,0.0,0.0,17.4,22.4,24.9,22.1,26.7,22.53,64.6,22.34,24.74,90.32,28.07,90.57,93.54,5671.0,49573.0,,,11900.0,1860.0,,,50,1985.0
2025-09-27,90.4,0.0,1366.9,33.599999999999994,6.300000000000001,1.0,7.0,0.0,0.0,0.0,0.0,113.2,0.4,46.5,141.89999999999998,0.0,0.0,0.0,0.0,0.0,0.0,0.0,110.0,20.0,0.0,0.0,0.0,0.0,0.0,90.5,28.6,24.5,11.0,64.9,0.0,3.4,1985.0,51.0,53.8,0.0,4.1,3.7,10.5,10.5,36.1,0.0,0.0,0.0,0.0,18.1,23.2,24.2,23.0,25.8,22.17,64.65,22.32,24.7,90.35,28.03,90.5,93.5,5781.0,48950.0,,,11690.0,1829.0,,,50,1985.0
2025-09-28,89.7,0.0,2057.6,39.8,10.1,0.5,3.5,0.0,0.0,0.0,0.0,204.60000000000002,0.5,78.9,211.4,0.0,0.0,0.0,0.0,0.0,300.0,0.0,550.0,100.0,0.0,0.0,0.0,0.0,0.0,90.1,28.4,25.7,12.0,63.6,0.0,3.3,1981.0,56.0,52.8,0.0,3.7,4.3,10.2,10.5,34.9,0.0,0.0,0.0,0.0,22.2,17.1,26.0,22.9,27.7,23.16,64.5,22.44,24.84,90.31,28.0,90.43,93.46,6331.0,49396.0,,,12390.0,1848.0,,,50,1981.0
2025-09-29,90.3,0.0,1092.6,37.1,9.9,2.0,14.0,0.0,200.0,0.4,74.0,75.10000000000001,4.9,32.0,115.4,0.0,0.0,0.0,0.0,0.0,0.0,0.0,0.0,0.0,0.0,0.0,0.0,0.0,0.0,90.5,28.6,25.4,12.0,64.2,0.0,3.3,1985.0,54.0,53.1,0.0,3.9,4.0,10.4,10.7,35.2,0.0,0.0,0.0,0.0,19.7,20.7,24.7,21.9,27.6,22.99,64.5,22.54,24.93,90.41,27.97,90.36,93.41,6181.0,48658.0,,,11830.0,1810.0,,,50,1985.0
2025-09-30,0.0,0.0,1663.8,54.099999999999994,21.1,3.0,5.6,0.1,558.0,219.5,496.5,144.8,5.1,92.4,143.39999999999998,379.7,111.9,14.9,15.9,0.0,400.0,0.0,451.0,60.0,0.0,0.0,0.0,0.0,0.0,90.0,28.4,26.4,12.0,63.0,0.0,3.3,1980.0,58.0,52.2,0.0,3.7,4.0,10.6,10.4,34.3,0.0,0.0,0.0,0.0,21.6,19.7,23.3,23.3,29.3,23.76,64.23,22.78,25.21,90.36,27.93,90.29,93.37,6125.0,48462.0,,,12810.0,1838.0,,,50,1980.0
2025-10-01,0.0,0.0,1804.1999999999998,74.9,14.899999999999999,2.0,14.0,0.0,229.4,1032.1,110.5,155.2,8.5,54.800000000000004,131.6,0.0,0.0,0.0,0.0,0.0,0.0,0.0,0.0,0.0,0.0,0.0,0.0,0.0,0.0,90.1,28.4,26.4,12.0,63.1,0.0,3.3,1981.0,58.0,52.2,0.0,3.7,4.2,10.5,10.5,34.2,0.0,0.0,0.0,0.0,22.0,18.1,24.1,22.6,29.4,23.79,64.09,22.9,25.36,90.31,27.9,90.21,93.33,6125.0,48777.0,,,12530.0,1839.0,,,50,1981.0
2025-10-02,90.3,0.0,1152.3,15.1,2.6,0.0,0.0,0.0,0.0,0.3,0.0,125.7,10.6,78.80000000000001,129.5,0.0,0.0,0.0,0.0,0.0,0.0,0.0,0.0,0.0,0.0,0.0,0.0,0.0,0.0,90.0,28.4,25.6,12.0,63.6,0.0,3.3,1980.0,55.0,52.8,0.0,4.1,4.0,10.5,10.5,34.5,0.0,0.0,0.0,0.0,17.5,20.4,23.9,22.5,28.4,23.04,63.86,23.06,25.56,90.24,27.87,90.14,93.29,5594.0,48128.0,,,13090.0,1854.0,,,50,1980.0
2025-10-03,89.7,0.0,1513.8000000000002,42.2,13.200000000000001,1.0,7.0,0.0,200.0,0.4,74.0,149.2,0.4,44.7,125.0,0.0,0.0,0.0,0.0,0.0,0.0,0.0,0.0,0.0,0.0,0.0,0.0,0.0,0.0,89.6,28.3,26.0,12.0,63.0,0.0,3.3,1975.0,57.0,52.5,0.0,3.8,4.1,10.1,10.4,34.6,0.0,0.0,0.0,0.0,20.2,19.1,26.3,23.2,28.0,23.3,63.63,23.17,25.71,90.11,27.83,90.07,93.24,5484.0,47775.0,,,14000.0,1876.0,,,50,1975.0
2025-10-04,89.1,0.0,2117.2,54.9,19.4,0.0,0.0,0.0,68.8,73.8,453.8,187.7,5.7,61.099999999999994,214.7,196.1,170.0,31.3,58.7,0.0,0.0,0.0,507.0,87.0,0.0,0.0,0.0,0.0,0.0,89.6,28.3,26.0,12.0,63.0,0.0,3.3,1975.0,57.0,52.4,0.0,3.6,4.3,10.5,10.4,34.2,0.0,0.0,0.0,0.0,23.2,16.8,23.0,22.9,29.1,23.3,63.36,23.33,25.93,89.99,27.8,90.0,93.2,5991.0,48406.0,12150.0,100751.0,14490.0,1897.0,,,50,1975.0
2025-10-05,90.0,0.0,1368.3000000000002,28.4,6.8,0.1,0.0,0.0,0.0,6.0,265.5,149.7,3.6999999999999997,44.7,122.7,94.5,319.5,1.5,3.0,0.0,0.0,0.0,0.0,0.0,0.0,0.0,0.0,0.0,0.0,89.8,28.4,25.4,12.0,63.7,0.0,3.3,1977.0,55.0,53.0,0.0,3.8,3.9,10.4,10.6,35.0,0.0,0.0,0.0,0.0,20.7,20.5,24.2,21.7,27.8,22.81,63.37,23.28,25.89,89.94,27.77,89.93,93.16,5991.0,48447.0,11919.0,100200.0,13790.0,1875.0,,,50,1977.0
2025-10-06,89.6,0.0,1325.4,40.0,14.0,3.5,9.0,0.1,758.0,217.2,754.2,123.5,9.2,49.800000000000004,118.1,47.7,130.1,9.5,15.6,0.0,0.0,0.0,0.0,0.0,0.0,0.0,0.0,0.0,0.0,89.6,28.3,23.8,11.0,64.9,0.0,3.4,1975.0,49.0,54.3,0.0,3.8,4.4,10.2,10.5,36.0,0.0,0.0,0.0,0.0,20.0,16.6,25.4,22.2,25.0,21.32,63.47,23.05,25.66,89.81,27.73,89.86,93.11,5272.0,47772.0,11419.0,99581.0,13720.0,1874.0,,,50,1975.0
2025-10-07,89.6,0.0,1578.2,21.0,12.4,0.1,0.0,0.0,200.0,1598.4,288.0,199.6,9.2,104.8,153.6,0.0,15.3,3.9000000000000004,10.600000000000001,0.0,0.0,0.0,0.0,0.0,0.0,0.0,0.0,0.0,0.0,89.5,28.2,26.1,12.0,62.9,0.0,3.3,1974.0,57.0,52.4,0.0,3.8,4.0,10.3,10.7,34.1,0.0,0.0,0.0,0.0,20.7,19.9,24.7,20.3,29.3,23.36,63.46,22.99,25.61,89.74,27.7,89.79,93.07,5051.0,47787.0,11419.0,99364.0,14000.0,1891.0,,,50,1974.0
2025-10-08,89.9,0.0,1493.5,21.9,8.5,1.9,3.7,0.0,372.0,1679.0,226.5,159.4,3.9,92.60000000000001,160.1,42.3,106.5,6.1,10.7,0.0,0.0,0.0,0.0,0.0,0.0,0.0,0.0,0.0,0.0,89.9,28.4,25.6,12.0,63.6,0.0,3.3,1978.0,55.0,52.8,0.0,3.8,4.1,10.6,10.7,34.4,0.0,0.0,0.0,0.0,20.8,19.1,23.2,21.3,28.7,23.01,63.53,22.88,25.5,89.71,27.67,89.71,93.03,4561.0,47889.0,11419.0,99702.0,14840.0,1939.0,18130.0,1774.0,50,1978.0
2025-10-09,88.8,0.0,1324.7,34.5,9.8,2.2,7.8,0.0,200.0,5.6,405.6,144.9,11.2,69.5,120.6,0.2,15.4,1.9,3.7,0.0,0.0,0.0,0.0,0.0,0.0,0.0,0.0,0.0,0.0,89.3,28.2,26.8,12.0,62.1,0.0,3.2,1972.0,60.0,51.8,0.0,3.7,4.1,10.4,10.4,33.5,0.0,0.0,0.0,0.0,21.7,19.0,23.5,23.1,30.1,23.93,63.31,23.0,25.67,89.61,27.63,89.64,92.98,4561.0,47836.0,10912.0,98928.0,15120.0,1946.0,17080.0,1752.0,50,1972.0
2025-10-10,89.0,0.0,1651.4,23.9,6.5,1.1,7.0,0.0,0.0,585.6,116.0,185.0,5.9,105.0,169.4,1.4,1.7,1.8,19.0,0.0,0.0,0.0,481.0,70.0,0.0,0.0,0.0,0.0,0.0,88.7,28.0,23.9,11.0,64.2,0.0,3.3,1965.0,49.0,54.2,0.0,4.3,3.4,10.2,10.3,36.0,0.0,0.0,0.0,0.0,15.2,26.4,24.9,22.7,24.6,21.2,63.49,22.7,25.37,89.49,27.6,89.57,92.94,4882.0,47936.0,11393.0,99144.0,15960.0,1967.0,17920.0,1761.0,50,1965.0
2025-10-11,0.0,0.0,1488.3000000000002,53.2,16.7,1.5,8.4,0.0,200.0,0.2,74.0,111.2,5.7,37.2,142.7,294.1,255.0,47.0,88.0,0.0,0.0,0.0,0.0,0.0,0.0,0.0,0.0,0.0,0.0,89.9,28.4,24.1,11.0,64.9,0.0,3.4,1978.0,50.0,54.1,0.0,3.8,4.2,10.3,10.6,36.0,0.0,0.0,0.0,0.0,20.7,18.5,25.0,22.2,25.2,21.67,63.76,22.47,25.1,89.53,27.57,89.5,92.9,4375.0,47426.0,11283.0,98652.0,15190.0,1941.0,19390.0,1779.0,50,1978.0
2025-10-12,88.9,0.0,1621.8000000000002,42.3,14.0,0.5,3.5,0.0,200.0,32.9,74.0,163.5,0.5,50.400000000000006,137.2,0.0,0.0,0.0,0.0,0.0,300.0,0.0,361.0,70.0,0.0,0.0,0.0,0.0,0.0,88.8,28.0,25.2,12.0,63.1,0.0,3.3,1966.0,54.0,53.1,0.0,3.8,3.8,10.4,10.4,34.7,0.0,0.0,0.0,0.0,19.3,20.8,23.2,22.3,27.6,22.38,63.67,22.41,25.07,89.39,27.53,89.43,92.86,4586.0,47336.0,11644.0,98613.0,15960.0,1957.0,22330.0,1822.0,50,1966.0
2025-10-13,89.3,0.0,1412.2,19.6,7.0,0.0,0.0,0.0,0.0,0.9,0.0,152.3,3.6,99.10000000000001,158.1,0.0,0.0,0.0,0.0,0.0,0.0,0.0,140.0,15.0,0.0,0.0,0.0,0.0,0.0,89.4,28.2,21.4,10.0,66.8,0.0,3.5,1973.0,41.0,56.3,0.0,4.0,4.2,10.2,10.8,37.6,0.0,0.0,0.0,0.0,17.9,17.7,25.6,19.8,21.4,19.13,63.94,22.1,24.73,89.36,27.5,89.36,92.81,4726.0,47126.0,11403.0,98242.0,15190.0,1920.0,23240.0,1835.0,50,1973.0
2025-10-14,0.0,0.0,1232.5,29.6,7.7,2.9,5.5,0.1,558.0,215.0,295.5,110.80000000000001,1.1,59.800000000000004,133.89999999999998,47.7,106.5,8.9,15.6,0.0,0.0,0.0,150.0,30.0,0.0,0.0,0.0,0.0,0.0,89.4,28.2,21.4,10.0,66.8,0.0,3.5,1973.0,41.0,56.3,0.0,4.0,4.2,10.2,10.8,37.6,0.0,0.0,0.0,0.0,17.9,17.7,25.6,19.8,21.4,19.13,64.5,21.49,24.06,89.34,27.47,89.29,92.77,4138.0,46791.0,10984.0,97738.0,13510.0,1872.0,23170.0,1832.0,50,1973.0
2025-10-15,87.9,0.0,1395.6999999999998,40.1,11.8,1.0,7.0,0.0,200.0,1.5,74.0,150.70000000000002,4.3,55.400000000000006,139.8,0.0,0.0,0.0,0.0,0.0,0.0,0.0,0.0,0.0,0.0,0.0,0.0,0.0,0.0,88.4,27.9,27.4,12.0,61.0,0.0,3.2,1962.0,62.0,51.3,0.0,3.5,4.4,10.5,10.1,32.5,0.0,0.0,0.0,0.0,22.9,15.9,22.0,24.4,31.4,24.22,64.13,21.67,24.31,89.13,27.43,89.21,92.73,4138.0,46921.0,10528.0,97182.0,13720.0,1883.0,24850.0,1858.0,50,1962.0
2025-10-16,88.6,0.0,1930.3,40.2,22.2,0.0,0.0,0.0,400.0,0.3,148.0,203.7,9.1,112.2,195.79999999999998,0.0,0.0,0.0,36.0,0.0,0.0,0.0,507.0,87.0,0.0,0.0,0.0,0.0,0.0,88.5,27.9,27.7,12.0,60.8,0.0,3.2,1963.0,63.0,51.0,0.0,3.6,3.8,10.2,10.4,32.8,0.0,0.0,0.0,0.0,22.0,20.9,24.4,22.3,31.5,24.51,63.94,21.75,24.44,89.01,27.4,89.14,92.68,4645.0,47580.0,10520.0,97453.0,13300.0,1874.0,27020.0,1899.0,50,1963.0
2025-10-17,87.8,0.0,1661.8,40.0,16.3,2.0,14.0,0.0,400.0,1.0,152.3,179.10000000000002,11.6,52.9,144.6,0.4,156.0,0.3,0.1,0.0,0.0,0.0,0.0,0.0,0.0,0.0,0.0,0.0,0.0,87.9,27.7,26.3,12.0,61.6,0.0,3.2,1956.0,58.0,52.1,0.0,3.6,4.2,10.0,10.3,33.5,0.0,0.0,0.0,0.0,21.2,16.7,25.6,22.3,29.2,23.12,63.57,22.02,24.79,88.9,27.37,89.07,92.64,4164.0,46995.0,10520.0,97543.0,12810.0,1855.0,27090.0,1902.0,50,1956.0
2025-10-18,88.3,0.0,1954.5,37.3,14.799999999999999,1.0,7.0,0.0,509.5,1384.7,5858.7,173.89999999999998,78.2,19.9,114.99999999999999,155.0,4662.5,1.6,2.7,0.0,0.0,0.0,800.0,80.0,0.0,0.0,0.0,0.0,0.0,88.7,28.0,25.5,12.0,62.8,0.0,3.3,1965.0,55.0,52.8,0.0,3.8,4.1,10.2,10.4,34.3,0.0,0.0,0.0,0.0,19.8,18.5,24.8,22.5,27.9,22.62,63.27,22.16,24.99,88.73,27.33,89.0,92.6,4814.0,47316.0,11320.0,97994.0,14000.0,1883.0,28420.0,1918.0,50,1965.0
2025-10-19,0.0,0.0,2220.7,67.89999999999999,13.600000000000001,3.1,20.9,0.0,0.0,5.3,214.0,237.7,4.8,141.9,155.2,0.0,15.3,1.2,1.3,0.0,0.0,0.0,0.0,0.0,0.0,0.0,0.0,0.0,0.0,,0.0,,0.0,,0.0,0.0,,0.0,0.0,0.0,,,,,,0.0,0.0,0.0,0.0,,,,,,,63.3,22.12,24.95,88.72,27.3,88.93,92.56,4814.0,47747.0,11099.0,98452.0,13580.0,1884.0,26880.0,1904.0,50,
2025-10-20,0.0,0.0,1942.8,57.1,22.4,0.5,3.1,0.0,257.4,662.7,578.5,237.1,2.0,66.7,116.4,0.0,23.900000000000002,1.4,6.9,0.0,0.0,0.0,800.0,80.0,0.0,0.0,0.0,0.0,0.0,88.9,28.1,25.7,12.0,62.8,0.0,3.3,1967.0,56.0,52.7,0.0,3.6,4.4,10.5,10.5,33.8,0.0,0.0,0.0,0.0,21.7,15.8,22.4,21.8,29.3,22.85,62.63,22.74,25.67,88.63,27.27,88.86,92.51,5614.0,47890.0,11899.0,98959.0,14700.0,1899.0,26390.0,1891.0,50,1967.0
2025-10-21,89.2,0.0,1553.0,37.9,19.0,1.1,2.8,0.0,39.6,33.6,0.0,151.8,0.0,77.3,143.6,0.0,0.0,0.0,0.0,0.0,0.0,0.0,0.0,0.0,0.0,0.0,0.0,0.0,0.0,89.4,28.2,26.1,12.0,62.7,0.0,3.3,1973.0,57.0,52.3,0.0,3.9,4.5,10.7,10.3,33.3,0.0,0.0,0.0,0.0,19.0,15.4,21.3,23.4,30.3,23.33,61.95,23.44,26.45,88.63,27.23,88.79,92.47,5614.0,47643.0,11749.0,98641.0,14770.0,1893.0,26250.0,1886.0,50,1973.0
2025-10-22,88.7,0.0,1618.0,67.6,20.3,4.1,23.7,0.0,0.0,0.4,0.0,110.2,0.0,31.200000000000003,134.0,0.0,0.0,0.0,0.0,0.0,0.0,0.0,0.0,0.0,0.0,0.0,0.0,0.0,0.0,88.8,28.0,26.8,12.0,61.8,0.0,3.2,1966.0,60.0,51.7,0.0,3.7,4.3,10.7,10.4,32.7,0.0,0.0,0.0,0.0,20.4,16.8,20.9,22.4,31.5,23.8,62.08,23.37,26.35,88.7,27.2,88.71,92.43,5107.0,47284.0,11492.0,98278.0,12600.0,1826.0,25620.0,1873.0,50,1966.0
2025-10-23,88.6,0.0,1845.5,32.1,6.300000000000001,0.2,0.0,0.0,0.0,1555.2,769.4,231.10000000000002,7.2,165.0,155.7,0.0,50.2,3.2,7.0,0.0,0.0,0.0,0.0,0.0,0.0,0.0,0.0,0.0,0.0,88.3,27.9,27.6,12.0,60.8,0.0,3.2,1961.0,63.0,51.1,0.0,3.8,4.0,10.5,10.3,32.2,0.0,0.0,0.0,0.0,19.8,19.0,22.0,22.7,32.2,24.37,62.08,23.35,26.33,88.67,27.17,88.64,92.38,5107.0,47665.0,11071.0,98285.0,12670.0,1841.0,24850.0,1868.0,50,1961.0
2025-10-24,87.9,0.0,1344.3,34.6,6.1,0.0,0.0,0.0,0.0,0.0,0.0,160.60000000000002,0.6,25.4,85.5,0.0,0.0,0.0,0.0,0.0,0.0,0.0,160.0,15.0,0.0,0.0,0.0,0.0,0.0,87.9,27.7,26.6,12.0,61.3,0.0,3.2,1956.0,59.0,51.9,0.0,3.5,4.1,10.2,10.5,33.0,0.0,0.0,0.0,0.0,23.6,17.9,24.5,20.6,30.1,23.38,62.03,23.39,26.38,88.67,27.13,88.57,92.34,5267.0,47605.0,11231.0,98119.0,12530.0,1829.0,25060.0,1866.0,50,1956.0
2025-10-25,88.5,0.0,1974.8000000000002,72.8,20.1,0.6,3.5,0.0,365.0,179.0,1377.0,141.4,5.2,66.9,175.7,0.0,15.3,1.2,1.3,0.0,200.0,0.0,588.0,70.0,0.0,0.0,0.0,0.0,0.0,88.5,27.9,26.6,12.0,61.8,0.0,3.2,1963.0,59.0,51.9,0.0,3.4,4.2,10.2,10.5,33.5,0.0,0.0,0.0,0.0,25.2,17.3,25.0,21.3,29.7,23.54,61.87,23.54,26.57,88.63,27.1,88.5,92.3,5855.0,48228.0,11819.0,98587.0,11970.0,1811.0,23730.0,1842.0,50,1963.0
2025-10-26,88.5,0.0,1496.7,38.1,6.4,0.1,0.0,0.0,0.0,2.0,214.0,153.0,5.1,35.0,126.0,0.0,15.3,1.2,1.3,0.0,0.0,0.0,0.0,0.0,0.0,0.0,0.0,0.0,0.0,88.6,27.9,25.5,12.0,62.7,0.0,3.3,1964.0,55.0,52.8,0.0,3.7,4.1,10.3,10.6,34.0,0.0,0.0,0.0,0.0,20.5,18.1,23.7,20.6,28.7,22.59,61.99,23.41,26.41,88.63,27.07,88.43,92.26,5605.0,48203.0,11276.0,97776.0,11830.0,1814.0,23730.0,1837.0,50,1964.0
2025-10-27,88.3,0.0,1614.4,23.700000000000003,4.9,0.0,0.0,0.0,0.0,1.0,0.0,185.6,4.2,101.4,164.1,0.0,0.0,0.0,0.0,0.0,0.0,0.0,0.0,0.0,0.0,0.0,0.0,0.0,0.0,88.3,27.9,25.7,12.0,62.4,0.0,3.3,1961.0,56.0,52.7,0.0,3.8,3.9,10.3,10.4,34.0,0.0,0.0,0.0,0.0,19.2,19.5,23.6,21.5,28.7,22.69,61.93,23.39,26.41,88.54,27.03,88.36,92.21,5495.0,48450.0,11276.0,97400.0,12670.0,1854.0,24360.0,1841.0,50,1961.0
2025-10-28,88.3,0.0,1880.9,47.900000000000006,20.7,1.0,7.0,0.0,400.0,5.9,148.0,161.60000000000002,3.2,34.8,196.3,0.0,0.0,0.0,0.0,0.0,200.0,0.0,260.0,40.0,0.0,0.0,0.0,0.0,0.0,88.4,27.9,26.2,12.0,61.9,0.0,3.2,1962.0,58.0,52.2,0.0,3.6,4.6,10.2,10.5,33.0,0.0,0.0,0.0,0.0,21.3,14.3,24.3,20.7,30.2,23.16,61.81,23.36,26.43,88.4,27.0,88.29,92.17,5205.0,48274.0,11536.0,97670.0,13370.0,1881.0,25760.0,1865.0,50,1962.0
2025-10-29,88.3,0.0,1344.1,24.8,9.1,0.5,3.5,0.0,200.0,1.1,127.5,92.9,1.2,36.0,179.1,0.0,3.8,2.9,0.3,0.0,0.0,0.0,0.0,0.0,0.0,0.0,0.0,0.0,0.0,88.5,27.9,25.7,12.0,62.5,0.0,3.3,1963.0,56.0,52.6,0.0,3.6,4.0,10.3,10.4,34.2,0.0,0.0,0.0,0.0,22.0,19.5,24.2,22.1,28.2,22.74,61.91,23.21,26.27,88.36,26.97,88.21,92.13,5205.0,48525.0,11386.0,97183.0,14350.0,1922.0,26180.0,1866.0,50,1963.0
2025-10-30,88.0,0.0,1487.7,32.3,12.4,3.0,5.5,0.1,758.0,218.3,540.7,141.8,8.5,47.7,155.6,47.7,118.8,10.5,16.7,0.0,0.0,0.0,0.0,0.0,0.0,0.0,0.0,0.0,0.0,88.0,27.8,26.1,12.0,61.8,0.0,3.2,1957.0,58.0,52.3,0.0,3.7,3.9,10.1,10.5,33.6,0.0,0.0,0.0,0.0,19.8,20.0,25.2,20.4,29.3,22.97,62.06,23.01,26.06,88.31,26.93,88.14,92.08,4754.0,48349.0,10879.0,96811.0,14350.0,1932.0,27160.0,1885.0,50,1957.0
2025-10-31,87.8,0.0,1537.2,30.1,13.2,0.6,3.5,0.0,200.0,390.0,458.7,166.0,23.6,85.0,167.4,0.0,23.6,0.6,0.0,0.0,0.0,0.0,0.0,0.0,0.0,0.0,0.0,0.0,0.0,87.9,27.7,25.1,11.0,62.6,0.0,3.3,1956.0,54.0,53.2,0.0,3.5,4.2,10.2,10.4,34.3,0.0,0.0,0.0,0.0,23.5,16.5,24.2,21.7,27.3,22.06,62.24,22.82,25.84,88.31,26.9,88.07,92.04,4754.0,48082.0,10879.0,96859.0,14000.0,1911.0,26530.0,1875.0,50,1956.0
2025-11-01,87.6,0.0,1941.4,30.8,4.8,0.7,4.9,0.0,0.0,0.0,0.0,77.7,0.2,8.3,103.7,0.0,0.0,0.0,0.0,0.0,0.0,0.0,0.0,0.0,0.0,0.0,0.0,0.0,0.0,87.7,27.7,25.9,12.0,61.7,0.0,3.2,1954.0,57.0,52.4,0.0,3.7,3.9,10.2,10.3,33.6,0.0,0.0,0.0,0.0,20.6,19.2,24.0,22.2,28.8,22.71,62.23,22.7,25.74,88.2,26.87,88.0,92.0,4754.0,48871.0,10348.0,97000.0,14280.0,1947.0,27370.0,1900.0,50,1954.0
2025-11-02,87.8,0.0,2057.0,46.3,17.9,0.7,3.5,0.0,400.0,585.0,917.4,241.0,5.0,113.4,156.8,0.0,47.2,1.2,0.0,0.0,0.0,0.0,507.0,87.0,0.0,0.0,0.0,0.0,0.0,87.7,27.7,25.4,12.0,62.2,0.0,3.3,1954.0,55.0,52.9,0.0,3.6,4.0,10.3,10.3,34.0,0.0,0.0,0.0,0.0,20.9,18.4,23.4,21.8,28.2,22.28,62.16,22.66,25.73,88.07,26.83,87.93,91.96,5261.0,49414.0,10745.0,97190.0,14280.0,1948.0,28280.0,1912.0,50,1954.0
2025-11-03,88.6,0.0,1578.0,34.9,4.5,0.2,0.1,0.0,0.0,587.0,415.0,151.2,6.5,103.10000000000001,161.2,332.0,20.700000000000003,7.2,1.6,0.0,0.0,0.0,150.0,30.0,0.0,0.0,0.0,0.0,0.0,88.4,27.9,25.5,12.0,62.6,0.0,3.3,1962.0,55.0,52.8,0.0,3.5,4.2,10.3,10.5,34.1,0.0,0.0,0.0,0.0,22.6,17.6,23.5,21.2,28.4,22.54,62.19,22.64,25.7,88.09,26.8,87.86,91.91,4904.0,48875.0,10895.0,97282.0,13300.0,1909.0,27790.0,1903.0,50,1962.0
2025-11-04,0.0,0.0,1535.7,27.2,9.9,0.5,3.5,0.0,200.0,3.7,74.0,179.5,8.4,97.1,142.0,0.0,0.0,0.0,0.0,0.0,0.0,0.0,0.0,0.0,0.0,0.0,0.0,0.0,0.0,87.6,27.7,26.5,12.0,61.2,0.0,3.2,1953.0,59.0,51.9,0.0,3.7,4.0,10.4,10.3,32.8,0.0,0.0,0.0,0.0,20.7,19.0,22.3,22.2,30.3,23.21,62.09,22.64,25.74,87.97,26.77,87.79,91.87,4904.0,49042.0,10895.0,97490.0,13790.0,1931.0,27580.0,1903.0,50,1953.0
2025-11-05,87.6,0.0,1460.5,17.1,9.8,0.0,0.0,0.0,200.0,585.6,74.0,165.7,0.6,97.30000000000001,154.4,0.0,0.0,0.0,0.0,0.0,0.0,0.0,0.0,0.0,0.0,0.0,0.0,0.0,0.0,87.6,27.7,24.7,11.0,62.7,0.0,3.3,1953.0,52.0,53.5,0.0,3.6,3.9,10.1,10.4,34.7,0.0,0.0,0.0,0.0,21.1,19.5,24.3,21.3,26.6,21.64,62.11,22.49,25.6,87.84,26.73,87.71,91.83,4904.0,49178.0,10176.0,96949.0,13790.0,1935.0,27510.0,1905.0,50,1953.0
2025-11-06,87.5,0.0,1546.0,35.1,18.2,2.9,5.5,0.1,558.0,215.0,295.5,141.4,1.1,126.99999999999999,160.0,47.7,106.5,8.9,15.6,0.0,0.0,0.0,180.0,15.0,0.0,0.0,0.0,0.0,0.0,87.4,27.6,25.3,11.0,62.0,0.0,3.2,1950.0,55.0,52.9,0.0,3.7,3.8,10.1,10.2,34.2,0.0,0.0,0.0,0.0,20.4,20.5,24.5,22.2,27.4,22.11,62.14,22.36,25.49,87.76,26.7,87.64,91.78,5084.0,49145.0,10135.0,96932.0,13860.0,1931.0,27860.0,1911.0,50,1950.0
2025-11-07,87.0,0.0,1800.0,21.5,8.5,2.9,5.5,0.1,558.0,215.0,295.5,72.5,1.1,60.7,111.3,47.7,106.5,8.9,15.6,0.0,0.0,0.0,150.0,30.0,0.0,0.0,0.0,0.0,0.0,87.0,27.4,27.3,12.0,60.1,0.0,3.2,1946.0,62.0,51.3,0.0,3.6,3.7,10.1,10.1,32.6,0.0,0.0,0.0,0.0,21.5,21.0,24.4,22.7,30.6,23.75,61.79,22.61,25.8,87.63,26.67,87.57,91.74,5234.0,49452.0,9795.0,97341.0,14560.0,1959.0,29400.0,1949.0,50,1946.0
2025-11-08,86.7,0.0,1774.3000000000002,46.4,8.0,0.2,0.0,0.0,0.0,2.0,598.7,204.3,7.3,88.2,130.60000000000002,0.0,38.9,1.8,1.3,0.0,0.0,0.0,481.0,70.0,0.0,0.0,0.0,0.0,0.0,86.8,27.4,25.5,11.0,61.5,0.0,3.2,1944.0,55.0,52.7,0.0,3.3,4.7,9.9,10.1,33.5,0.0,0.0,0.0,0.0,24.6,12.7,25.7,22.6,27.9,22.13,61.76,22.52,25.74,87.5,26.63,87.5,91.7,5715.0,49902.0,10276.0,97737.0,14770.0,1965.0,29890.0,1956.0,50,1944.0
2025-11-09,86.7,0.0,1380.5,42.3,10.1,0.0,0.0,0.0,200.0,0.0,74.0,129.39999999999998,0.3,42.1,113.1,0.0,0.0,0.0,0.0,0.0,0.0,0.0,0.0,0.0,0.0,0.0,0.0,0.0,0.0,86.8,27.4,26.2,12.0,60.9,0.0,3.2,1944.0,58.0,52.2,0.0,3.5,3.9,10.0,10.3,33.2,0.0,0.0,0.0,0.0,21.9,18.6,24.4,21.5,29.2,22.74,61.57,22.59,25.86,87.37,26.6,87.43,91.66,5234.0,49631.0,10116.0,97566.0,14840.0,1975.0,30800.0,1971.0,50,1944.0
2025-11-10,87.5,0.0,1570.3,25.900000000000002,11.9,0.5,3.5,0.0,200.0,1.4,74.0,162.0,4.5,122.0,172.7,0.0,0.0,1.3,0.0,0.0,0.0,0.0,0.0,0.0,0.0,0.0,0.0,0.0,0.0,87.3,27.5,25.2,11.0,62.0,0.0,3.2,1949.0,54.0,53.0,0.0,3.7,4.0,10.1,10.4,33.8,0.0,0.0,0.0,0.0,20.3,18.2,24.0,20.9,28.0,22.0,61.49,22.51,25.81,87.21,26.57,87.36,91.61,5234.0,49713.0,9609.0,97139.0,16240.0,2024.0,31430.0,1983.0,50,1949.0
2025-11-11,87.0,0.0,1377.2,28.0,7.3999999999999995,0.6,3.5,0.0,82.5,88.5,929.2,146.0,2.0,89.7,126.1,0.0,23.6,0.6,0.0,0.0,0.0,0.0,0.0,0.0,0.0,0.0,0.0,0.0,0.0,86.9,27.4,22.6,10.0,63.9,0.0,3.3,1945.0,45.0,55.1,0.0,3.6,4.1,10.1,10.5,35.6,0.0,0.0,0.0,0.0,20.3,17.5,23.8,19.9,23.9,19.64,61.87,22.0,25.26,87.11,26.53,87.29,91.57,4873.0,49468.0,9459.0,96804.0,15960.0,2018.0,31920.0,1988.0,50,1945.0
2025-11-12,0.0,0.0,1457.7,31.7,5.1,0.5,3.5,0.0,0.0,0.7,0.0,187.8,25.0,115.8,127.4,0.0,0.0,0.0,0.0,0.0,0.0,0.0,150.0,30.0,0.0,0.0,0.0,0.0,0.0,86.9,27.4,25.7,12.0,61.4,0.0,3.2,1945.0,56.0,52.5,0.0,3.7,3.9,10.1,10.3,33.4,0.0,0.0,0.0,0.0,19.6,19.4,24.1,21.3,28.7,22.33,61.69,22.1,25.4,87.01,26.5,87.21,91.53,4883.0,49514.0,9609.0,96639.0,16450.0,2036.0,31640.0,1978.0,50,1945.0
2025-11-13,87.0,0.0,1399.6,20.1,4.3999999999999995,0.6,3.5,0.0,0.0,4.7,214.0,182.3,11.7,107.4,122.19999999999999,0.0,15.3,1.2,1.3,0.0,0.0,0.0,0.0,0.0,0.0,0.0,0.0,0.0,0.0,87.1,27.5,25.6,12.0,61.5,0.0,3.2,1947.0,56.0,52.6,0.0,3.4,4.5,10.2,10.4,33.0,0.0,0.0,0.0,0.0,23.9,14.5,23.5,20.6,29.1,22.3,61.61,22.13,25.44,86.97,26.47,87.14,91.48,4733.0,49681.0,8871.0,96472.0,16590.0,2051.0,30100.0,1962.0,50,1947.0
2025-11-14,87.0,0.0,3742.9,22.1,6.7,0.0,0.0,0.0,0.0,15.0,211.6,145.5,0.8,62.3,92.39999999999999,0.0,0.0,2.6,4.4,0.0,400.0,0.0,421.0,60.0,0.0,0.0,0.0,0.0,0.0,87.2,27.5,25.8,12.0,61.5,0.0,3.2,1948.0,57.0,52.5,0.0,3.3,4.5,10.0,10.3,33.4,0.0,0.0,0.0,0.0,26.0,14.2,25.3,21.2,28.6,22.5,61.81,21.95,25.23,87.0,26.43,87.07,91.44,5154.0,52028.0,9292.0,98949.0,14910.0,2059.0,28630.0,1971.0,50,1948.0
2025-11-15,88.0,0.0,1152.4,24.0,3.6,0.0,0.0,0.0,0.0,0.1,0.0,99.9,3.4,15.100000000000001,117.69999999999999,0.0,0.0,0.0,0.0,0.0,0.0,0.0,0.0,0.0,0.0,0.0,0.0,0.0,0.0,88.0,27.8,22.1,10.0,65.2,0.0,3.4,1957.0,43.0,55.6,0.0,3.7,4.3,10.3,10.6,36.3,0.0,0.0,0.0,0.0,20.2,16.0,23.4,20.0,23.2,19.45,62.34,21.57,24.74,87.17,26.4,87.0,91.4,4647.0,51250.0,9292.0,98829.0,12880.0,1983.0,26180.0,1929.0,50,1957.0
2025-11-16,87.9,0.0,1801.6999999999998,60.9,17.7,1.2000000000000002,7.0,0.0,68.8,76.8,774.8,177.6,8.2,58.5,124.3,0.0,23.0,1.7999999999999998,2.0,0.0,0.0,0.0,507.0,87.0,0.0,0.0,0.0,0.0,0.0,87.7,27.7,20.0,10.0,66.7,0.0,3.5,1954.0,36.0,57.4,0.0,4.0,3.9,10.6,10.5,37.7,0.0,0.0,0.0,0.0,17.2,19.2,21.0,20.3,20.0,17.54,63.17,20.82,23.86,87.3,26.37,86.93,91.36,5154.0,51390.0,9318.0,98385.0,11200.0,1915.0,24010.0,1885.0,50,1954.0
2025-11-17,87.7,0.0,1441.8,21.900000000000002,7.199999999999999,0.1,0.0,0.0,0.0,2.0,214.0,188.6,5.2,106.69999999999999,104.6,0.0,15.3,1.2,1.3,0.0,0.0,0.0,0.0,0.0,0.0,0.0,0.0,0.0,0.0,87.3,27.5,25.2,11.0,62.0,0.0,3.2,1949.0,54.0,53.0,0.0,3.4,4.2,10.3,10.4,33.7,0.0,0.0,0.0,0.0,24.4,16.8,22.8,21.0,28.0,22.0,63.17,20.82,23.86,87.3,26.33,86.86,91.31,4354.0,50877.0,9168.0,98193.0,10010.0,1884.0,24010.0,1884.0,50,1949.0
2025-11-18,87.0,0.0,1503.1,15.7,6.3,0.0,0.0,0.0,0.0,0.0,0.0,237.2,51.9,115.5,150.2,0.0,0.0,0.0,0.0,0.0,0.0,0.0,150.0,30.0,0.0,0.0,0.0,0.0,0.0,87.0,27.5,24.2,11.0,62.7,0.0,3.3,1946.0,51.0,53.8,0.0,3.5,4.2,10.3,10.5,34.2,0.0,0.0,0.0,0.0,22.4,16.3,22.2,19.7,27.1,21.05,63.0,21.02,24.09,87.31,26.3,86.79,91.27,4504.0,50160.0,9318.0,97907.0,9870.0,1851.0,23450.0,1867.0,50,1946.0
2025-11-19,87.6,0.0,1575.8,40.1,8.5,0.1,0.0,0.0,200.0,3.9,288.0,184.3,11.5,80.10000000000001,123.2,0.0,15.3,1.2,1.3,0.0,0.0,0.0,0.0,0.0,0.0,0.0,0.0,0.0,0.0,87.3,27.6,24.7,11.0,62.5,0.0,3.3,1949.0,52.0,53.4,0.0,3.8,3.8,10.4,10.4,34.1,0.0,0.0,0.0,0.0,18.5,20.3,21.9,20.6,27.7,21.56,63.16,20.91,23.94,87.37,26.27,86.71,91.23,3704.0,49792.0,9318.0,97682.0,8820.0,1830.0,23520.0,1865.0,50,1949.0
2025-11-20,87.2,0.0,1658.1,42.6,3.5,0.0,0.0,0.0,0.0,215.0,0.0,163.3,3.8,120.7,153.9,0.0,0.0,0.0,0.0,0.0,0.0,0.0,490.0,80.0,0.0,0.0,0.0,0.0,0.0,87.2,27.5,24.3,11.0,62.7,0.0,3.3,1948.0,51.0,53.8,0.0,3.8,3.8,9.9,10.6,34.6,0.0,0.0,0.0,0.0,18.2,20.4,25.8,18.9,26.4,21.19,63.33,20.76,23.76,87.39,26.23,86.64,91.18,4194.0,49898.0,9808.0,97540.0,8680.0,1813.0,23450.0,1853.0,50,1948.0
2025-11-21,86.6,0.0,1411.9,30.4,8.8,0.0,0.0,0.0,0.0,0.0,0.0,149.5,0.4,52.7,128.1,0.0,0.0,0.0,0.0,0.0,0.0,0.0,0.0,0.0,0.0,0.0,0.0,0.0,0.0,86.6,27.3,26.2,11.5,60.7,59.0,3.2,1942.0,58.0,51.9,2.0,3.55,3.55,10.05,10.25,33.3,59.0,59.0,58.0,61.0,22.5,24.3,26.8,24.1,27.3,22.69,63.21,20.78,23.81,87.3,26.2,86.57,91.14,4194.0,49692.0,9301.0,96976.0,9800.0,1843.0,22400.0,1835.0,50,1942.0
2025-11-22,0.0,0.0,1369.8,32.4,6.5,1.1,7.0,0.0,0.0,2.0,214.0,139.1,5.2,64.3,126.7,0.0,15.3,1.2,1.3,0.0,0.0,0.0,150.0,30.0,0.0,0.0,0.0,0.0,0.0,,0.0,,0.0,,0.0,0.0,,0.0,0.0,0.0,,,,,,0.0,0.0,0.0,0.0,,,,,,,62.88,21.0,24.1,87.18,26.17,86.5,91.1,4344.0,49216.0,9451.0,96881.0,10430.0,1843.0,23100.0,1842.0,50,
2025-11-23,86.4,0.0,1651.4,31.2,7.1,0.5,3.5,0.0,0.0,215.0,0.0,171.8,0.7,64.60000000000001,156.2,0.0,0.0,0.0,0.0,0.0,0.0,0.0,569.0,85.0,0.0,0.0,0.0,0.0,0.0,,0.0,,0.0,,0.0,0.0,,0.0,0.0,0.0,,,,,,0.0,0.0,0.0,0.0,,,,,,,62.12,21.7,24.92,87.08,26.13,86.43,91.06,4753.0,49523.0,10020.0,97128.0,11130.0,1863.0,23660.0,1846.0,50,
2025-11-24,86.6,0.0,1455.1,17.5,2.6,0.0,0.0,0.0,0.0,1.7,0.0,174.1,3.2,97.6,128.0,0.0,0.0,0.0,0.0,0.0,0.0,0.0,0.0,0.0,0.0,0.0,0.0,0.0,0.0,,0.0,,0.0,,0.0,0.0,,0.0,0.0,0.0,,,,,,0.0,0.0,0.0,0.0,,,,,,,62.15,21.62,24.85,87.02,26.1,86.36,91.01,4165.0,49003.0,10020.0,97231.0,11270.0,1870.0,23240.0,1841.0,50,
2025-11-25,86.2,0.0,1532.4,25.2,9.5,0.0,0.0,0.0,200.0,1.5,74.0,151.3,2.5,83.6,168.8,0.0,0.0,0.0,0.0,0.0,0.0,0.0,206.0,1.0,0.0,0.0,0.0,1695.0,0.0,,0.0,,0.0,,0.0,0.0,,0.0,0.0,0.0,,,,,,0.0,0.0,0.0,0.0,,,,,,,61.97,21.81,25.07,87.03,26.07,86.29,90.97,4371.0,49039.0,9976.0,97242.0,11200.0,1862.0,23030.0,1838.0,50,
2025-11-26,86.1,0.0,1546.5,3.5,2.0,0.0,0.0,0.0,0.0,0.7,0.0,82.7,0.0,75.6,90.3,0.0,0.0,0.0,0.0,0.0,0.0,0.0,60.0,1.0,0.0,0.0,0.0,532.0,0.0,85.7,27.0,25.1,11.0,60.95,67.0,3.2,1931.0,54.0,52.5,2.0,3.5,3.7,9.55,9.6,34.6,64.0,66.0,65.0,71.0,21.8,19.8,29.0,27.9,24.1,21.51,61.45,21.8,25.2,86.5,26.03,86.21,90.93,4431.0,48971.0,9926.0,97421.0,14280.0,1961.0,26950.0,1907.0,50,1931.0
2025-11-27,85.9,0.0,1343.8,28.4,8.4,0.0,0.0,0.0,0.0,0.0,0.0,151.3,0.7,58.0,111.8,0.0,0.0,0.0,0.0,0.0,0.0,0.0,150.0,30.0,0.0,0.0,0.0,0.0,0.0,85.45,27.0,23.8,10.5,61.85,68.0,3.2,1929.0,50.0,52.9,2.0,3.6,3.8,9.7,9.95,34.8,69.0,67.0,63.0,73.0,20.1,17.4,28.1,25.0,23.2,20.34,61.17,21.51,25.03,85.92,26.0,86.14,90.88,4321.0,48434.0,9526.0,96708.0,17360.0,2049.0,30730.0,1965.0,50,1929.0
2025-11-28,85.9,0.0,1548.7,56.3,9.799999999999999,1.0,7.0,0.0,200.0,0.0,74.0,115.10000000000001,0.0,48.0,139.2,0.0,0.0,0.0,0.0,0.0,0.0,0.0,0.0,0.0,0.0,0.0,0.0,0.0,0.0,85.55,27.0,25.6,11.5,60.45,68.0,3.2,1930.0,56.0,53.2,2.0,3.55,3.9,9.9,9.85,33.25,69.0,69.0,67.0,70.0,20.8,15.3,26.6,25.7,26.9,21.9,61.08,21.25,24.83,85.57,25.97,86.07,90.84,4321.0,48638.0,9526.0,97164.0,19530.0,2128.0,33880.0,2025.0,50,1930.0
2025-11-29,85.5,0.0,1929.0,32.8,10.0,0.0,0.0,0.0,0.0,20.3,2.3,194.70000000000002,0.8,73.3,167.6,0.0,0.0,0.2,0.2,0.0,0.0,0.0,507.0,87.0,0.0,0.0,0.0,0.0,0.0,85.15,26.9,24.8,11.0,60.9,68.0,3.2,1925.0,53.0,52.8,2.0,3.65,3.65,10.05,10.0,33.55,69.0,68.0,66.0,71.0,18.5,20.3,25.3,25.0,25.7,21.12,61.04,21.22,24.82,85.46,25.93,86.0,90.8,4828.0,49080.0,9582.0,97429.0,19950.0,2140.0,34300.0,2036.0,50,1925.0
2025-11-30,86.2,0.0,1789.1,37.1,8.2,1.0,7.0,0.0,0.0,270.8,55.8,206.4,1.6,76.19999999999999,117.3,0.0,3.8,0.5,0.5,0.0,0.0,0.0,490.0,80.0,0.0,0.0,0.0,0.0,0.0,85.85,27.1,25.0,11.0,61.25,67.0,3.2,1933.0,54.0,53.0,2.0,3.6,3.7,10.0,9.8,34.15,65.0,64.0,68.0,68.0,20.2,20.1,25.6,26.4,25.3,21.46,61.08,21.27,24.86,85.54,25.9,85.93,90.76,5318.0,49332.0,10072.0,97414.0,19390.0,2113.0,33390.0,2012.0,50,1933.0
2025-12-01,0.0,0.0,1908.7,22.9,5.8,0.1,0.0,0.0,0.0,402.0,214.0,204.1,4.8,111.2,127.3,0.0,15.3,1.2,1.3,0.0,0.0,0.0,0.0,0.0,0.0,0.0,0.0,0.0,0.0,85.6,27.0,25.1,11.0,60.9,66.0,3.2,1930.0,54.0,53.2,2.0,3.6,3.8,9.85,9.95,33.7,69.0,64.0,68.0,64.0,20.1,17.3,26.9,24.5,26.1,21.49,61.05,21.3,24.9,85.55,25.87,85.86,90.71,5318.0,49299.0,10072.0,98170.0,18550.0,2084.0,32830.0,2015.0,50,1930.0
2025-12-02,0.0,0.0,2665.5,19.8,6.5,0.7,0.4,0.0,34.5,618.1,497.1,92.4,3.7,28.200000000000003,46.3,0.0,23.6,11.6,20.8,0.0,0.0,0.0,0.0,0.0,0.0,0.0,0.0,0.0,0.0,,0.0,,0.0,,0.0,0.0,,0.0,0.0,0.0,,,,,,0.0,0.0,0.0,0.0,,,,,,,61.05,21.3,24.9,85.55,25.83,85.79,90.67,4811.0,49908.0,10072.0,99322.0,17640.0,2091.0,31920.0,2020.0,50,
2025-12-03,0.0,0.0,1843.0,18.1,7.5,0.2,0.0,0.0,0.0,2.0,598.7,333.0,11.8,180.60000000000002,83.6,0.0,38.9,1.8,1.3,0.0,0.0,0.0,0.0,0.0,0.0,0.0,0.0,0.0,0.0,,0.0,,0.0,,0.0,0.0,,0.0,0.0,0.0,,,,,,0.0,0.0,0.0,0.0,,,,,,,61.07,21.26,24.86,85.52,25.8,85.71,90.63,4661.0,50172.0,9565.0,99048.0,17990.0,2117.0,31290.0,2013.0,50,
2025-12-04,87.2,0.0,1375.8,36.6,20.3,0.0,0.0,0.0,200.0,0.9,74.0,153.10000000000002,4.0,101.0,114.8,0.0,0.0,0.0,0.0,0.0,0.0,0.0,0.0,0.0,0.0,0.0,0.0,0.0,0.0,86.95,27.4,24.4,11.0,62.45,66.0,3.3,1945.0,51.0,53.5,2.0,3.6,3.9,10.1,10.3,34.55,70.0,69.0,65.0,66.0,21.2,17.0,25.5,22.6,25.7,21.22,61.19,21.44,24.98,85.82,25.77,85.64,90.58,4661.0,50013.0,9565.0,99055.0,15050.0,2013.0,28840.0,1972.0,50,1945.0
2025-12-05,86.1,0.0,1339.9,33.9,6.6,1.6,10.5,0.0,0.0,3.3,214.0,129.10000000000002,9.5,70.7,134.1,0.0,15.3,1.2,1.3,0.0,0.0,0.0,150.0,30.0,0.0,0.0,0.0,0.0,0.0,85.7,27.0,24.0,11.0,61.9,67.0,3.2,1931.0,50.0,53.9,2.0,3.6,4.3,9.8,10.05,34.15,70.0,71.0,65.0,66.0,19.5,7.6,27.2,24.2,25.2,20.57,61.48,21.17,24.66,85.85,25.73,85.57,90.54,4811.0,49892.0,9715.0,99070.0,13930.0,1967.0,27720.0,1951.0,50,1931.0
2025-12-06,0.0,0.0,1620.5,62.5,16.1,0.0,0.0,0.0,200.0,0.0,74.0,115.0,0.0,47.300000000000004,102.30000000000001,0.0,0.0,0.0,0.0,0.0,0.0,0.0,0.0,0.0,0.0,0.0,0.0,0.0,0.0,85.4,27.0,25.1,11.0,60.75,67.0,3.2,1928.0,54.0,52.5,2.0,3.55,3.8,9.85,9.75,33.8,68.0,69.0,69.0,63.0,20.7,17.9,27.4,27.1,25.1,21.44,61.45,21.24,24.72,85.9,25.7,85.5,90.5,4631.0,49966.0,9715.0,99112.0,13020.0,1945.0,26880.0,1938.0,50,1928.0
2025-12-07,0.0,0.0,2057.0,47.4,10.5,0.0,0.0,0.0,0.0,0.0,0.0,98.3,0.3,48.1,96.9,0.0,0.0,0.0,0.0,0.0,0.0,0.0,481.0,70.0,0.0,0.0,0.0,0.0,0.0,85.4,27.0,24.9,11.0,61.0,67.0,3.2,1928.0,53.0,53.2,2.0,3.55,3.9,10.2,9.95,33.4,73.0,71.0,68.0,63.0,21.0,15.5,24.8,24.9,26.2,21.26,61.4,21.2,24.7,85.81,25.67,85.43,90.46,4962.0,50224.0,10196.0,99675.0,12740.0,1933.0,27300.0,1946.0,50,1928.0
2025-12-08,86.4,0.0,1471.8,41.3,8.9,0.0,0.0,0.0,0.0,0.0,0.0,144.9,0.0,119.6,107.3,0.0,0.0,0.0,0.0,0.0,0.0,0.0,150.0,30.0,0.0,0.0,0.0,0.0,0.0,86.05,27.2,22.3,10.0,63.5,70.0,3.3,1935.0,44.0,53.8,2.0,3.55,4.0,9.7,9.8,36.45,78.0,68.0,64.0,71.0,20.8,13.6,28.1,26.0,20.6,19.19,61.92,20.74,24.14,85.9,25.63,85.36,90.41,4631.0,49921.0,10346.0,99822.0,11200.0,1883.0,25970.0,1924.0,50,1935.0
2025-12-09,85.8,0.0,1348.5,30.0,8.0,0.5,3.5,0.0,0.0,0.0,0.0,135.8,0.3,60.1,130.89999999999998,0.0,0.0,0.0,0.0,0.0,0.0,0.0,0.0,0.0,0.0,0.0,0.0,0.0,0.0,85.6,27.0,23.7,10.5,62.1,68.0,3.2,1930.0,49.0,53.5,2.0,3.35,3.95,9.15,9.4,36.25,83.0,64.0,61.0,70.0,24.2,14.2,32.3,30.1,20.1,20.29,61.95,20.66,24.07,85.85,25.6,85.29,90.37,4631.0,49889.0,9865.0,99520.0,10640.0,1863.0,25480.0,1919.0,50,1930.0
2025-12-10,85.8,0.0,1339.4,26.7,1.7,0.0,0.0,0.0,0.0,0.0,0.0,144.6,0.0,89.7,123.0,0.0,0.0,0.0,0.0,0.0,0.0,0.0,0.0,0.0,0.0,0.0,0.0,0.0,0.0,85.35,26.9,22.8,10.5,62.65,70.0,3.3,1928.0,46.0,53.1,2.0,3.35,3.8,8.4,9.8,37.3,78.0,76.0,55.0,76.0,26.2,17.2,42.1,25.3,15.9,19.46,62.05,20.49,23.89,85.78,25.57,85.21,90.33,4631.0,49658.0,9865.0,99371.0,10010.0,1835.0,26250.0,1929.0,50,1928.0
2025-12-11,85.7,0.0,1712.0,27.1,5.4,0.0,0.0,0.0,68.8,73.8,453.8,67.0,0.0,29.6,90.3,0.0,0.0,0.0,0.0,0.0,400.0,0.0,367.0,60.0,0.0,0.0,0.0,0.0,0.0,85.0,26.8,23.7,10.5,61.65,70.0,3.2,1924.0,49.0,54.7,2.0,3.8,4.2,10.05,10.15,33.45,81.0,75.0,62.0,71.0,15.0,8.9,25.3,23.0,25.9,20.14,61.94,20.34,23.79,85.5,25.53,85.14,90.28,4998.0,49993.0,9871.0,99461.0,11270.0,1876.0,27230.0,1947.0,50,1924.0
2025-12-12,85.4,0.0,1261.8,13.9,8.7,0.0,0.0,0.0,200.0,0.6,74.0,110.10000000000001,0.0,97.0,168.2,0.0,0.0,0.0,0.0,0.0,0.0,0.0,0.0,0.0,0.0,0.0,0.0,0.0,0.0,84.85,26.8,23.9,10.5,61.35,70.0,3.2,1922.0,50.0,52.6,2.0,3.4,3.85,9.75,9.9,34.45,78.0,70.0,63.0,73.0,23.2,15.7,27.5,24.8,23.4,20.28,61.86,20.29,23.77,85.38,25.5,85.07,90.24,4848.0,49797.0,9731.0,99310.0,11410.0,1879.0,27860.0,1957.0,50,1922.0
2025-12-13,85.2,0.0,1348.7,24.1,4.4,0.0,0.0,0.0,0.0,0.8,0.0,125.6,0.0,35.3,40.599999999999994,0.0,0.0,0.0,0.0,0.0,200.0,0.0,194.0,40.0,0.0,0.0,0.0,0.0,0.0,84.6,26.7,24.1,10.5,61.0,71.0,3.2,1919.0,51.0,53.0,2.0,3.55,3.85,9.95,9.9,33.75,80.0,71.0,63.0,73.0,19.9,16.3,25.9,25.2,24.5,20.39,61.89,20.14,23.63,85.26,25.47,85.0,90.2,5042.0,49746.0,9775.0,99427.0,11970.0,1889.0,28560.0,1970.0,50,1919.0
2025-12-14,85.1,0.0,1715.0,42.5,12.7,0.9,5.7,0.0,13.0,310.6,303.0,157.5,3.4000000000000004,48.300000000000004,166.7,28.2,30.8,13.0,10.7,0.0,0.0,0.0,507.0,87.0,0.0,0.0,0.0,0.0,0.0,84.7,26.7,24.1,10.5,61.05,70.0,3.2,1920.0,51.0,52.7,2.0,3.4,3.8,10.0,10.05,33.8,78.0,70.0,62.0,74.0,23.2,16.7,25.7,23.8,24.7,20.41,61.9,20.02,23.51,85.16,25.43,84.93,90.16,5128.0,47718.0,10282.0,99746.0,12880.0,1849.0,27790.0,1954.0,50,1920.0
2025-12-15,85.3,0.0,1532.7,28.7,6.5,0.6,3.5,0.0,0.0,13.2,214.0,211.9,22.599999999999998,85.4,126.5,0.0,15.3,1.2,1.3,0.0,0.0,0.0,0.0,0.0,0.0,0.0,0.0,0.0,0.0,85.0,26.8,22.0,10.0,63.05,70.0,3.3,1924.0,43.0,53.9,2.0,3.45,3.9,9.75,10.2,35.75,78.0,66.0,59.0,77.0,22.0,15.0,27.1,22.1,21.1,18.7,61.84,19.95,23.47,85.01,25.4,84.86,90.11,5128.0,48098.0,9775.0,99348.0,15120.0,1936.0,28000.0,1960.0,50,1924.0
2025-12-16,0.0,0.0,1356.3,26.6,4.2,0.0,0.0,0.0,0.0,0.7,0.0,132.7,3.8,84.2,143.8,0.0,0.0,0.0,0.0,0.0,0.0,0.0,0.0,0.0,0.0,0.0,0.0,0.0,0.0,85.5,27.0,26.3,11.5,59.85,66.0,3.1,1929.0,59.0,53.0,2.0,3.45,3.6,9.95,10.05,32.8,69.0,69.0,60.0,69.0,22.4,21.9,25.9,24.3,27.9,22.49,61.51,20.27,23.84,85.0,25.37,84.79,90.07,4621.0,47653.0,9775.0,99043.0,16100.0,1971.0,27300.0,1943.0,50,1929.0
2025-12-17,85.2,0.0,1449.1,29.8,7.2,2.0,14.0,0.0,0.0,0.7,0.0,154.4,0.4,100.1,134.8,0.0,0.0,0.0,0.0,0.0,0.0,0.0,0.0,0.0,0.0,0.0,0.0,0.0,0.0,84.85,26.8,22.2,10.0,62.7,68.0,3.3,1922.0,44.0,54.1,2.0,3.45,4.25,9.55,9.9,35.55,74.0,68.0,61.0,73.0,21.4,7.7,28.3,24.3,21.4,18.84,61.52,20.18,23.76,84.93,25.33,84.71,90.03,4621.0,47660.0,8975.0,98538.0,16590.0,1988.0,26600.0,1936.0,50,1922.0
2025-12-18,85.2,0.0,1559.2,13.399999999999999,6.6,0.1,0.0,0.0,0.0,2.7,214.0,220.4,5.9,147.4,133.7,0.0,15.3,1.2,1.3,0.0,0.0,0.0,0.0,0.0,0.0,0.0,0.0,0.0,0.0,84.85,26.8,25.9,11.5,59.7,67.0,3.1,1922.0,57.0,53.7,2.0,3.8,3.85,9.75,9.6,32.7,73.0,67.0,66.0,65.0,14.4,16.2,26.9,27.6,27.3,21.98,61.24,20.44,24.07,84.91,25.3,84.64,89.98,4471.0,47716.0,8975.0,97876.0,16800.0,2002.0,26670.0,1926.0,50,1922.0
2025-12-19,85.0,0.0,1410.2,37.4,7.0,0.0,0.0,0.0,0.0,0.0,0.0,108.0,0.0,75.2,157.2,0.0,0.0,0.0,0.0,0.0,0.0,0.0,0.0,0.0,0.0,0.0,0.0,0.0,0.0,84.4,26.6,24.4,11.0,60.6,68.0,3.2,1917.0,52.0,53.2,2.0,3.7,3.8,9.85,9.8,33.45,73.0,71.0,66.0,66.0,16.9,16.9,26.1,25.8,25.0,20.59,61.14,20.49,24.14,84.84,25.27,84.57,89.94,4471.0,47551.0,8175.0,97343.0,17710.0,2026.0,26530.0,1928.0,50,1917.0
2025-12-20,84.6,0.0,1657.4,62.7,7.4,2.1,7.8,0.0,0.0,2.3,117.6,118.39999999999999,2.8,24.7,148.3,0.2,0.1,0.7,2.4,0.0,200.0,0.0,240.0,40.0,0.0,0.0,0.0,0.0,0.0,84.2,26.6,23.6,10.5,61.1,68.0,3.2,1915.0,49.0,52.9,2.0,3.5,3.8,10.05,9.9,33.85,72.0,69.0,66.0,67.0,20.8,16.5,25.1,25.0,23.8,19.87,61.15,20.41,24.07,84.79,25.23,84.5,89.9,4221.0,47550.0,8415.0,97448.0,18200.0,2051.0,26880.0,1932.0,50,1915.0
2025-12-21,84.9,0.0,1335.9,37.7,5.0,0.0,0.0,0.0,0.0,0.0,0.0,101.80000000000001,0.0,67.2,141.7,0.0,0.0,0.0,0.0,0.0,0.0,0.0,0.0,0.0,0.0,0.0,0.0,0.0,0.0,84.45,26.7,23.2,10.5,61.6,66.0,3.2,1917.0,48.0,53.1,2.0,3.55,3.65,9.7,10.0,34.7,69.0,67.0,64.0,68.0,19.3,19.7,27.3,23.9,22.6,19.59,61.23,20.29,23.94,84.75,25.2,84.43,89.86,4221.0,47474.0,8415.0,97166.0,17850.0,2037.0,27650.0,1940.0,50,1917.0
2025-12-22,0.0,0.0,1172.2,27.9,4.6,1.0,7.0,0.0,0.0,5.6,79.3,72.7,0.0,30.700000000000003,128.9,0.0,0.0,1.0,1.7,0.0,0.0,0.0,0.0,0.0,0.0,0.0,0.0,0.0,0.0,84.4,26.6,23.8,10.5,61.1,67.0,3.2,1917.0,50.0,53.3,2.0,3.6,3.75,10.0,10.1,33.65,74.0,71.0,65.0,65.0,19.2,17.6,25.3,23.0,24.8,20.09,60.95,20.49,24.2,84.66,25.17,84.36,89.81,4071.0,47277.0,8415.0,96492.0,17640.0,2028.0,28070.0,1936.0,50,1917.0
2025-12-23,0.0,0.0,1718.0,51.7,12.5,1.0,7.0,0.0,0.0,811.1,316.4,163.0,3.3000000000000003,85.5,120.3,0.0,116.2,6.2,2.4,0.0,0.0,0.0,0.0,0.0,0.0,0.0,0.0,0.0,0.0,,0.0,,0.0,,0.0,0.0,,0.0,0.0,0.0,,,,,,0.0,0.0,0.0,0.0,,,,,,,61.13,20.16,23.85,84.52,25.13,84.29,89.77,3502.0,47343.0,8255.0,96866.0,17920.0,2059.0,29050.0,1961.0,50,
2025-12-24,84.5,0.0,3110.3,96.7,42.0,0.0,0.0,0.0,41.6,0.7,219.4,329.09999999999997,10.3,90.2,203.79999999999998,0.0,0.0,0.0,0.0,0.0,0.0,0.0,319.0,55.0,0.0,0.0,0.0,0.0,0.0,84.35,26.6,25.5,11.0,59.65,69.0,3.1,1916.0,56.0,53.8,2.0,3.65,3.9,9.45,9.3,33.35,73.0,77.0,72.0,60.0,16.5,14.1,28.6,29.4,25.5,21.51,60.62,20.6,24.4,84.44,25.1,84.21,89.73,3821.0,48998.0,7986.0,98002.0,18060.0,2108.0,29330.0,1989.0,50,1916.0
2025-12-25,85.7,0.0,1940.7,48.599999999999994,18.6,2.6,12.2,0.0,175.8,766.7,667.4,246.0,0.5,87.2,111.0,17.2,0.9,2.0,7.9,0.0,0.0,0.0,0.0,0.0,0.0,0.0,0.0,0.0,0.0,85.7,27.0,22.6,10.5,63.05,69.0,3.3,1931.0,45.0,53.7,2.0,3.45,4.15,8.45,9.65,37.35,75.0,77.0,65.0,66.0,23.8,10.1,41.8,27.1,16.2,19.37,61.18,20.17,23.85,84.58,25.07,84.14,89.68,3615.0,49407.0,7986.0,98446.0,17150.0,2098.0,28350.0,1980.0,50,1931.0
2025-12-26,84.9,0.0,1628.1,23.9,3.8,3.4000000000000004,7.8,0.0,4.7,199.7,952.5999999999999,143.2,7.1,116.2,155.2,0.6,39.8,11.0,10.9,0.0,300.0,0.0,519.0,85.0,0.0,0.0,0.0,0.0,0.0,84.9,26.8,23.6,10.5,61.65,70.0,3.2,1922.0,49.0,54.3,2.0,3.45,4.1,8.9,9.25,35.95,75.0,73.0,71.0,65.0,22.6,11.0,34.3,31.1,19.5,20.04,61.36,20.08,23.72,84.67,25.03,84.07,89.64,4074.0,49488.0,8505.0,98459.0,12810.0,1941.0,27090.0,1951.0,50,1922.0
2025-12-27,84.4,0.0,1934.7,52.2,24.0,0.6,3.5,0.0,94.5,0.0,384.7,199.3,7.8,55.9,175.0,0.0,23.6,0.7,28.5,0.0,200.0,0.0,250.0,40.0,0.0,0.0,0.0,0.0,0.0,84.4,26.6,21.9,10.0,62.6,69.0,3.3,1917.0,43.0,53.4,5.0,3.4,3.75,9.2,9.65,36.6,71.0,68.0,66.0,69.0,22.4,17.1,30.9,26.2,18.5,18.48,61.61,19.85,23.43,84.7,25.0,84.0,89.6,4174.0,50079.0,8495.0,98513.0,8540.0,1815.0,25900.0,1932.0,50,1917.0
2025-12-28,84.3,0.0,1530.4,16.5,4.0,0.6,3.5,0.0,0.0,0.0,461.6,177.9,2.4,98.80000000000001,157.9,0.0,28.3,0.7,0.0,0.0,0.0,0.0,0.0,0.0,0.0,0.0,0.0,0.0,0.0,84.25,26.6,24.6,11.0,60.35,67.0,3.2,1915.0,53.0,54.2,2.0,3.65,3.85,9.8,9.7,33.35,70.0,63.0,70.0,64.0,17.4,15.2,25.3,25.7,25.8,20.73,61.4,20.04,23.67,84.67,24.97,83.93,89.56,4174.0,50061.0,8495.0,98699.0,6300.0,1740.0,25830.0,1934.0,50,1915.0
2025-12-29,84.3,0.0,1909.6,19.200000000000003,10.2,0.1,0.0,0.0,0.0,5.0,461.6,203.3,2.4,129.0,136.2,0.0,28.3,0.7,0.0,0.0,500.0,0.0,625.0,110.0,0.0,0.0,0.0,0.0,0.0,84.25,26.6,23.9,10.5,60.9,68.0,3.2,1915.0,50.0,55.1,2.0,3.75,3.95,9.6,9.6,34.0,79.0,65.0,71.0,62.0,14.6,12.9,26.8,26.5,24.4,20.14,61.37,20.05,23.68,84.64,24.93,83.86,89.51,4292.0,50042.0,9120.0,99121.0,5740.0,1716.0,25690.0,1928.0,50,1915.0
2025-12-30,84.7,0.0,2191.0,89.5,40.7,0.9,3.6,0.0,39.6,638.0999999999999,151.0,220.8,11.8,109.1,132.5,0.0,43.0,3.0,6.5,0.0,0.0,0.0,750.0,80.0,0.0,0.0,0.0,0.0,0.0,84.7,26.7,24.3,11.0,60.9,66.0,3.2,1920.0,51.0,55.0,2.0,3.65,3.9,10.0,9.9,33.45,70.0,61.0,74.0,58.0,17.8,14.5,24.0,24.0,26.1,20.58,61.3,20.12,23.77,84.65,24.9,83.79,89.47,4552.0,50443.0,9870.0,99775.0,6230.0,1737.0,25620.0,1925.0,50,1920.0
2025-12-31,85.0,0.0,1857.6999999999998,52.699999999999996,12.299999999999999,8.7,20.5,0.0,156.9,269.8,256.4,171.4,0.6,121.0,169.9,3.2,3.3,4.5,8.4,0.0,300.0,0.0,360.0,70.0,0.0,0.0,0.0,0.0,0.0,85.05,26.8,23.7,10.5,61.65,65.0,3.2,1924.0,49.0,55.0,2.0,3.65,4.05,9.5,9.85,34.6,73.0,61.0,64.0,65.0,17.5,12.0,28.4,24.6,23.9,20.16,61.59,19.93,23.51,84.75,24.87,83.71,89.43,4912.0,50392.0,10230.0,99691.0,5600.0,1703.0,24150.0,1894.0,50,1924.0
2026-01-01,84.2,0.0,1811.3,25.5,8.4,2.0,9.3,0.0,131.4,105.3,971.8,202.2,4.8,104.4,187.39999999999998,0.0,15.3,1.2,1.3,0.0,700.0,0.0,700.0,130.0,0.0,0.0,0.0,0.0,0.0,84.2,26.6,24.3,10.5,60.55,65.0,3.2,1915.0,52.0,53.9,2.0,3.55,3.9,10.05,9.95,33.1,72.0,60.0,69.0,59.0,19.6,13.7,23.6,23.1,26.5,20.46,61.23,20.08,23.76,84.54,24.83,83.64,89.38,5612.0,49538.0,10423.0,99446.0,7070.0,1700.0,24710.0,1896.0,50,1915.0
2026-01-02,84.7,0.0,1563.2,39.8,21.7,0.6,0.4,0.0,455.0,632.1,624.0999999999999,164.8,9.4,71.5,135.5,0.0,0.0,11.0,20.8,0.0,0.0,0.0,0.0,0.0,0.0,0.0,0.0,0.0,0.0,84.7,26.7,24.2,11.0,61.0,66.0,3.2,1920.0,51.0,53.6,2.0,3.6,3.8,9.4,9.75,34.45,77.0,67.0,64.0,63.0,18.1,16.2,29.0,24.9,24.1,20.5,61.14,20.15,23.84,84.51,24.8,83.57,89.34,5612.0,49258.0,10273.0,99431.0,7070.0,1691.0,25060.0,1904.0,50,1920.0
2026-01-03,84.1,0.0,1779.0,31.599999999999998,6.9,0.0,0.0,0.0,0.0,0.0,0.0,188.2,0.7,58.7,165.3,0.0,0.0,0.0,0.0,0.0,0.0,0.0,0.0,0.0,0.0,0.0,0.0,0.0,0.0,84.1,26.5,22.5,10.0,61.95,65.0,3.2,1914.0,45.0,54.8,2.0,3.7,3.95,10.0,10.05,34.25,73.0,62.0,67.0,60.0,16.7,12.9,24.7,22.3,23.5,18.92,61.04,20.21,23.93,84.46,24.77,83.5,89.3,5612.0,49662.0,10273.0,99674.0,9520.0,1786.0,24570.0,1900.0,50,1914.0
2026-01-04,84.1,0.0,1921.8000000000002,34.5,11.2,0.0,0.0,0.0,0.0,101.0,396.8,186.3,4.7,69.9,214.9,21.7,145.7,9.0,12.4,0.0,0.0,0.0,507.0,87.0,0.0,0.0,0.0,0.0,0.0,84.1,26.5,22.7,10.0,61.75,65.0,3.2,1914.0,46.0,54.6,2.0,3.6,3.95,10.15,10.0,34.05,75.0,64.0,65.0,62.0,18.3,13.4,23.9,23.8,23.4,19.09,61.24,19.98,23.66,84.44,24.73,83.43,89.26,5969.0,50244.0,10780.0,100136.0,9870.0,1805.0,23800.0,1886.0,50,1914.0
2026-01-05,84.5,0.0,1453.1,16.6,6.1,0.1,0.0,0.0,0.0,2.7,214.0,156.4,4.8,112.4,164.7,0.0,15.3,1.2,1.3,0.0,0.0,0.0,0.0,0.0,0.0,0.0,0.0,0.0,0.0,84.45,26.6,23.6,10.5,61.25,65.0,3.2,1917.0,49.0,54.1,2.0,3.55,3.85,9.9,9.9,34.05,76.0,65.0,63.0,64.0,19.0,15.3,25.0,24.0,24.5,19.93,61.29,19.95,23.61,84.47,24.7,83.36,89.21,5969.0,50076.0,10600.0,100043.0,10010.0,1804.0,23030.0,1875.0,50,1917.0
2026-01-06,84.2,0.0,1473.8,31.2,8.5,1.0,7.0,0.0,153.0,145.7,460.8,114.8,0.8,50.7,160.2,0.0,0.0,0.0,0.0,0.0,0.0,0.0,0.0,0.0,0.0,0.0,0.0,0.0,0.0,84.15,26.6,22.7,10.0,61.8,65.0,3.2,1914.0,46.0,54.4,2.0,3.65,3.8,9.9,10.0,34.45,71.0,65.0,61.0,67.0,17.4,16.2,25.1,23.0,23.2,19.1,61.42,19.74,23.39,84.39,24.67,83.29,89.17,5488.0,49493.0,10450.0,99716.0,9940.0,1798.0,22680.0,1866.0,50,1914.0
2026-01-07,83.6,0.0,1523.1999999999998,47.099999999999994,6.8,0.0,0.0,0.0,0.0,0.0,0.0,138.3,0.5,55.5,129.2,0.0,0.0,0.0,0.0,0.0,0.0,0.0,0.0,0.0,0.0,0.0,0.0,0.0,0.0,83.6,26.4,23.4,10.5,60.85,66.0,3.2,1908.0,48.0,53.4,2.0,3.5,3.65,9.85,9.95,33.9,68.0,65.0,64.0,67.0,19.6,18.5,25.5,24.0,23.5,19.56,61.31,19.65,23.34,84.19,24.63,83.21,89.13,5338.0,49544.0,9969.0,99465.0,11970.0,1873.0,23170.0,1878.0,50,1908.0
2026-01-08,83.8,0.0,1292.5,37.4,12.7,3.8,7.3,0.1,744.0,301.0,364.5,91.80000000000001,2.1,60.9,142.1,53.1,106.5,11.7,20.4,0.0,0.0,0.0,0.0,0.0,0.0,0.0,0.0,0.0,0.0,83.75,26.4,23.1,10.5,61.2,68.0,3.2,1910.0,47.0,53.9,2.0,3.65,4.0,10.15,9.75,33.65,71.0,68.0,69.0,66.0,17.2,12.2,24.0,26.0,23.8,19.35,61.4,19.49,23.17,84.12,24.6,83.14,89.08,5338.0,49488.0,9969.0,99377.0,12110.0,1875.0,22750.0,1869.0,50,1910.0
2026-01-09,84.3,0.0,1887.5,25.3,9.1,0.5,3.5,0.0,0.0,0.7,0.0,237.3,1.2999999999999998,137.5,168.7,0.0,0.0,0.0,0.0,0.0,0.0,0.0,0.0,0.0,0.0,0.0,0.0,0.0,0.0,84.3,26.6,23.6,10.5,61.2,66.0,3.2,1916.0,49.0,53.6,2.0,3.6,3.65,9.85,10.1,34.0,66.0,61.0,68.0,66.0,18.6,20.2,26.3,23.4,23.8,19.89,61.43,19.41,23.09,84.06,24.57,83.07,89.04,5338.0,50036.0,9969.0,99694.0,12040.0,1891.0,22050.0,1863.0,50,1916.0
2026-01-10,84.0,0.0,1865.2,37.0,11.0,0.5,3.5,0.0,0.0,0.0,0.0,178.60000000000002,0.8,63.8,193.1,0.0,0.0,0.0,0.0,0.0,0.0,0.0,481.0,70.0,0.0,0.0,0.0,0.0,0.0,83.95,26.5,22.8,10.0,61.6,69.0,3.2,1912.0,46.0,54.2,2.0,3.6,4.35,10.15,10.0,33.5,68.0,72.0,69.0,66.0,19.2,5.4,24.2,24.0,24.2,19.14,61.38,19.44,23.13,84.04,24.53,83.0,89.0,5452.0,50190.0,10450.0,100182.0,10220.0,1832.0,21490.0,1854.0,50,1912.0
2026-01-11,83.9,0.0,1618.2,29.5,7.300000000000001,0.0,0.0,0.0,0.0,0.7,0.0,191.6,3.4,76.7,141.2,0.0,0.0,0.0,0.0,0.0,0.0,0.0,490.0,80.0,0.0,0.0,0.0,0.0,0.0,83.9,26.5,22.4,10.0,61.9,68.0,3.2,1911.0,45.0,54.5,2.0,3.7,3.75,10.15,10.1,34.2,67.0,67.0,69.0,66.0,16.7,17.3,23.5,22.6,23.1,18.79,61.4,19.39,23.09,84.01,24.5,82.93,88.96,5942.0,50546.0,10790.0,100343.0,9590.0,1806.0,21000.0,1843.0,50,1911.0
2026-01-12,84.3,0.0,1766.9,19.6,8.9,0.1,0.1,0.0,0.0,2.7,175.0,225.4,5.8,160.0,157.2,0.0,45.0,4.0,2.0,0.0,0.0,0.0,150.0,30.0,0.0,0.0,0.0,0.0,0.0,84.25,26.6,19.7,9.0,64.25,71.0,3.4,1915.0,36.0,55.7,5.0,3.55,4.05,9.25,10.2,37.2,68.0,76.0,63.0,74.0,18.5,11.0,30.1,20.6,17.5,16.6,61.83,18.92,22.53,83.99,24.47,82.86,88.91,5898.0,50964.0,10940.0,100710.0,8890.0,1799.0,20860.0,1844.0,50,1915.0
2026-01-13,84.3,0.0,1623.1,36.1,7.1,0.5,3.5,0.0,0.0,35.0,0.0,176.0,3.1999999999999997,126.60000000000001,150.89999999999998,0.0,0.0,0.5,0.0,0.0,0.0,0.0,108.0,15.0,0.0,0.0,0.0,0.0,0.0,84.3,26.6,24.9,11.0,60.1,70.0,3.2,1916.0,54.0,54.9,2.0,3.65,4.0,10.2,9.5,32.75,72.0,74.0,71.0,64.0,17.6,11.8,23.2,27.5,26.8,20.99,61.59,19.19,22.84,84.01,24.43,82.79,88.87,5499.0,50872.0,10627.0,98590.0,8050.0,1781.0,20930.0,1815.0,50,1916.0
2026-01-14,83.7,0.0,1362.7,19.4,5.6,0.0,0.0,0.0,0.0,0.7,0.0,144.1,0.6,108.2,134.3,0.0,0.0,0.0,0.0,0.0,0.0,0.0,0.0,0.0,0.0,0.0,0.0,0.0,0.0,83.7,26.4,23.3,10.5,61.05,71.0,3.2,1909.0,48.0,53.9,2.0,3.6,3.75,9.35,9.7,34.65,77.0,76.0,67.0,67.0,17.2,16.8,28.6,24.7,22.6,19.5,61.61,19.18,22.83,84.02,24.4,82.71,88.83,5499.0,50702.0,10627.0,98801.0,6930.0,1738.0,22050.0,1837.0,50,1909.0
2026-01-15,83.7,0.0,1454.1,34.4,4.9,0.0,0.0,0.0,0.0,0.0,0.0,151.9,0.5,115.7,129.5,0.0,0.0,0.0,0.0,0.0,0.0,0.0,100.0,15.0,0.0,0.0,0.0,0.0,0.0,83.7,26.4,23.6,10.5,60.75,74.0,3.2,1909.0,49.0,53.4,2.0,3.6,4.35,10.05,9.9,32.85,75.0,82.0,66.0,67.0,18.5,4.4,24.0,24.3,25.9,19.75,61.55,19.24,22.9,84.01,24.37,82.64,88.78,5599.0,50800.0,10220.0,98453.0,6930.0,1738.0,23030.0,1854.0,50,1909.0
2026-01-16,83.9,0.0,1506.8000000000002,45.400000000000006,5.1,0.0,0.0,0.0,0.0,0.0,0.0,143.0,0.5,50.7,122.30000000000001,0.0,0.0,0.0,0.0,0.0,0.0,0.0,0.0,0.0,0.0,0.0,0.0,0.0,0.0,83.9,26.5,23.8,10.5,60.75,72.0,3.2,1911.0,50.0,53.1,2.0,3.3,4.2,9.4,9.55,34.3,73.0,87.0,64.0,68.0,24.5,6.9,28.8,26.7,23.2,19.97,61.49,19.25,22.93,83.96,24.33,82.57,88.74,5599.0,50858.0,10220.0,98518.0,6790.0,1735.0,23380.0,1861.0,50,1911.0
2026-01-17,83.9,0.0,5679.1,15.6,4.2,0.0,0.0,0.0,0.0,0.0,0.0,95.2,0.9,36.2,36.2,0.0,0.0,0.0,0.0,0.0,0.0,0.0,0.0,0.0,0.0,0.0,0.0,0.0,0.0,83.85,26.5,22.9,10.0,61.45,71.0,3.2,1911.0,47.0,54.9,2.0,3.75,4.0,9.85,9.95,33.9,76.0,80.0,64.0,67.0,14.9,12.0,25.3,23.0,24.0,19.2,61.46,19.26,22.94,83.94,24.3,82.5,88.7,5599.0,54978.0,10070.0,102694.0,6790.0,1872.0,23590.0,1937.0,50,1911.0
2026-01-18,0.0,0.0,1263.7,24.4,0.0,0.0,0.0,0.0,0.0,0.0,0.0,25.8,0.0,0.0,32.7,0.0,0.0,0.0,0.0,0.0,0.0,0.0,0.0,0.0,0.0,0.0,0.0,0.0,0.0,,0.0,,0.0,,0.0,0.0,,0.0,0.0,0.0,,,,,,0.0,0.0,0.0,0.0,,,,,,,61.39,19.34,23.03,83.95,24.27,82.43,88.66,5599.0,54831.0,10070.0,102382.0,6230.0,1849.0,23940.0,1938.0,50,
2026-01-19,85.4,0.0,1788.6,27.3,4.0,1.0,7.0,0.0,0.0,0.0,0.0,201.5,54.7,54.8,142.0,0.0,0.0,0.0,0.0,0.0,0.0,0.0,150.0,30.0,0.0,0.0,0.0,0.0,0.0,85.35,26.9,25.0,11.5,60.8,71.0,3.2,1922.0,54.0,54.9,2.0,3.65,3.95,10.3,9.9,33.0,76.0,79.0,67.0,63.0,18.0,13.9,22.9,24.8,27.6,21.34,60.82,20.12,23.92,84.13,24.23,82.36,88.61,5509.0,54962.0,9730.0,102513.0,4620.0,1802.0,22820.0,1927.0,51,1922.0
2026-01-20,84.3,0.0,1666.0,18.9,5.7,0.5,3.5,0.0,0.0,0.0,0.0,128.1,0.0,81.5,192.1,0.0,0.0,0.0,0.0,0.0,0.0,0.0,507.0,87.0,0.0,0.0,0.0,0.0,0.0,84.3,26.6,24.1,11.0,60.8,68.0,3.2,1910.0,51.0,54.4,2.0,3.65,3.75,10.05,10.0,33.35,75.0,75.0,69.0,58.0,17.1,17.3,24.1,23.0,25.8,20.32,60.93,20.01,23.78,84.13,24.2,82.29,88.57,6016.0,55292.0,10237.0,102767.0,4340.0,1787.0,22190.0,1912.0,51,1910.0
2026-01-21,84.3,0.0,1532.5,18.7,6.0,0.0,0.0,0.0,0.0,0.0,0.0,100.1,0.0,84.7,190.7,0.0,0.0,0.0,0.0,0.0,0.0,0.0,0.0,0.0,0.0,0.0,0.0,0.0,0.0,84.15,26.6,22.7,10.5,61.75,68.0,3.2,1908.0,46.0,54.0,2.0,3.5,3.95,10.1,10.0,34.2,71.0,72.0,67.0,62.0,20.5,13.4,24.4,23.7,23.2,19.1,61.05,19.95,23.68,84.21,24.17,82.21,88.53,6016.0,55653.0,10087.0,102929.0,3150.0,1760.0,20790.0,1894.0,51,1908.0
2026-01-22,83.9,0.0,1608.5,23.2,2.4,0.0,0.0,0.0,0.0,0.0,0.0,299.6,83.30000000000001,117.3,126.5,0.0,0.0,0.0,0.0,0.0,50.0,0.0,154.0,30.0,0.0,0.0,0.0,0.0,0.0,83.9,26.5,24.5,11.0,60.2,68.0,3.2,1906.0,52.0,53.2,2.0,3.45,3.6,10.0,9.9,33.25,67.0,70.0,72.0,59.0,20.9,20.2,24.3,23.8,25.6,20.56,60.96,20.08,23.83,84.24,24.13,82.14,88.48,6170.0,55543.0,9672.0,102886.0,1960.0,1711.0,19880.0,1885.0,51,1906.0
2026-01-23,83.5,0.0,1477.5,26.4,7.9,0.1,0.0,0.0,68.8,75.5,560.8,156.1,2.4,103.6,146.5,0.0,7.7,0.6,0.7,0.0,0.0,0.0,100.0,15.0,0.0,0.0,0.0,0.0,0.0,83.5,26.4,24.9,11.0,59.65,68.0,3.1,1901.0,54.0,53.0,2.0,3.6,3.75,10.05,9.7,32.55,72.0,76.0,73.0,57.0,18.4,16.8,23.8,25.7,26.4,20.79,60.78,20.22,24.02,84.18,24.1,82.07,88.44,5951.0,53910.0,9772.0,102909.0,1820.0,1659.0,19880.0,1884.0,51,1901.0
2026-01-24,83.1,0.0,1986.6000000000001,43.9,14.3,0.5,3.5,0.0,0.0,1540.0,0.0,247.9,4.5,91.7,130.2,0.0,0.0,0.0,0.0,0.0,0.0,0.0,569.0,85.0,0.0,0.0,0.0,0.0,0.0,83.1,26.2,23.2,10.5,60.65,69.0,3.2,1897.0,48.0,53.9,2.0,3.7,3.75,10.45,9.65,33.1,74.0,68.0,78.0,56.0,16.1,16.0,21.8,26.1,24.2,19.28,60.64,20.23,24.07,84.05,24.07,82.0,88.4,6520.0,53956.0,10135.0,103363.0,3710.0,1705.0,20860.0,1901.0,51,1897.0
2026-01-25,83.9,0.0,1759.3,34.7,10.299999999999999,0.5,3.5,0.0,200.0,1920.0,74.0,168.1,5.3,41.2,187.8,0.0,0.0,3.2,11.2,0.0,0.0,0.0,515.0,79.0,0.0,0.0,0.0,0.0,0.0,83.85,26.5,22.9,10.5,61.4,67.0,3.2,1905.0,47.0,54.4,2.0,3.55,4.0,10.25,10.0,33.6,71.0,66.0,76.0,57.0,19.7,12.4,22.8,23.1,24.3,19.2,60.75,20.08,23.9,84.02,24.03,81.93,88.36,6516.0,54088.0,10590.0,103576.0,4550.0,1737.0,17360.0,1839.0,51,1905.0
2026-01-26,83.7,0.0,1475.1,21.4,5.1,0.0,0.0,0.0,0.0,1.6,0.0,164.7,3.7,103.4,158.9,0.0,0.0,0.0,0.0,0.0,0.0,0.0,0.0,0.0,0.0,0.0,0.0,0.0,0.0,83.7,26.4,22.7,10.5,61.45,68.0,3.2,1903.0,46.0,54.0,2.0,3.6,3.9,10.2,10.1,33.65,72.0,70.0,74.0,60.0,18.6,13.6,23.4,22.9,23.8,19.0,60.84,19.75,23.57,83.79,24.0,81.86,88.31,6266.0,53628.0,10440.0,103707.0,6370.0,1791.0,14910.0,1803.0,51,1903.0
2026-01-27,83.6,0.0,1663.0,32.9,16.4,0.5,3.5,0.0,400.0,1.0,148.0,159.2,4.1,111.0,176.3,0.0,0.0,0.0,0.0,0.0,200.0,0.0,177.0,40.0,0.0,0.0,0.0,0.0,0.0,83.6,26.4,22.7,10.5,61.45,70.0,3.2,1902.0,46.0,54.1,2.0,3.55,4.0,10.05,9.9,33.95,75.0,71.0,75.0,62.0,19.5,11.7,24.8,23.7,23.2,18.98,60.94,19.56,23.37,83.69,23.97,81.79,88.27,6443.0,53761.0,10617.0,103822.0,6860.0,1806.0,13160.0,1773.0,51,1902.0
2026-01-28,83.1,0.0,1514.3,31.0,5.2,0.1,0.0,0.0,0.0,2.6,107.0,181.5,8.3,127.7,131.3,0.0,7.7,0.6,0.7,0.0,0.0,0.0,100.0,15.0,0.0,0.0,0.0,0.0,0.0,83.05,26.2,22.8,10.5,60.95,71.0,3.2,1896.0,46.0,53.4,2.0,3.4,3.85,9.75,9.5,34.45,77.0,71.0,76.0,64.0,21.5,13.5,26.4,26.4,21.7,18.94,60.82,19.54,23.39,83.53,23.93,81.71,88.23,5918.0,53365.0,10210.0,103407.0,7770.0,1841.0,13510.0,1778.0,51,1896.0
2026-01-29,82.9,0.0,1337.4,17.7,6.4,0.0,0.0,0.0,0.0,442.0,0.0,160.5,3.8,108.9,137.8,0.0,0.0,0.0,0.0,0.0,0.0,0.0,150.0,30.0,0.0,0.0,0.0,0.0,0.0,82.85,26.1,23.3,10.5,60.4,71.0,3.2,1894.0,48.0,53.7,2.0,3.4,3.85,9.95,9.9,33.3,78.0,72.0,72.0,65.0,21.7,13.5,24.3,23.5,24.0,19.3,60.85,19.36,23.21,83.38,23.9,81.64,88.18,5318.0,52512.0,9870.0,102955.0,8890.0,1869.0,15120.0,1803.0,51,1894.0
2026-01-30,83.0,0.0,1389.5,17.1,9.7,0.0,0.0,0.0,200.0,1.1,74.0,153.1,0.3,97.9,147.3,0.0,0.0,0.0,0.0,0.0,0.0,0.0,150.0,30.0,0.0,0.0,0.0,0.0,0.0,83.0,26.2,22.6,10.0,61.05,68.0,3.2,1896.0,46.0,54.6,2.0,3.4,4.15,9.95,9.8,33.75,69.0,67.0,71.0,66.0,21.4,7.6,24.4,24.0,23.3,18.76,61.05,19.07,22.89,83.31,23.87,81.57,88.14,5108.0,52044.0,10020.0,102436.0,10080.0,1901.0,15680.0,1802.0,51,1896.0
2026-01-31,82.9,0.0,1929.3000000000002,49.699999999999996,18.6,0.5,3.5,0.0,200.0,0.0,74.0,207.0,1.3,49.6,152.5,0.0,0.0,0.0,0.0,0.0,0.0,0.0,507.0,87.0,0.0,0.0,0.0,0.0,0.0,82.9,26.2,22.2,10.0,61.3,68.0,3.2,1894.0,45.0,54.5,2.0,3.4,4.05,10.15,10.0,33.7,71.0,67.0,67.0,68.0,21.5,10.2,23.1,22.4,23.1,18.4,61.14,18.94,22.74,83.28,23.83,81.5,88.1,4915.0,52162.0,10527.0,101700.0,8820.0,1869.0,15890.0,1784.0,51,1894.0
2026-02-01,83.4,0.0,1696.4,42.7,15.6,1.0,7.0,0.0,200.0,0.4,74.0,118.30000000000001,0.5,72.5,204.8,0.0,0.0,0.0,0.0,0.0,300.0,0.0,320.0,70.0,0.0,0.0,0.0,0.0,0.0,83.4,26.3,23.4,10.5,60.75,69.0,3.2,1900.0,48.0,54.1,2.0,3.4,4.1,9.9,9.85,33.5,71.0,75.0,66.0,69.0,21.6,9.0,24.4,22.8,24.8,19.52,61.05,18.99,22.81,83.21,23.8,81.43,88.06,5235.0,52295.0,10847.0,101553.0,9100.0,1872.0,16170.0,1781.0,51,1900.0
2026-02-02,0.0,0.0,1523.0,32.599999999999994,14.0,0.5,3.5,0.0,400.0,1.5,148.0,180.20000000000002,6.2,101.3,135.8,0.0,0.0,0.0,0.0,0.0,0.0,0.0,0.0,0.0,0.0,0.0,0.0,0.0,0.0,83.6,26.4,25.0,11.0,59.6,70.0,3.1,1902.0,54.0,54.1,2.0,3.55,3.8,9.95,9.6,32.7,68.0,71.0,75.0,63.0,18.5,15.1,24.1,25.9,26.6,20.9,60.79,19.26,23.14,83.2,23.77,81.36,88.01,5235.0,52039.0,10847.0,101700.0,8820.0,1854.0,18340.0,1820.0,51,1902.0
2026-02-03,83.4,0.0,1327.6,12.3,3.6,0.0,0.0,0.0,0.0,215.0,0.0,141.3,0.0,84.1,154.7,0.0,0.0,0.0,0.0,0.0,200.0,0.0,221.0,40.0,0.0,0.0,0.0,0.0,0.0,83.35,26.3,22.4,10.0,61.45,69.0,3.2,1900.0,45.0,55.3,2.0,3.7,4.15,10.05,10.0,33.55,69.0,73.0,71.0,65.0,15.2,8.6,23.8,22.6,24.2,18.67,60.79,19.21,23.1,83.16,23.73,81.29,87.97,4949.0,51444.0,10918.0,101688.0,8960.0,1848.0,18830.0,1827.0,51,1900.0
2026-02-04,83.4,0.0,1583.1,62.0,16.2,3.1,12.0,0.0,174.2,1561.0,107.0,155.8,15.0,77.80000000000001,138.2,0.0,7.7,8.5,17.599999999999998,0.0,0.0,0.0,0.0,0.0,0.0,0.0,0.0,0.0,0.0,83.35,26.3,23.0,10.5,60.95,69.0,3.2,1900.0,47.0,54.0,2.0,3.45,3.9,9.85,9.8,33.95,69.0,74.0,71.0,63.0,20.1,13.4,24.7,23.7,23.6,19.17,60.79,19.25,23.13,83.21,23.7,81.21,87.93,4949.0,51574.0,10918.0,101651.0,8820.0,1848.0,18830.0,1826.0,51,1900.0
2026-02-05,83.5,0.0,1460.3000000000002,17.8,7.0,0.6000000000000001,0.2,0.0,0.0,11.299999999999999,274.8,188.5,20.799999999999997,101.6,146.6,0.1,43.0,3.8,34.7,0.0,0.0,0.0,0.0,0.0,0.0,0.0,0.0,0.0,0.0,83.5,26.4,22.9,10.5,61.2,67.0,3.2,1901.0,47.0,55.4,2.0,3.6,3.95,10.1,9.95,33.6,65.0,72.0,69.0,63.0,17.6,12.7,22.4,23.5,24.4,19.12,60.9,19.22,23.07,83.3,23.67,81.14,87.88,4949.0,51561.0,10437.0,101054.0,7630.0,1808.0,17570.0,1803.0,51,1901.0
2026-02-06,83.4,0.0,1856.6,32.3,9.2,0.1,0.6,0.0,15.0,1380.3999999999999,0.0,265.4,6.7,101.5,113.0,0.0,0.0,0.0,0.0,0.0,0.0,0.0,0.0,0.0,0.0,0.0,0.0,0.0,0.0,83.4,26.3,25.2,11.0,59.25,68.0,3.1,1900.0,55.0,52.5,2.0,3.35,3.75,10.15,9.5,32.5,68.0,77.0,75.0,57.0,23.2,16.1,23.7,27.2,26.2,21.02,60.64,19.54,23.44,83.36,23.63,81.07,87.84,4949.0,51894.0,10287.0,101439.0,5810.0,1758.0,17780.0,1816.0,51,1900.0
2026-02-07,83.5,0.0,2083.0,25.9,6.9,0.0,0.0,0.0,0.0,0.0,0.0,140.4,0.5,80.9,126.8,0.0,0.0,0.0,0.0,0.0,700.0,0.0,721.0,130.0,0.0,0.0,0.0,0.0,0.0,83.45,26.3,22.9,10.5,61.1,68.0,3.2,1901.0,47.0,54.5,2.0,3.5,3.95,10.0,9.95,33.7,74.0,74.0,72.0,59.0,20.1,12.0,23.9,22.7,24.1,19.11,60.61,19.64,23.54,83.44,23.6,81.0,87.8,5670.0,52685.0,11008.0,102173.0,4760.0,1726.0,16870.0,1801.0,51,1901.0
2026-02-08,83.1,0.0,1772.6000000000001,63.4,11.9,0.0,0.0,0.0,0.0,0.0,0.0,148.4,5.3,40.5,146.6,0.0,0.0,0.0,0.0,0.0,0.0,0.0,481.0,70.0,0.0,0.0,0.0,0.0,0.0,83.1,26.2,22.1,10.0,61.55,68.0,3.2,1897.0,44.0,55.1,2.0,3.7,3.95,9.95,10.0,33.95,69.0,72.0,73.0,60.0,15.4,11.9,24.0,22.2,23.2,18.37,60.73,19.48,23.36,83.39,23.57,80.93,87.76,6151.0,52570.0,11489.0,102606.0,4690.0,1704.0,16730.0,1797.0,51,1897.0
2026-02-09,83.0,0.0,1532.7,35.9,4.1,0.1,0.0,0.0,0.0,2.7,214.0,150.0,4.8,104.4,148.4,0.0,15.3,1.2,1.3,0.0,0.0,0.0,0.0,0.0,0.0,0.0,0.0,0.0,0.0,83.0,26.2,23.6,10.5,60.25,67.0,3.2,1896.0,49.0,53.7,2.0,3.4,3.85,10.1,9.65,33.25,74.0,69.0,71.0,60.0,21.6,13.3,23.7,25.4,24.3,19.59,60.82,19.29,23.16,83.31,23.53,80.86,87.71,5670.0,52238.0,11122.0,102427.0,5110.0,1723.0,15330.0,1777.0,51,1896.0
2026-02-10,82.5,0.0,1471.7,27.5,5.7,0.1,0.0,0.0,0.0,3.7,214.0,181.6,9.0,118.4,131.9,0.0,15.3,1.2,1.3,0.0,200.0,0.0,175.0,40.0,0.0,0.0,0.0,0.0,0.0,82.5,26.0,22.1,10.0,61.1,68.0,3.2,1890.0,44.0,54.9,2.0,3.6,4.15,10.0,9.85,33.5,70.0,74.0,70.0,61.0,17.4,7.6,24.0,23.8,22.9,18.23,60.77,19.23,23.11,83.19,23.5,80.79,87.67,5355.0,52091.0,11297.0,102637.0,5740.0,1749.0,15330.0,1778.0,51,1890.0
2026-02-11,82.4,0.0,1432.9,24.8,5.5,1.1,7.0,0.0,0.0,3.0,214.0,129.5,5.8,104.4,168.6,0.0,15.3,1.2,1.3,0.0,0.0,0.0,0.0,0.0,0.0,0.0,0.0,0.0,0.0,82.4,26.0,21.2,9.5,61.7,67.0,3.2,1889.0,41.0,55.7,5.0,3.55,4.45,9.7,10.1,33.9,68.0,72.0,68.0,64.0,17.8,1.0,26.0,20.9,22.2,17.47,60.88,18.99,22.86,83.05,23.47,80.71,87.63,5205.0,51757.0,11103.0,102721.0,6580.0,1771.0,15470.0,1785.0,51,1889.0
2026-02-12,82.5,0.0,1587.3,12.3,5.5,0.1,0.0,0.0,0.0,2.7,214.0,122.0,4.8,105.0,122.3,0.0,15.3,1.2,1.3,0.0,0.0,0.0,109.0,15.0,0.0,0.0,0.0,0.0,0.0,82.45,26.0,22.3,10.0,60.9,68.0,3.2,1889.0,45.0,53.7,2.0,3.4,3.95,9.95,9.6,34.0,71.0,68.0,72.0,63.0,21.3,11.6,25.1,25.7,21.6,18.39,60.84,18.88,22.77,82.9,23.43,80.64,87.58,5206.0,51721.0,10705.0,102594.0,7770.0,1810.0,15820.0,1795.0,51,1889.0
2026-02-13,82.2,0.0,1938.7,37.4,11.8,0.0,0.0,0.0,0.0,0.0,0.0,208.9,0.5,88.7,180.89999999999998,0.0,0.0,0.0,0.0,0.0,0.0,0.0,500.0,80.0,0.0,0.0,0.0,0.0,0.0,82.2,26.0,22.1,10.0,60.9,68.0,3.2,1887.0,44.0,54.4,2.0,3.55,3.7,9.9,10.1,33.65,70.0,69.0,67.0,67.0,17.6,17.2,24.2,21.7,22.5,18.17,61.07,18.48,22.33,82.73,23.4,80.57,87.54,5706.0,52297.0,11205.0,103000.0,9030.0,1854.0,15960.0,1796.0,51,1887.0
2026-02-14,82.4,0.0,1919.7,25.0,7.699999999999999,0.1,0.0,0.0,0.0,2.7,214.0,187.5,5.3999999999999995,99.6,111.8,0.0,15.3,1.2,1.3,0.0,0.0,0.0,500.0,80.0,0.0,0.0,0.0,0.0,0.0,82.35,26.0,22.0,10.0,61.05,68.0,3.2,1888.0,44.0,54.9,2.0,3.55,3.8,10.2,9.75,33.75,67.0,68.0,71.0,66.0,17.8,14.0,21.8,24.6,22.6,18.12,61.06,18.33,22.2,82.57,23.37,80.5,87.5,6106.0,52763.0,11705.0,103563.0,10080.0,1891.0,17010.0,1814.0,51,1888.0
2026-02-15,82.3,0.0,1467.5,39.9,17.6,0.5,3.5,0.0,400.0,0.0,148.0,157.10000000000002,0.9,62.400000000000006,111.8,0.0,0.0,0.0,0.0,0.0,0.0,0.0,0.0,0.0,0.0,0.0,0.0,0.0,0.0,82.3,26.0,22.1,10.0,60.95,68.0,3.2,1888.0,44.0,54.8,2.0,3.35,4.0,10.15,9.95,33.5,67.0,65.0,70.0,67.0,22.3,10.4,22.7,22.2,23.0,18.19,60.98,18.31,22.2,82.46,23.33,80.43,87.46,6106.0,52724.0,11705.0,103581.0,10500.0,1904.0,17290.0,1819.0,51,1888.0
2026-02-16,82.0,0.0,1529.0,8.4,3.0,0.0,0.0,0.0,0.0,0.0,0.0,217.60000000000002,0.0,120.80000000000001,103.6,0.0,0.0,0.0,0.0,0.0,0.0,0.0,0.0,0.0,0.0,0.0,0.0,0.0,0.0,81.95,25.9,22.1,10.0,60.7,68.0,3.2,1884.0,44.0,55.0,2.0,3.45,3.95,10.1,9.75,33.45,68.0,65.0,70.0,67.0,19.5,11.2,22.8,23.7,22.7,18.11,61.04,18.1,21.99,82.31,23.3,80.36,87.41,6106.0,48573.0,11705.0,103551.0,11410.0,1796.0,18200.0,1834.0,51,1884.0
2026-02-17,82.3,0.0,1782.6,26.7,7.7,0.1,0.0,0.0,0.0,2.7,214.0,208.9,5.2,121.4,171.1,0.0,15.3,1.2,1.3,0.0,200.0,0.0,221.0,40.0,0.0,0.0,0.0,0.0,0.0,82.25,26.0,22.2,10.0,60.8,67.0,3.2,1887.0,45.0,54.9,2.0,3.45,3.8,10.1,9.9,33.55,69.0,59.0,70.0,66.0,19.8,14.1,22.6,22.3,23.1,18.26,61.0,18.1,22.0,82.27,23.27,80.29,87.37,6327.0,49092.0,11926.0,103924.0,11760.0,1818.0,17990.0,1833.0,51,1887.0
2026-02-18,82.0,0.0,1571.0,25.6,7.800000000000001,0.6,3.5,0.0,0.0,2.7,214.0,183.9,5.2,121.5,147.2,0.0,15.3,1.2,1.3,0.0,0.0,0.0,109.0,30.0,0.0,0.0,0.0,0.0,0.0,82.05,25.9,22.5,10.0,60.4,67.0,3.2,1885.0,46.0,54.0,2.0,3.45,3.75,9.95,9.7,33.55,66.0,58.0,72.0,65.0,19.8,15.3,23.6,24.6,22.6,18.46,60.81,18.24,22.19,82.22,23.23,80.21,87.33,6286.0,48875.0,11795.0,103837.0,13370.0,1865.0,17990.0,1834.0,51,1885.0
2026-02-19,81.8,0.0,1405.2,22.9,6.1,0.6,3.5,0.0,0.0,2.0,214.0,166.60000000000002,5.3,103.6,127.89999999999999,0.0,15.3,1.2,1.3,0.0,0.0,0.0,0.0,0.0,0.0,0.0,0.0,0.0,0.0,81.9,25.9,22.0,10.0,60.7,66.0,3.2,1883.0,44.0,54.8,2.0,3.65,3.7,9.9,9.8,33.65,66.0,59.0,71.0,65.0,15.2,16.4,23.8,23.6,22.3,18.02,60.79,18.19,22.14,82.14,23.2,80.14,87.28,5779.0,48614.0,11795.0,103906.0,13930.0,1892.0,18270.0,1840.0,51,1883.0
2026-02-20,0.0,0.0,1934.8,14.4,6.6,0.0,0.0,0.0,0.0,0.0,0.0,83.3,0.0,65.1,136.2,0.0,0.0,0.0,0.0,0.0,0.0,0.0,0.0,0.0,0.0,0.0,0.0,0.0,0.0,82.15,25.9,21.7,10.0,61.15,66.0,3.2,1886.0,43.0,54.6,5.0,3.45,3.8,10.05,9.95,33.9,69.0,55.0,71.0,65.0,19.8,14.2,23.4,22.4,21.9,17.83,60.82,18.14,22.09,82.14,23.17,80.07,87.24,5779.0,49016.0,11795.0,104669.0,14490.0,1924.0,17640.0,1842.0,51,1886.0
2026-02-21,81.8,0.0,1318.5,42.2,10.3,0.5,3.5,0.0,93.9,1288.6,388.4,133.2,0.4,19.0,92.1,0.0,0.0,0.0,0.0,0.0,0.0,0.0,500.0,80.0,0.0,0.0,0.0,0.0,0.0,81.8,25.8,21.4,9.5,61.1,65.0,3.2,1882.0,42.0,56.4,5.0,3.55,4.15,9.9,10.0,33.5,64.0,56.0,70.0,64.0,17.1,6.8,22.8,20.6,23.1,17.51,60.83,18.05,22.0,82.06,23.13,80.0,87.2,6125.0,48726.0,12295.0,104270.0,15260.0,1929.0,17220.0,1820.0,51,1882.0
2026-02-22,82.2,0.0,1472.9,45.6,9.0,0.0,0.0,0.0,0.0,0.0,0.0,133.8,0.5,51.1,124.0,0.0,0.0,0.0,0.0,0.0,0.0,0.0,0.0,0.0,0.0,0.0,0.0,0.0,0.0,82.2,25.9,21.9,10.0,61.0,65.0,3.2,1887.0,44.0,55.3,5.0,3.5,3.9,10.3,9.8,33.5,67.0,54.0,71.0,63.0,19.2,12.3,21.0,23.3,23.1,18.0,60.84,18.03,21.97,82.04,23.1,79.93,87.16,6025.0,48722.0,11976.0,102632.0,14980.0,1923.0,16800.0,1791.0,51,1887.0
2026-02-23,81.4,0.0,1482.5,44.1,5.8,0.6,3.5,0.0,0.0,2.3,214.0,105.10000000000001,5.8,59.400000000000006,162.7,0.0,15.3,1.2,1.3,0.0,0.0,0.0,150.0,30.0,0.0,0.0,0.0,0.0,0.0,81.35,25.7,21.9,10.0,60.35,66.0,3.2,1877.0,44.0,54.8,5.0,3.35,3.95,10.2,9.8,33.05,70.0,58.0,71.0,64.0,21.3,10.2,21.2,23.1,23.1,17.82,60.79,17.99,21.94,81.96,23.07,79.86,87.11,5606.0,48218.0,12126.0,102174.0,14630.0,1908.0,18340.0,1806.0,51,1877.0
2026-02-24,81.7,0.0,2117.4,42.6,8.6,0.0,0.0,0.0,0.0,0.8,0.0,240.5,3.1,81.0,186.0,0.0,0.0,0.0,0.0,0.0,0.0,0.0,600.0,80.0,0.0,0.0,0.0,0.0,0.0,81.65,25.8,23.4,10.5,59.4,66.0,3.1,1880.0,49.0,54.4,2.0,3.45,3.65,9.85,9.45,33.0,67.0,61.0,73.0,59.0,18.8,15.9,23.7,25.5,24.0,19.11,60.59,18.11,22.11,81.87,23.03,79.79,87.07,5691.0,48576.0,12207.0,102663.0,15050.0,1931.0,19600.0,1834.0,51,1880.0
2026-02-25,81.4,0.0,1774.9,55.599999999999994,7.7,0.0,0.0,0.0,0.0,0.0,0.0,163.2,0.6,62.3,147.6,0.0,0.0,0.0,0.0,0.0,0.0,0.0,0.0,0.0,0.0,0.0,0.0,0.0,0.0,81.35,25.7,21.2,9.5,60.95,66.0,3.2,1877.0,41.0,55.4,5.0,3.55,3.9,9.9,9.85,33.75,68.0,61.0,70.0,63.0,16.0,11.2,23.3,21.9,21.9,17.25,60.66,17.93,21.93,81.77,23.0,79.71,87.03,5691.0,48875.0,11957.0,102503.0,14140.0,1911.0,20510.0,1851.0,51,1877.0
2026-02-26,81.8,0.0,1994.5,37.5,17.0,0.5,3.5,0.0,200.0,1.0,74.0,175.5,5.6,98.3,239.1,0.0,0.0,0.0,22.0,0.0,0.0,0.0,507.0,87.0,0.0,0.0,0.0,0.0,0.0,81.75,25.8,22.1,10.0,60.5,66.0,3.2,1882.0,45.0,55.7,2.0,3.55,4.0,9.75,9.7,33.5,69.0,63.0,72.0,60.0,17.0,9.1,23.7,23.2,23.2,18.07,60.64,17.94,21.94,81.75,22.97,79.64,86.98,6021.0,49207.0,12464.0,102968.0,13580.0,1892.0,20440.0,1849.0,51,1882.0
2026-02-27,81.8,0.0,1529.0,35.1,22.7,0.5,3.5,0.0,800.0,0.0,296.0,118.4,0.0,70.1,176.2,0.0,0.0,0.0,0.0,0.0,0.0,0.0,0.0,0.0,0.0,0.0,0.0,0.0,0.0,81.8,25.8,21.4,9.5,61.1,66.0,3.2,1882.0,42.0,55.6,5.0,3.5,4.0,9.95,9.85,33.8,65.0,63.0,71.0,61.0,18.3,9.1,23.0,21.7,22.4,17.51,60.63,17.9,21.9,81.7,22.93,79.57,86.94,5921.0,49222.0,11839.0,102587.0,12810.0,1870.0,20580.0,1855.0,51,1882.0
2026-02-28,81.8,0.0,1551.3,19.9,5.9,0.0,0.0,0.0,0.0,0.0,0.0,140.0,0.4,83.4,99.1,0.0,0.0,0.0,0.0,0.0,0.0,0.0,150.0,30.0,0.0,0.0,0.0,0.0,0.0,81.75,25.8,21.9,10.0,60.65,66.0,3.2,1882.0,44.0,54.8,5.0,3.4,3.8,9.9,9.9,33.65,65.0,61.0,71.0,61.0,20.2,13.7,23.6,22.1,22.4,17.9,60.56,17.95,21.97,81.69,22.9,79.5,86.9,5921.0,49436.0,11239.0,101947.0,11830.0,1845.0,20720.0,1857.0,51,1882.0
2026-03-01,82.0,0.0,1786.8,21.6,9.9,0.0,0.0,0.0,200.0,0.0,74.0,102.0,0.3,43.3,86.69999999999999,0.0,0.0,0.0,0.0,0.0,0.0,0.0,306.0,60.0,0.0,0.0,0.0,0.0,0.0,81.95,25.9,22.4,10.0,60.45,65.0,3.2,1884.0,45.0,55.1,2.0,3.45,3.65,9.9,9.75,33.7,65.0,62.0,71.0,61.0,19.2,16.5,22.8,22.7,23.1,18.36,60.49,18.0,22.04,81.66,22.87,79.43,86.86,6077.0,49833.0,11185.0,101876.0,11550.0,1844.0,21630.0,1872.0,51,1884.0
2026-03-02,82.4,0.0,1548.5,7.8,4.1,0.1,0.0,0.0,0.0,502.0,214.0,145.8,4.8,121.4,98.8,0.0,15.3,1.2,1.3,0.0,0.0,0.0,0.0,0.0,0.0,0.0,0.0,0.0,0.0,82.4,26.0,22.6,10.0,60.55,66.0,3.2,1889.0,46.0,55.5,2.0,3.6,3.7,9.9,9.5,33.85,64.0,64.0,72.0,60.0,16.0,16.1,23.7,25.6,22.8,18.62,60.51,18.12,22.14,81.81,22.83,79.36,86.81,5570.0,49452.0,10485.0,101614.0,10290.0,1806.0,19110.0,1837.0,51,1889.0
2026-03-03,81.8,0.0,1402.6,15.8,2.8,0.5,3.5,0.0,0.0,653.0,0.0,149.0,4.8,99.7,161.3,0.0,0.0,0.0,0.0,0.0,0.0,0.0,0.0,0.0,0.0,0.0,0.0,0.0,0.0,81.75,25.8,21.7,10.0,60.8,67.0,3.2,1882.0,43.0,54.8,5.0,3.5,3.8,9.8,9.85,33.85,63.0,65.0,72.0,64.0,17.8,13.3,23.9,22.3,22.2,17.74,60.71,17.92,21.9,81.82,22.8,79.29,86.77,5250.0,49158.0,10485.0,101453.0,9730.0,1788.0,18830.0,1830.0,51,1882.0
2026-03-04,81.2,0.0,1559.2,29.1,6.7,0.5,3.5,0.0,0.0,0.0,0.0,130.3,0.5,77.30000000000001,183.1,0.0,0.0,0.0,0.0,0.0,0.0,0.0,150.0,30.0,0.0,0.0,0.0,0.0,0.0,81.2,25.6,23.8,10.5,58.8,69.0,3.1,1875.0,50.0,54.6,2.0,3.7,3.9,9.75,9.2,32.25,69.0,71.0,78.0,57.0,13.2,10.7,24.0,27.3,25.1,19.33,60.41,18.22,22.27,81.8,22.77,79.21,86.73,5400.0,49194.0,10635.0,101233.0,9800.0,1786.0,18620.0,1820.0,51,1875.0
2026-03-05,81.4,0.0,1919.9,43.3,15.2,1.0,7.0,0.0,0.0,0.2,0.0,152.1,5.6,96.9,228.6,0.0,0.0,0.0,22.0,0.0,0.0,0.0,569.0,85.0,0.0,0.0,0.0,0.0,0.0,81.4,25.7,21.7,9.5,60.55,68.0,3.2,1878.0,43.0,54.5,5.0,3.55,3.7,9.65,9.9,33.75,68.0,68.0,74.0,62.0,16.6,15.9,25.2,22.2,21.6,17.66,60.41,18.16,22.21,81.75,22.73,79.14,86.68,5748.0,49787.0,10697.0,101231.0,9870.0,1797.0,18830.0,1823.0,51,1878.0
2026-03-06,81.8,0.0,1710.1,87.60000000000001,6.800000000000001,1.1,7.0,0.0,87.5,2.0,214.0,121.8,5.3,49.2,139.9,0.0,15.3,1.2,1.3,0.0,300.0,0.0,450.0,85.0,0.0,0.0,0.0,0.0,0.0,81.75,25.8,21.7,10.0,60.85,70.0,3.2,1882.0,43.0,55.5,5.0,3.45,4.3,10.05,9.85,33.2,73.0,77.0,74.0,61.0,19.7,2.9,23.2,22.4,23.1,17.74,60.38,18.19,22.26,81.74,22.7,79.07,86.64,6198.0,49914.0,11147.0,101488.0,10290.0,1800.0,19110.0,1824.0,51,1882.0
2026-03-07,81.8,0.0,2204.5,14.6,3.6,0.0,0.0,0.0,0.0,500.0,0.0,146.0,0.5,80.8,65.8,0.0,0.0,0.0,0.0,0.0,300.0,0.0,300.0,70.0,0.0,0.0,0.0,0.0,0.0,81.75,25.8,21.8,10.0,60.75,70.0,3.2,1882.0,43.0,54.2,5.0,3.2,4.15,9.75,9.8,33.85,68.0,79.0,73.0,63.0,24.1,5.8,24.5,22.1,22.3,17.82,60.39,18.18,22.24,81.74,22.67,79.0,86.6,6498.0,50658.0,11447.0,102219.0,10920.0,1836.0,18550.0,1822.0,51,1882.0
2026-03-08,82.2,0.0,1613.6999999999998,29.4,8.0,0.1,0.0,0.0,0.0,502.0,214.0,216.7,5.2,106.1,116.0,0.0,15.3,1.2,1.3,0.0,200.0,0.0,398.0,55.0,0.0,0.0,0.0,0.0,0.0,82.2,25.9,21.1,9.5,61.65,69.0,3.2,1887.0,41.0,56.8,5.0,3.55,4.0,10.3,10.15,33.65,73.0,76.0,71.0,62.0,17.1,9.8,19.9,19.8,23.4,17.34,60.56,18.04,22.06,81.78,22.63,78.93,86.56,6896.0,50415.0,11845.0,102309.0,11060.0,1819.0,16870.0,1789.0,51,1887.0
2026-03-09,81.8,0.0,1857.0,3.4,2.0,0.0,0.0,0.0,0.0,0.0,0.0,68.30000000000001,0.0,61.5,84.1,0.0,0.0,0.0,0.0,0.0,0.0,0.0,0.0,0.0,0.0,0.0,0.0,0.0,0.0,81.75,25.8,21.5,9.5,60.95,69.0,3.2,1882.0,43.0,55.7,5.0,3.65,4.0,9.95,9.8,33.55,76.0,73.0,71.0,63.0,15.1,9.7,23.0,22.7,22.6,17.58,60.62,17.89,21.9,81.69,22.6,78.86,86.51,6175.0,50189.0,11845.0,102874.0,12250.0,1875.0,17010.0,1801.0,51,1882.0
2026-03-10,0.0,0.0,1605.4,33.9,5.4,0.0,0.0,0.0,0.0,0.0,0.0,122.6,0.0,88.0,198.1,0.0,0.0,0.0,0.0,0.0,0.0,0.0,0.0,0.0,0.0,0.0,0.0,0.0,0.0,,0.0,,0.0,,0.0,0.0,,0.0,0.0,0.0,,,,,,0.0,0.0,0.0,0.0,,,,,,,60.59,17.91,21.93,81.68,22.57,78.79,86.47,5694.0,50022.0,11845.0,102592.0,11970.0,1877.0,16660.0,1790.0,51,
2026-03-11,81.2,0.0,1626.3,35.6,11.2,1.0,7.0,0.0,200.0,2000.7,74.0,168.1,6.1,59.2,152.4,0.0,0.0,0.0,0.0,0.0,0.0,0.0,150.0,15.0,0.0,0.0,0.0,0.0,0.0,81.15,25.6,21.0,9.5,60.95,69.0,3.2,1875.0,41.0,55.3,5.0,3.65,3.75,9.9,9.85,33.8,72.0,73.0,71.0,64.0,14.7,13.8,23.4,22.5,21.1,17.04,60.95,17.53,21.47,81.67,22.53,78.71,86.43,5844.0,50115.0,11514.0,102353.0,11480.0,1858.0,16590.0,1790.0,51,1875.0
2026-03-12,81.6,0.0,1489.3,37.699999999999996,6.8,0.0,0.0,0.0,0.0,0.7,0.0,115.0,0.0,79.5,162.3,0.0,0.0,0.0,0.0,0.0,0.0,0.0,134.0,15.0,0.0,0.0,0.0,0.0,0.0,81.6,25.8,22.8,10.0,59.9,67.0,3.1,1880.0,47.0,54.9,2.0,3.35,3.85,9.8,9.5,33.4,64.0,69.0,70.0,63.0,21.0,11.7,24.3,25.0,23.0,18.6,60.84,17.69,21.65,81.7,22.5,78.64,86.38,5803.0,50133.0,11158.0,102224.0,10430.0,1825.0,16170.0,1787.0,51,1880.0
2026-03-13,81.4,0.0,2224.9,22.4,5.3,0.0,0.0,0.0,0.0,0.0,0.0,108.2,0.0,29.6,101.8,0.0,0.0,0.0,0.0,0.0,0.0,0.0,0.0,0.0,0.0,0.0,0.0,0.0,0.0,81.4,25.7,22.0,10.0,60.35,68.0,3.2,1878.0,44.0,54.2,2.0,3.35,3.75,9.35,9.3,34.6,68.0,69.0,71.0,65.0,20.4,13.7,27.4,26.8,20.0,17.91,60.76,17.72,21.7,81.64,22.47,78.57,86.34,5803.0,50925.0,11008.0,102682.0,9870.0,1833.0,16450.0,1802.0,51,1878.0
2026-03-14,0.0,0.0,2504.0,0.3,0.1,0.1,0.0,0.0,0.0,2.0,214.0,27.6,4.8,20.8,0.5,0.0,15.3,1.2,1.3,0.0,0.0,0.0,0.0,0.0,0.0,0.0,0.0,0.0,0.0,,0.0,,0.0,,0.0,0.0,,0.0,0.0,0.0,,,,,,0.0,0.0,0.0,0.0,,,,,,,60.76,17.69,21.68,81.62,22.43,78.5,86.3,5694.0,51842.0,10900.0,103563.0,8960.0,1837.0,16730.0,1823.0,51,
2026-03-15,0.0,0.0,2248.0,4.0,2.0,0.0,0.0,0.0,0.0,0.0,0.0,10.0,0.0,8.0,20.0,0.0,0.0,0.0,0.0,0.0,0.0,0.0,0.0,0.0,0.0,0.0,0.0,0.0,0.0,,0.0,,0.0,,0.0,0.0,,0.0,0.0,0.0,,,,,,0.0,0.0,0.0,0.0,,,,,,,60.54,17.78,21.82,81.48,22.4,78.43,86.26,5194.0,52151.0,10900.0,104448.0,8750.0,1857.0,17780.0,1855.0,51,
2026-03-16,82.8,0.0,1508.4,31.5,9.1,0.5,3.5,0.0,0.0,1000.7,0.0,151.3,0.4,91.1,146.2,0.0,0.0,0.0,0.0,0.0,0.0,0.0,0.0,0.0,0.0,0.0,0.0,0.0,0.0,82.75,26.1,22.4,10.0,61.0,66.0,3.2,1893.0,45.0,55.5,2.0,3.5,3.85,10.15,10.15,33.35,63.0,66.0,68.0,65.0,19.4,13.5,21.5,20.3,24.5,18.54,60.55,18.02,22.05,81.73,22.37,78.36,86.21,4694.0,51740.0,10800.0,104502.0,5880.0,1764.0,15960.0,1828.0,51,1893.0
2026-03-17,82.3,0.0,1410.9,27.7,9.0,0.5,3.5,0.0,0.0,0.7,0.0,128.3,0.4,94.30000000000001,152.9,0.0,0.0,0.0,0.0,0.0,0.0,0.0,150.0,30.0,0.0,0.0,0.0,0.0,0.0,82.25,26.0,22.2,10.0,60.85,66.0,3.2,1887.0,45.0,55.2,2.0,3.45,3.8,10.2,10.0,33.4,67.0,62.0,69.0,64.0,20.3,13.9,21.6,21.3,23.7,18.26,60.61,18.07,22.08,81.83,22.33,78.29,86.17,4844.0,51683.0,10950.0,104407.0,4410.0,1708.0,14910.0,1806.0,51,1887.0
2026-03-18,81.9,0.0,1556.9,32.3,9.9,1.0,7.0,0.0,0.0,1.8,0.0,162.8,4.8,101.3,156.6,0.0,0.0,0.0,0.0,0.0,0.0,0.0,108.0,15.0,0.0,0.0,0.0,0.0,0.0,81.9,25.8,21.0,9.5,61.5,68.0,3.2,1883.0,41.0,56.6,5.0,3.45,4.5,10.3,10.05,33.2,73.0,67.0,70.0,64.0,20.2,1.0,20.9,20.3,23.5,17.2,60.72,18.1,22.08,81.98,22.3,78.21,86.13,4952.0,51711.0,11058.0,100284.0,2310.0,1636.0,13720.0,1716.0,51,1883.0
2026-03-19,81.6,0.0,1417.5,22.8,10.5,0.0,0.0,0.0,200.0,2.0,74.0,156.9,3.7,104.5,150.9,0.0,0.0,0.0,0.0,0.0,0.0,0.0,515.0,79.0,0.0,0.0,0.0,0.0,0.0,81.6,25.8,21.4,9.5,60.9,67.0,3.2,1880.0,42.0,55.7,5.0,3.5,3.95,9.95,9.95,33.55,65.0,70.0,70.0,64.0,17.3,10.2,22.7,21.1,22.8,17.46,60.92,17.87,21.8,81.98,22.27,78.14,86.08,5246.0,51346.0,11573.0,100438.0,2030.0,1604.0,13790.0,1711.0,51,1880.0
2026-03-20,81.6,0.0,1435.1,33.1,8.1,1.5,10.5,0.0,109.5,3.4,577.5,81.8,0.0,71.0,199.5,0.0,0.0,0.0,0.0,0.0,200.0,0.0,341.0,55.0,0.0,0.0,0.0,0.0,0.0,81.55,25.7,21.3,9.5,61.0,68.0,3.2,1879.0,42.0,55.5,5.0,3.55,3.85,10.1,10.0,33.5,71.0,69.0,70.0,63.0,17.1,12.6,22.2,20.7,22.5,17.37,61.05,17.77,21.66,82.01,22.23,78.07,86.04,5478.0,51210.0,11764.0,100085.0,1470.0,1573.0,14840.0,1719.0,51,1879.0
2026-03-21,81.4,0.0,2035.1999999999998,48.0,15.600000000000001,0.0,0.0,0.0,85.2,92.1,562.6,207.5,2.9,64.9,178.9,0.0,0.0,0.0,0.0,0.0,0.0,0.0,597.0,85.0,0.0,0.0,0.0,0.0,0.0,81.4,25.7,22.7,10.0,59.8,68.0,3.1,1878.0,47.0,55.2,2.0,3.45,3.7,10.3,9.65,32.7,77.0,68.0,71.0,61.0,18.6,14.8,19.7,23.6,24.6,18.48,60.84,17.89,21.83,81.91,22.2,78.0,86.0,6075.0,51840.0,11854.0,100454.0,1610.0,1579.0,15540.0,1736.0,51,1878.0
2026-03-22,81.4,0.0,1745.8,34.9,10.4,0.5,3.5,0.0,112.5,172.5,0.0,159.4,0.9,74.0,141.3,0.0,0.0,3.8,0.0,0.0,300.0,0.0,350.0,70.0,0.0,0.0,0.0,0.0,0.0,81.4,25.7,21.8,10.0,60.5,69.0,3.2,1878.0,44.0,55.1,5.0,3.5,4.0,9.9,9.85,33.25,76.0,73.0,68.0,64.0,17.6,9.2,23.5,21.7,23.1,17.75,60.79,17.87,21.83,81.84,22.17,77.93,85.96,6425.0,51651.0,12204.0,100667.0,2100.0,1578.0,16590.0,1751.0,51,1878.0
2026-03-23,81.8,0.0,1356.8,28.6,8.4,0.5,3.5,0.0,0.0,1.1,0.0,126.4,4.1,80.7,147.1,0.0,0.0,0.0,0.0,0.0,0.0,0.0,0.0,0.0,0.0,0.0,0.0,0.0,0.0,81.8,25.8,23.5,10.5,59.45,72.0,3.1,1882.0,49.0,54.3,2.0,3.35,4.2,10.15,9.65,32.1,76.0,79.0,74.0,60.0,21.2,5.3,21.2,24.0,26.2,19.22,60.57,17.96,21.99,81.7,22.13,77.86,85.91,5925.0,51689.0,12050.0,100416.0,2520.0,1609.0,17780.0,1769.0,51,1882.0
2026-03-24,81.0,0.0,1307.3,18.6,6.6,0.5,3.5,0.0,0.0,0.0,0.0,139.4,0.5,88.30000000000001,141.8,0.0,0.0,0.0,0.0,0.0,0.0,0.0,0.0,0.0,0.0,0.0,0.0,0.0,0.0,81.0,25.6,22.7,10.0,59.5,72.0,3.1,1873.0,47.0,54.3,2.0,3.25,3.9,9.8,9.65,32.9,81.0,77.0,74.0,60.0,22.9,10.3,24.2,23.6,23.3,18.39,60.38,17.98,22.06,81.52,22.1,77.79,85.87,5925.0,51524.0,11950.0,100245.0,3640.0,1641.0,18620.0,1782.0,51,1873.0
2026-03-25,81.1,0.0,1378.3,32.9,3.5,0.0,0.0,0.0,0.0,0.0,0.0,130.1,0.0,37.6,134.9,0.0,0.0,0.0,0.0,0.0,0.0,0.0,0.0,0.0,0.0,0.0,0.0,0.0,0.0,81.1,25.6,25.4,11.0,57.45,74.0,3.0,1874.0,56.0,54.8,2.0,3.5,3.8,9.9,8.75,31.5,74.0,82.0,81.0,48.0,17.2,12.4,22.1,32.7,26.4,20.6,59.8,18.47,22.69,81.41,22.07,77.71,85.83,5775.0,51420.0,11381.0,99637.0,3850.0,1650.0,18480.0,1779.0,51,1874.0
2026-03-26,80.6,0.0,1404.5,30.3,2.1,0.1,0.0,0.0,0.0,502.0,214.0,163.8,4.8,113.4,114.3,0.0,15.3,1.2,1.3,0.0,0.0,0.0,0.0,0.0,0.0,0.0,0.0,0.0,0.0,80.6,25.4,22.3,10.0,59.5,73.0,3.1,1869.0,45.0,54.3,2.0,3.5,3.65,9.7,9.8,32.85,79.0,81.0,76.0,55.0,16.9,15.7,24.2,22.1,23.0,17.97,59.6,18.54,22.81,81.26,22.03,77.64,85.78,5175.0,50707.0,10866.0,99282.0,4270.0,1660.0,19320.0,1796.0,51,1869.0
2026-03-27,80.4,0.0,1791.1999999999998,47.1,16.5,1.5,5.8,0.2,69.1,795.3000000000001,377.9,188.10000000000002,8.0,54.1,129.5,25.7,5.9,39.8,12.0,0.0,0.0,0.0,0.0,0.0,0.0,0.0,0.0,0.0,0.0,80.4,25.4,21.6,9.5,59.9,73.0,3.1,1866.0,43.0,53.8,5.0,3.25,3.85,9.55,9.85,33.4,70.0,84.0,76.0,57.0,21.7,11.4,25.3,21.7,21.5,17.37,59.44,18.54,22.86,81.1,22.0,77.57,85.74,5175.0,50723.0,10866.0,99598.0,4690.0,1675.0,18830.0,1793.0,51,1866.0
2026-03-28,0.0,0.0,1517.9,7.8999999999999995,0.3,0.0,0.0,0.0,0.0,189.8,524.2,145.60000000000002,3.5,35.4,62.8,211.7,154.0,12.9,15.6,0.0,0.0,0.0,0.0,0.0,0.0,0.0,0.0,0.0,0.0,,0.0,,0.0,,0.0,0.0,,0.0,0.0,0.0,,,,,,0.0,0.0,0.0,0.0,,,,,,,59.38,18.55,22.88,81.05,21.97,77.5,85.7,4668.0,50246.0,10689.0,99453.0,4900.0,1683.0,18480.0,1787.0,51,
2026-03-29,0.0,0.0,1420.0,41.1,2.5999999999999996,0.0,0.0,0.0,0.0,1824.0,0.0,184.4,0.0,35.4,50.1,0.0,0.0,0.0,0.0,0.0,0.0,0.0,0.0,0.0,0.0,0.0,0.0,0.0,0.0,,0.0,,0.0,,0.0,0.0,,0.0,0.0,0.0,,,,,,0.0,0.0,0.0,0.0,,,,,,,59.16,18.71,23.1,80.98,21.93,77.43,85.66,4668.0,50137.0,10589.0,99359.0,5040.0,1684.0,17850.0,1777.0,51,
2026-03-30,0.0,0.0,1806.2,50.8,7.1,0.2,0.0,0.0,0.0,947.0,966.3,236.6,7.4,59.400000000000006,45.1,20.0,121.89999999999999,22.3,1.0,0.0,0.0,0.0,0.0,0.0,0.0,0.0,0.0,0.0,0.0,,0.0,,0.0,,0.0,0.0,,0.0,0.0,0.0,,,,,,0.0,0.0,0.0,0.0,,,,,,,59.09,18.58,23.0,80.78,21.9,77.36,85.61,4518.0,50392.0,10439.0,99828.0,6370.0,1741.0,18200.0,1793.0,51,
2026-03-31,0.0,0.0,2558.2,20.799999999999997,10.3,0.0,0.0,0.0,400.0,912.0,148.0,135.1,0.0,35.4,40.3,0.0,0.0,0.0,0.0,0.0,0.0,0.0,0.0,0.0,0.0,0.0,0.0,0.0,0.0,,0.0,,0.0,,0.0,0.0,,0.0,0.0,0.0,,,,,,0.0,0.0,0.0,0.0,,,,,,,58.95,18.65,23.1,80.7,21.87,77.29,85.57,4212.0,51164.0,10289.0,100996.0,6720.0,1789.0,18270.0,1816.0,51,
2026-04-01,0.0,0.0,2234.2,77.30000000000001,9.4,2.0,14.0,0.0,0.0,35.0,253.0,301.7,12.7,47.6,58.9,20.0,70.0,21.0,1.0,0.0,0.0,0.0,0.0,0.0,0.0,0.0,0.0,0.0,0.0,,0.0,,0.0,,0.0,0.0,,0.0,0.0,0.0,,,,,,0.0,0.0,0.0,0.0,,,,,,,59.7,17.67,21.95,80.5,21.83,77.21,85.53,4212.0,51849.0,9782.0,101301.0,9170.0,1894.0,19460.0,1850.0,51,
2026-04-02,0.0,0.0,1976.0,44.5,25.5,0.8,0.2,0.0,800.0,3.5,598.0,169.0,24.5,36.5,46.8,0.0,86.0,4.0,6.0,0.0,0.0,0.0,0.0,0.0,0.0,0.0,0.0,0.0,0.0,,0.0,,0.0,,0.0,0.0,,0.0,0.0,0.0,,,,,,0.0,0.0,0.0,0.0,,,,,,,59.9,17.37,21.6,80.4,21.8,77.14,85.48,4212.0,52423.0,9462.0,101581.0,9940.0,1938.0,19670.0,1863.0,51,
2026-04-03,0.0,0.0,2485.7,49.0,24.7,0.8,0.2,0.0,800.0,2.6,598.0,183.7,22.7,42.8,48.4,0.0,86.0,4.0,6.0,0.0,0.0,0.0,0.0,0.0,0.0,0.0,0.0,0.0,0.0,,0.0,,0.0,,0.0,0.0,,0.0,0.0,0.0,,,,,,0.0,0.0,0.0,0.0,,,,,,,,,,,21.77,77.07,85.44,4062.0,53349.0,9462.0,102544.0,,,,,51,
2026-04-04,0.0,0.0,2253.5,82.9,28.599999999999998,2.0,14.0,0.0,830.0,1792.0,296.0,279.7,11.7,54.0,87.0,0.0,0.0,0.0,0.0,0.0,0.0,0.0,0.0,0.0,0.0,0.0,0.0,0.0,0.0,,0.0,,0.0,,0.0,0.0,,0.0,0.0,0.0,,,,,,0.0,0.0,0.0,0.0,,,,,,,,,,,21.73,77.0,85.4,3493.0,53683.0,9241.0,103470.0,,,,,51,
2026-04-05,0.0,0.0,2059.7,55.6,26.2,0.0,0.0,0.0,830.0,880.0,296.0,219.7,11.7,54.0,66.0,0.0,0.0,0.0,0.0,0.0,0.0,0.0,0.0,0.0,0.0,0.0,0.0,0.0,0.0,,0.0,,0.0,,0.0,0.0,,0.0,0.0,0.0,,,,,,0.0,0.0,0.0,0.0,,,,,,,,,,,21.7,76.93,85.36,3043.0,54032.0,9241.0,103946.0,,,,,51,
2026-04-06,0.0,0.0,2189.3,68.3,30.299999999999997,0.3,1.9,0.0,854.6,1004.4,958.2,302.59999999999997,17.099999999999998,115.3,78.8,53.5,155.4,45.7,3.7,0.0,0.0,0.0,0.0,0.0,0.0,0.0,0.0,0.0,0.0,,0.0,,0.0,,0.0,0.0,,0.0,0.0,0.0,,,,,,0.0,0.0,0.0,0.0,,,,,,,,,,,21.67,76.86,85.31,2743.0,54017.0,9241.0,104675.0,,,,,51,
2026-04-07,0.0,0.0,2039.7,63.6,27.7,0.0,0.0,0.0,860.0,1760.0,296.0,293.7,14.7,74.0,86.0,0.0,0.0,0.0,0.0,0.0,0.0,0.0,0.0,0.0,0.0,0.0,0.0,0.0,0.0,,0.0,,0.0,,0.0,0.0,,0.0,0.0,0.0,,,,,,0.0,0.0,0.0,0.0,,,,,,,,,,,21.63,76.79,85.27,2345.0,54443.0,9241.0,104858.0,,,,,51,
2026-04-08,0.0,0.0,1179.7,47.6,24.7,0.0,0.0,0.0,800.0,0.0,296.0,145.7,8.7,34.0,46.0,0.0,0.0,0.0,0.0,0.0,0.0,0.0,0.0,0.0,0.0,0.0,0.0,0.0,0.0,,0.0,,0.0,,0.0,0.0,,0.0,0.0,0.0,,,,,,0.0,0.0,0.0,0.0,,,,,,,,,,,21.6,76.71,85.23,2345.0,53766.0,8520.0,103955.0,,,,,51,
2026-04-09,0.0,0.0,2361.7,55.6,26.2,0.0,0.0,0.0,830.0,880.0,296.0,239.5,11.7,54.0,69.0,0.0,0.0,0.0,0.0,0.0,0.0,0.0,0.0,0.0,0.0,0.0,0.0,0.0,0.0,,0.0,,0.0,,0.0,0.0,,0.0,0.0,0.0,,,,,,0.0,0.0,0.0,0.0,,,,,,,,,,,21.57,76.64,85.18,2345.0,54522.0,8039.0,104544.0,,,,,51,
2026-04-10,0.0,0.0,1254.1,61.099999999999994,28.7,4.5,22.4,0.0,831.7,563.2,849.7,118.8,5.8,39.800000000000004,56.3,0.0,23.6,4.3999999999999995,1.9,0.0,0.0,0.0,0.0,0.0,0.0,0.0,0.0,0.0,0.0,,0.0,,0.0,,0.0,0.0,,0.0,0.0,0.0,,,,,,0.0,0.0,0.0,0.0,,,,,,,,,,,21.53,76.57,85.14,2195.0,54150.0,8039.0,104265.0,,,,,51,
2026-04-11,0.0,0.0,1450.0,0.0,0.0,0.0,0.0,0.0,0.0,0.0,0.0,0.0,0.0,0.0,0.0,0.0,0.0,0.0,0.0,0.0,0.0,0.0,0.0,0.0,0.0,0.0,0.0,0.0,0.0,,0.0,,0.0,,0.0,0.0,,0.0,0.0,0.0,,,,,,0.0,0.0,0.0,0.0,,,,,,,,,,,21.5,76.5,85.1,2061.0,54111.0,7864.0,104244.0,,,,,51,
2026-04-12,82.0,0.0,1916.2,54.7,11.5,0.0,0.0,0.0,0.0,524.2,0.0,175.1,0.7,73.2,173.5,0.0,0.0,0.0,0.0,0.0,0.0,0.0,539.0,112.0,0.0,0.0,0.0,0.0,0.0,82.0,25.9,22.3,10.0,60.55,62.0,3.2,1884.0,45.0,56.0,2.0,3.6,3.65,10.15,10.0,33.15,72.0,60.0,63.0,58.0,15.5,16.4,20.9,20.1,24.5,18.29,60.55,18.29,22.3,82.0,21.47,76.43,85.06,2600.0,53802.0,8403.0,104727.0,-2520.0,1623.0,7350.0,1728.0,51,1884.0
2026-04-13,81.0,0.0,1532.3,34.1,18.5,0.1,0.0,0.0,28.0,1974.0,214.0,174.5,5.1,123.60000000000001,131.0,0.0,15.3,1.2,1.3,0.0,0.0,0.0,150.0,30.0,0.0,0.0,0.0,0.0,0.0,81.0,25.6,20.8,9.5,60.95,68.0,3.2,1873.0,40.0,55.6,5.0,3.4,4.05,10.15,9.85,33.5,87.0,56.0,69.0,65.0,20.5,7.2,22.2,22.2,21.5,16.85,60.75,17.57,21.55,81.5,21.43,76.36,85.01,2750.0,52830.0,8444.0,104672.0,840.0,1697.0,9800.0,1767.0,51,1873.0
2026-04-14,80.7,0.0,1506.0,24.2,12.6,0.1,0.0,0.0,200.0,3.5,288.0,199.5,5.3,81.8,123.9,0.0,15.3,1.2,1.3,0.0,300.0,0.0,300.0,70.0,0.0,0.0,0.0,0.0,0.0,80.8,25.5,20.8,9.5,60.8,70.0,3.2,1871.0,40.0,54.6,5.0,3.35,3.95,9.9,9.8,33.8,89.0,57.0,72.0,67.0,20.8,10.1,23.8,22.9,20.4,16.81,60.77,17.32,21.3,81.27,21.4,76.29,84.97,3050.0,52088.0,8244.0,104239.0,1470.0,1684.0,10220.0,1770.0,51,1871.0
2026-04-15,80.2,0.0,2010.7,64.8,15.1,0.5,3.5,0.0,200.0,0.9,74.0,204.3,3.7,85.2,165.2,0.0,0.0,0.0,0.0,0.0,800.0,0.0,640.0,120.0,0.0,0.0,0.0,0.0,0.0,80.15,25.3,21.9,9.5,59.45,72.0,3.1,1864.0,44.0,53.5,5.0,3.3,3.75,9.85,9.6,32.95,88.0,64.0,74.0,68.0,21.9,13.0,24.0,24.2,21.6,17.55,60.44,17.38,21.45,80.99,21.37,76.21,84.93,3690.0,52591.0,8384.0,104330.0,5180.0,1803.0,11060.0,1783.0,51,1864.0
2026-04-16,80.7,0.0,1488.1,36.4,16.6,1.0,7.0,0.0,400.0,0.9,148.0,153.4,0.4,55.6,135.8,0.0,0.0,0.0,0.0,0.0,0.0,0.0,150.0,30.0,0.0,0.0,0.0,0.0,0.0,80.7,25.5,21.1,9.5,60.5,72.0,3.2,1870.0,41.0,54.6,5.0,3.45,3.85,9.9,9.75,33.55,83.0,67.0,73.0,68.0,18.0,12.1,23.4,23.2,21.0,17.03,60.45,17.31,21.38,80.93,21.33,76.14,84.88,3690.0,52668.0,8534.0,104351.0,6300.0,1843.0,10710.0,1775.0,51,1870.0
2026-04-17,80.5,0.0,1334.5,25.1,6.5,0.1,2.4,0.0,68.8,76.5,667.8,142.4,10.399999999999999,96.4,131.3,0.0,15.3,1.2,1.3,0.0,0.0,0.0,0.0,0.0,0.0,0.0,0.0,0.0,0.0,80.45,25.4,21.5,9.5,60.05,70.0,3.1,1867.0,43.0,55.2,5.0,3.6,3.6,9.95,9.8,33.1,84.0,64.0,72.0,67.0,14.2,16.9,22.3,22.2,22.2,17.3,60.38,17.3,21.4,80.85,21.3,76.07,84.84,3582.0,52445.0,8534.0,104156.0,7910.0,1892.0,10220.0,1764.0,51,1867.0
2026-04-18,80.7,0.0,2509.9,45.3,13.3,0.0,0.0,0.0,0.0,0.9,0.0,269.1,5.8,108.7,245.5,0.0,0.0,0.0,21.6,0.0,0.0,0.0,809.0,166.0,0.0,0.0,0.0,0.0,0.0,80.7,25.5,21.3,9.5,60.35,71.0,3.2,1870.0,42.0,55.1,5.0,3.4,4.0,10.1,9.7,33.15,85.0,63.0,73.0,67.0,20.2,8.5,22.2,23.2,22.0,17.19,60.38,17.29,21.39,80.83,21.27,76.0,84.8,3876.0,53538.0,9122.0,104884.0,8050.0,1924.0,10080.0,1764.0,51,1870.0
2026-04-19,80.7,0.0,1797.3,72.5,38.8,0.6,1.8,0.0,0.0,24.3,648.2,195.1,2.3,93.5,95.2,31.2,90.2,4.8,34.4,0.0,0.0,0.0,0.0,0.0,0.0,0.0,0.0,0.0,0.0,80.75,25.5,21.4,9.5,60.35,67.0,3.2,1870.0,42.0,55.8,5.0,3.55,3.8,9.9,9.85,33.25,63.0,76.0,67.0,64.0,16.0,12.3,22.4,21.6,22.4,17.28,60.35,17.14,21.26,80.65,21.23,75.93,84.76,3535.0,53900.0,9013.0,105110.0,9520.0,1996.0,10990.0,1785.0,51,1870.0
2026-04-20,80.8,0.0,1461.4,23.8,4.5,1.0,7.0,0.0,0.0,2.4,0.0,94.2,0.0,87.1,207.5,0.0,0.0,0.0,0.0,0.0,0.0,0.0,228.0,60.0,0.0,0.0,0.0,0.0,0.0,80.75,25.5,21.1,9.5,60.55,66.0,3.2,1870.0,41.0,56.0,5.0,3.6,3.8,9.85,9.7,33.6,63.0,57.0,76.0,62.0,14.6,12.3,22.7,22.3,21.8,17.04,60.29,17.17,21.3,80.61,21.2,75.86,84.71,3166.0,53326.0,9241.0,105166.0,9100.0,1975.0,10710.0,1777.0,51,1870.0
2026-04-21,80.1,0.0,1562.3,22.0,7.5,0.0,0.0,0.0,0.0,1.7,0.0,170.6,0.7,100.4,163.0,0.0,0.0,0.0,0.0,0.0,0.0,0.0,240.0,45.0,0.0,0.0,0.0,0.0,0.0,80.1,25.3,22.2,10.0,59.2,70.0,3.1,1863.0,45.0,54.4,2.0,3.35,3.8,9.65,9.55,32.85,62.0,79.0,78.0,63.0,19.5,11.6,23.8,23.4,22.8,17.78,60.06,17.31,21.5,80.51,21.17,75.79,84.67,3056.0,53143.0,9481.0,104794.0,9310.0,1980.0,11410.0,1779.0,51,1863.0
2026-04-22,0.0,0.0,1645.5,26.7,8.7,0.0,0.0,0.0,0.0,0.0,0.0,175.5,0.6,95.0,166.39999999999998,0.0,0.0,0.0,0.0,0.0,50.0,0.0,250.0,65.0,0.0,0.0,0.0,0.0,0.0,80.1,25.3,21.4,9.5,59.85,67.0,3.1,1863.0,42.0,55.0,5.0,3.35,3.85,9.75,9.75,33.15,54.0,75.0,71.0,65.0,20.2,11.4,23.2,22.0,21.8,17.14,60.12,17.25,21.43,80.51,21.13,75.71,84.63,3306.0,53431.0,9231.0,105121.0,8330.0,1948.0,10850.0,1779.0,51,1863.0
2026-04-23,80.5,0.0,2209.3,36.6,13.8,0.0,0.0,0.0,68.8,73.8,453.8,102.2,3.6,54.400000000000006,166.5,0.0,0.0,0.0,0.0,0.0,0.0,0.0,431.0,70.0,0.0,0.0,0.0,0.0,0.0,80.5,25.4,21.3,9.5,60.25,67.0,3.2,1868.0,42.0,55.2,5.0,3.4,3.75,9.75,9.8,33.55,58.0,69.0,72.0,65.0,19.0,13.4,23.5,21.5,21.6,17.15,60.09,17.27,21.46,80.48,21.1,75.64,84.58,3737.0,54333.0,9662.0,105857.0,7280.0,1929.0,10920.0,1785.0,51,1868.0
2026-04-24,80.6,0.0,1567.8,25.1,17.8,0.0,0.0,0.0,600.0,1.9,222.0,160.0,1.9,123.5,170.1,0.0,0.0,0.0,0.0,0.0,0.0,0.0,0.0,0.0,0.0,0.0,0.0,0.0,0.0,80.6,25.4,22.2,10.0,59.6,68.0,3.1,1869.0,45.0,55.0,2.0,3.45,3.8,9.85,9.4,33.1,63.0,71.0,75.0,62.0,17.8,11.9,23.3,25.1,22.4,17.89,60.02,17.35,21.56,80.5,21.07,75.57,84.54,3737.0,54523.0,9512.0,105942.0,6370.0,1905.0,10220.0,1778.0,51,1869.0
2026-04-25,79.8,0.0,1949.9,48.4,11.1,0.0,0.0,0.0,82.5,89.5,598.0,168.8,3.1,36.7,140.1,0.0,3.8,0.3,0.3,0.0,400.0,0.0,300.0,60.0,0.0,0.0,0.0,0.0,0.0,79.8,25.2,20.5,9.0,60.3,69.0,3.2,1860.0,40.0,55.6,5.0,3.5,3.75,10.0,9.75,33.3,69.0,70.0,73.0,65.0,16.4,12.4,21.9,22.3,20.8,16.36,60.01,17.23,21.44,80.37,21.03,75.5,84.5,4037.0,55068.0,9212.0,105775.0,6230.0,1909.0,10500.0,1784.0,51,1860.0
2026-04-26,80.3,0.0,1714.9,45.3,9.4,0.0,0.0,0.0,82.5,88.5,544.5,115.6,3.6,30.1,196.5,0.0,0.0,0.0,0.0,0.0,200.0,0.0,140.0,40.0,0.0,0.0,0.0,0.0,0.0,80.3,25.3,20.7,9.5,60.55,69.0,3.2,1865.0,40.0,55.1,5.0,3.5,3.65,9.65,9.85,33.9,66.0,68.0,73.0,66.0,16.0,15.0,24.3,21.7,20.3,16.62,60.04,17.14,21.34,80.31,21.0,75.43,84.46,4177.0,54992.0,9352.0,105715.0,5530.0,1878.0,10220.0,1776.0,51,1865.0
2026-04-27,80.2,0.0,1425.7,31.7,9.3,0.5,3.5,0.0,82.5,89.2,544.5,132.7,0.0,83.6,143.7,0.0,0.0,0.0,0.0,0.0,0.0,0.0,0.0,0.0,0.0,0.0,0.0,0.0,0.0,80.2,25.3,19.8,9.0,61.15,67.0,3.2,1864.0,37.0,56.4,5.0,3.55,3.8,9.55,9.8,34.45,62.0,66.0,71.0,66.0,14.2,11.7,24.4,20.7,19.5,15.88,60.13,16.97,21.16,80.23,20.97,75.36,84.41,4177.0,54900.0,8845.0,105146.0,5740.0,1882.0,10640.0,1782.0,51,1864.0
2026-04-28,79.7,0.0,1599.7,17.8,5.0,0.0,0.0,0.0,0.0,1.8,0.0,194.0,4.7,132.4,167.7,0.0,0.0,0.0,0.0,0.0,0.0,0.0,375.0,80.0,0.0,0.0,0.0,0.0,0.0,79.7,25.1,19.8,9.0,60.75,68.0,3.2,1859.0,37.0,56.0,5.0,3.45,3.95,9.75,9.75,33.85,62.0,65.0,70.0,68.0,16.9,8.3,23.3,21.9,19.5,15.78,60.35,16.69,20.81,80.17,20.93,75.29,84.37,4552.0,55080.0,9220.0,105217.0,5670.0,1873.0,10710.0,1778.0,51,1859.0
2026-04-29,79.8,0.0,1693.1,16.8,5.9,0.1,0.0,0.0,0.0,3.8,214.0,237.6,9.899999999999999,168.4,153.39999999999998,0.0,15.3,1.2,1.3,0.0,500.0,0.0,400.0,110.0,0.0,0.0,0.0,0.0,0.0,79.75,25.2,19.7,9.0,60.85,68.0,3.2,1859.0,37.0,56.3,5.0,3.55,3.9,9.8,9.8,33.8,64.0,63.0,72.0,68.0,14.5,9.7,22.9,20.8,20.0,15.71,60.49,16.48,20.57,80.12,20.9,75.21,84.33,4952.0,54966.0,9470.0,105359.0,4620.0,1821.0,10990.0,1781.0,51,1859.0
2026-04-30,79.9,0.0,1877.9,38.3,11.4,0.5,3.5,0.0,0.0,114.0,0.0,175.10000000000002,4.7,78.80000000000001,203.5,0.0,0.0,0.0,0.0,0.0,0.0,0.0,859.0,182.0,0.0,0.0,0.0,0.0,0.0,79.9,25.2,22.4,10.0,58.9,69.0,3.1,1861.0,46.0,54.5,2.0,3.4,3.55,9.75,9.4,32.8,68.0,62.0,75.0,66.0,18.7,16.9,22.9,24.5,22.6,17.9,60.3,16.59,20.73,80.04,20.87,75.14,84.28,5811.0,54286.0,10023.0,105450.0,4620.0,1770.0,11340.0,1779.0,51,1861.0
2026-05-01,79.9,0.0,1517.4,47.5,16.6,1.0,7.0,0.0,200.0,0.0,74.0,132.0,0.3,36.599999999999994,135.5,0.0,0.0,0.0,0.0,0.0,0.0,0.0,191.0,60.0,0.0,0.0,0.0,0.0,0.0,79.9,25.2,20.2,9.0,60.6,68.0,3.2,1861.0,38.0,55.8,5.0,3.5,3.7,9.9,9.85,33.65,65.0,60.0,72.0,68.0,16.1,14.3,22.2,21.0,20.3,16.14,60.44,16.34,20.44,79.94,20.83,75.07,84.24,6002.0,53569.0,10214.0,105419.0,3920.0,1716.0,13090.0,1805.0,51,1861.0
2026-05-02,80.1,0.0,1723.3000000000002,29.8,6.199999999999999,0.5,3.5,0.0,0.0,0.7,0.0,181.9,0.5,101.6,165.3,0.0,0.0,0.0,0.0,0.0,0.0,0.0,387.0,110.0,0.0,0.0,0.0,0.0,0.0,80.1,25.3,23.0,10.0,58.6,66.0,3.1,1863.0,48.0,55.4,2.0,3.35,3.75,9.9,9.2,32.4,61.0,59.0,75.0,61.0,19.1,12.1,21.6,26.1,24.1,18.42,60.2,16.64,20.8,79.98,20.8,75.0,84.2,6389.0,53317.0,10601.0,105739.0,2940.0,1662.0,12880.0,1800.0,51,1863.0
2026-05-03,80.1,0.0,1504.9,38.7,7.9,0.0,0.0,0.0,0.0,600.2,0.0,139.4,3.3,85.1,153.1,0.0,0.0,0.0,0.0,0.0,400.0,0.0,453.0,60.0,0.0,0.0,0.0,0.0,0.0,80.1,25.3,21.0,9.5,60.1,65.0,3.2,1863.0,41.0,55.8,5.0,3.45,3.65,9.9,9.85,33.25,60.0,59.0,71.0,63.0,17.1,15.3,21.6,20.8,21.9,16.82,60.14,16.66,20.84,79.95,20.77,74.93,84.16,6842.0,52336.0,10904.0,105685.0,,,12950.0,1796.0,51,1863.0
2026-05-04,0.0,0.0,1413.5,32.1,4.0,0.1,0.0,0.0,0.0,2.7,214.0,138.6,4.8,97.8,136.1,0.0,15.3,1.2,1.3,0.0,0.0,0.0,0.0,0.0,0.0,0.0,0.0,0.0,0.0,80.0,25.2,21.7,9.5,59.5,66.0,3.1,1862.0,43.0,55.5,5.0,3.45,3.75,9.95,9.7,32.65,66.0,60.0,73.0,61.0,17.3,12.6,21.2,21.8,23.1,17.36,59.9,16.88,21.11,79.92,20.73,74.86,84.11,6842.0,51496.0,10335.0,105179.0,,,12810.0,1794.0,51,1862.0
2026-05-05,79.4,0.0,2007.0,38.9,13.7,0.0,0.0,0.0,0.0,143.0,304.5,208.2,8.3,130.6,204.7,10.5,43.5,3.0,4.5,0.0,0.0,0.0,667.0,151.0,0.0,0.0,0.0,0.0,0.0,79.35,25.0,19.9,9.0,60.35,67.0,3.2,1855.0,38.0,55.9,5.0,3.5,3.75,9.8,9.8,33.5,69.0,60.0,73.0,62.0,15.7,11.6,22.5,20.5,20.3,15.79,59.84,16.88,21.13,79.87,20.7,74.79,84.07,7509.0,51443.0,10552.0,105476.0,,,13090.0,1800.0,51,1855.0
2026-05-06,79.6,0.0,1736.4,33.5,11.0,0.5,3.5,0.0,0.0,2.0,0.0,176.4,5.3,105.4,188.5,0.0,0.0,0.0,0.0,0.0,500.0,0.0,597.0,110.0,0.0,0.0,0.0,0.0,0.0,79.55,25.1,21.1,9.5,59.65,66.0,3.1,1857.0,41.0,55.1,5.0,3.45,3.6,9.7,9.7,33.2,68.0,60.0,73.0,62.0,16.3,14.9,23.1,21.5,21.4,16.79,59.67,17.03,21.33,79.84,20.67,74.71,84.03,8106.0,50990.0,10849.0,105007.0,,,13300.0,1791.0,51,1857.0
2026-05-07,79.8,0.0,1351.5,29.8,6.7,2.9,5.5,0.1,558.0,215.0,295.5,88.7,1.1,62.1,178.8,47.7,106.5,8.9,15.6,0.0,0.0,0.0,0.0,0.0,0.0,0.0,0.0,0.0,0.0,79.8,25.2,20.9,9.5,59.95,67.0,3.1,1860.0,41.0,56.2,5.0,3.6,3.7,9.95,9.8,32.9,68.0,65.0,73.0,61.0,14.0,13.3,21.2,20.6,22.4,16.68,59.82,16.86,21.11,79.83,20.63,74.64,83.98,8106.0,50302.0,10451.0,104745.0,,,13650.0,1799.0,51,1860.0
2026-05-08,79.7,0.0,1501.4,18.4,6.9,0.0,0.0,0.0,0.0,0.0,0.0,153.0,0.0,104.3,170.2,0.0,0.0,0.0,0.0,0.0,0.0,0.0,311.0,60.0,0.0,0.0,0.0,0.0,0.0,79.65,25.1,19.8,9.0,60.7,67.0,3.2,1858.0,37.0,56.1,5.0,3.55,3.75,9.85,9.9,33.65,70.0,65.0,71.0,62.0,14.8,12.7,22.4,20.0,20.2,15.77,59.84,16.8,21.06,79.79,20.6,74.57,83.94,8417.0,50624.0,10762.0,104390.0,,,13300.0,1782.0,51,1858.0
2026-05-09,79.2,0.0,1636.4,29.9,4.7,0.0,0.0,0.0,0.0,0.7,0.0,161.3,0.4,92.7,171.6,0.0,0.0,0.0,0.0,0.0,0.0,0.0,516.0,80.0,0.0,0.0,0.0,0.0,0.0,79.2,25.0,20.4,9.0,59.9,67.0,3.1,1853.0,39.0,55.9,5.0,3.4,3.75,9.9,9.6,33.25,68.0,64.0,71.0,65.0,17.2,12.0,20.9,22.3,20.9,16.16,60.02,16.48,20.69,79.66,20.57,74.5,83.9,8933.0,49898.0,11278.0,104421.0,,,14140.0,1788.0,51,1853.0
2026-05-10,0.0,0.0,1492.7,33.4,6.300000000000001,0.1,0.0,0.0,0.0,2.0,214.0,148.5,5.2,74.6,149.0,0.0,15.3,1.2,1.3,0.0,0.0,0.0,511.0,80.0,0.0,0.0,0.0,0.0,0.0,80.1,25.3,21.3,9.5,59.95,70.0,3.1,1863.0,42.0,55.9,5.0,3.45,4.0,9.95,9.75,32.8,72.0,74.0,71.0,65.0,17.5,7.4,20.9,20.5,23.4,17.06,60.0,16.52,20.73,79.66,20.53,74.43,83.86,9444.0,50137.0,11639.0,104287.0,,,14070.0,1779.0,51,1863.0
2026-05-11,79.7,0.0,1712.2,29.0,9.4,0.0,0.0,0.0,0.0,1.7,0.0,207.2,4.8,106.8,155.3,0.0,0.0,0.0,0.0,0.0,0.0,0.0,421.0,97.0,0.0,0.0,0.0,0.0,0.0,79.65,25.1,20.4,9.0,60.3,68.0,3.2,1858.0,39.0,56.7,5.0,3.55,3.85,10.05,9.75,33.1,83.0,63.0,67.0,64.0,14.9,9.6,20.4,20.8,21.9,16.25,60.11,16.36,20.54,79.61,20.5,74.36,83.81,9865.0,50399.0,11926.0,104510.0,,,14630.0,1787.0,51,1858.0
2026-05-12,79.9,0.0,1718.6,25.6,8.8,0.0,0.0,0.0,0.0,0.7,0.0,177.10000000000002,0.5,104.7,166.9,0.0,0.0,0.0,0.0,0.0,0.0,0.0,311.0,60.0,0.0,0.0,0.0,0.0,0.0,79.85,25.2,21.3,9.5,59.75,69.0,3.1,1860.0,42.0,55.9,5.0,3.45,4.0,9.8,9.6,32.9,80.0,72.0,71.0,61.0,17.3,6.7,22.7,22.1,22.5,17.01,60.03,16.53,20.74,79.69,20.47,74.29,83.77,9637.0,50202.0,12237.0,104004.0,16170.0,1891.0,13650.0,1757.0,51,1860.0
2026-05-13,79.6,0.0,1438.2,17.4,2.7,0.0,0.0,0.0,0.0,0.4,0.0,170.1,4.4,85.5,150.9,0.0,0.0,0.0,0.0,0.0,400.0,0.0,422.0,80.0,0.0,0.0,0.0,0.0,0.0,79.55,25.1,21.2,9.5,59.6,71.0,3.1,1857.0,42.0,56.0,5.0,3.55,3.8,9.8,9.65,32.8,82.0,75.0,75.0,62.0,14.0,10.6,21.7,21.4,22.7,16.86,60.02,16.54,20.76,79.69,20.43,74.21,83.73,9909.0,50108.0,12659.0,102938.0,12670.0,1762.0,13510.0,1730.0,51,1857.0
2026-05-14,79.4,0.0,1510.4,30.5,10.1,0.0,0.0,0.0,200.0,0.0,74.0,160.5,0.4,45.8,140.5,0.0,0.0,0.0,0.0,0.0,0.0,0.0,500.0,80.0,0.0,0.0,0.0,0.0,0.0,79.35,25.0,20.3,9.0,60.1,71.0,3.2,1855.0,39.0,55.9,5.0,3.45,3.9,9.85,9.7,33.2,79.0,71.0,74.0,64.0,16.9,9.1,21.6,21.2,21.1,16.11,60.04,16.46,20.67,79.62,20.4,74.14,83.68,10109.0,50112.0,13159.0,102200.0,11550.0,1718.0,13020.0,1701.0,51,1855.0
2026-05-15,79.6,0.0,1306.6,24.1,5.5,1.0,7.0,0.0,0.0,324.7,0.0,93.10000000000001,0.1,83.9,171.9,0.0,0.0,0.0,0.0,0.0,0.0,0.0,0.0,0.0,0.0,0.0,0.0,0.0,0.0,79.6,25.1,20.5,9.0,60.15,69.0,3.2,1858.0,39.0,56.0,5.0,3.5,3.6,10.05,9.9,33.1,81.0,68.0,72.0,64.0,16.2,15.1,20.5,19.7,21.6,16.32,59.96,16.54,20.77,79.61,20.37,74.07,83.64,9469.0,49408.0,13159.0,101998.0,9660.0,1653.0,14840.0,1728.0,51,1858.0
2026-05-16,79.5,0.0,1808.4,56.5,15.1,1.0,7.0,3.9,0.0,600.7,0.0,151.0,0.7,85.8,173.5,0.0,0.0,0.0,0.0,0.0,400.0,0.0,522.0,90.0,0.0,0.0,0.0,0.0,0.0,79.45,25.1,21.4,9.5,59.35,69.0,3.1,1856.0,43.0,55.2,5.0,3.5,3.55,9.85,9.7,32.75,78.0,69.0,73.0,62.0,16.1,16.0,22.1,21.4,22.3,17.0,59.89,16.66,20.91,79.65,20.33,74.0,83.6,9841.0,49728.0,13531.0,102396.0,8960.0,1628.0,15260.0,1735.0,51,1856.0
2026-05-17,79.9,0.0,1713.9,52.1,7.0,0.1,0.0,0.0,0.0,2.0,214.0,165.3,5.2,74.1,138.0,0.0,15.3,1.2,1.3,0.0,0.0,0.0,340.0,100.0,0.0,0.0,0.0,0.0,0.0,79.85,25.2,19.3,9.0,61.25,69.0,3.2,1860.0,36.0,57.1,5.0,3.55,3.85,10.05,9.95,33.85,77.0,67.0,72.0,64.0,15.5,10.8,20.8,19.4,20.1,15.41,60.07,16.42,20.63,79.61,20.3,73.93,83.56,10181.0,50108.0,13763.0,102553.0,8680.0,1620.0,16590.0,1756.0,51,1860.0
2026-05-18,79.8,0.0,1814.4,23.1,8.8,0.1,0.0,0.0,0.0,2.7,214.0,256.7,5.3,121.6,132.4,0.0,15.3,1.2,1.3,0.0,0.0,0.0,0.0,0.0,0.0,0.0,0.0,0.0,0.0,79.8,25.2,20.0,9.0,60.65,69.0,3.2,1860.0,38.0,56.6,5.0,3.55,3.8,9.9,9.9,33.5,77.0,67.0,72.0,65.0,15.2,11.2,21.7,20.2,20.9,15.96,60.12,16.38,20.57,79.64,20.27,73.86,83.51,9372.0,49412.0,13248.0,102950.0,8330.0,1612.0,16380.0,1768.0,51,1860.0
2026-05-19,0.0,0.0,2589.2,58.3,13.4,0.0,0.0,0.0,0.0,190.7,0.0,425.5,25.799999999999997,114.4,100.1,0.0,0.0,15.0,0.0,0.0,0.0,0.0,100.0,15.0,0.0,0.0,0.0,0.0,0.0,,0.0,,0.0,,0.0,0.0,,0.0,0.0,0.0,,,,,,0.0,0.0,0.0,0.0,,,,,,,60.18,16.28,20.45,79.6,20.23,73.79,83.47,9472.0,50204.0,13007.0,104104.0,7350.0,1603.0,16870.0,1799.0,51,
2026-05-20,79.9,0.0,1578.0,23.6,6.8,0.0,0.0,0.0,0.0,216.0,0.0,183.20000000000002,1.1,106.60000000000001,149.79999999999998,0.0,0.0,0.0,0.0,0.0,300.0,0.0,346.0,70.0,0.0,0.0,0.0,0.0,0.0,79.85,25.2,21.3,9.5,59.7,70.0,3.1,1860.0,42.0,55.6,5.0,2.9,4.05,7.9,8.55,36.3,77.0,62.0,79.0,62.0,30.3,6.3,42.7,34.0,10.7,17.01,60.2,16.3,20.47,79.65,20.2,73.71,83.43,9590.0,50320.0,12756.0,103647.0,6720.0,1582.0,15820.0,1779.0,51,1860.0
2026-05-21,79.4,0.0,1414.9,33.1,9.1,1.0,7.0,0.0,68.8,74.5,453.8,132.7,0.0,83.6,138.7,0.0,0.0,0.0,0.0,0.0,0.0,0.0,0.0,0.0,0.0,0.0,0.0,0.0,0.0,79.4,25.1,19.8,9.0,60.5,68.0,3.2,1855.0,37.0,56.4,5.0,3.55,3.8,9.8,9.8,33.55,71.0,64.0,73.0,65.0,14.3,11.2,21.8,20.4,20.4,15.72,60.27,16.24,20.38,79.66,20.17,73.64,83.38,9350.0,50173.0,12406.0,103316.0,5950.0,1559.0,15260.0,1770.0,51,1855.0
2026-05-22,0.0,0.0,1573.5,30.9,6.6,1.2,7.0,0.0,0.0,221.2,352.7,171.7,9.3,82.4,140.7,0.0,23.0,2.2,2.7,0.0,0.0,0.0,0.0,0.0,0.0,0.0,0.0,0.0,0.0,79.35,25.0,19.9,9.0,60.35,68.0,3.2,1855.0,38.0,56.3,5.0,3.45,3.9,9.85,9.75,33.4,71.0,62.0,72.0,64.0,17.3,8.4,22.3,21.3,20.3,15.79,60.3,16.15,20.28,79.62,20.17,73.64,83.38,9100.0,50101.0,12406.0,103532.0,6230.0,1574.0,14560.0,1761.0,51,1855.0
2026-05-23,79.4,0.0,2210.0,56.2,17.1,1.6,8.7,0.0,94.9,308.1,547.3,238.4,6.4,77.6,180.8,0.0,0.0,0.0,0.0,0.0,200.0,0.0,280.0,40.0,0.0,0.0,0.0,0.0,0.0,79.35,25.0,20.4,9.0,60.05,68.0,3.2,1855.0,39.0,55.4,5.0,3.25,3.85,8.85,9.15,34.95,68.0,67.0,70.0,68.0,20.0,8.7,28.9,25.2,17.7,16.19,60.42,16.01,20.12,79.6,20.17,73.64,83.38,8949.0,50102.0,12686.0,104435.0,6160.0,1577.0,13440.0,1753.0,51,1855.0
2026-05-24,79.7,0.0,1530.1,41.900000000000006,7.6000000000000005,1.0,7.0,0.0,0.0,0.0,0.0,153.2,2.2,23.0,128.8,0.0,0.0,0.0,0.0,0.0,0.0,0.0,0.0,0.0,0.0,0.0,0.0,0.0,0.0,79.7,25.1,20.5,9.0,60.2,68.0,3.2,1859.0,40.0,57.2,5.0,3.7,3.95,9.9,9.55,33.1,67.0,65.0,73.0,65.0,11.2,7.7,20.5,22.7,22.1,16.34,60.24,16.17,20.32,79.58,20.17,73.64,83.38,8949.0,50064.0,12686.0,104587.0,6440.0,1585.0,12810.0,1745.0,51,1859.0
2026-05-25,80.2,0.0,1612.1,47.6,6.8,0.0,0.0,0.0,0.0,0.0,0.0,156.7,5.1000000000000005,47.5,134.3,0.0,0.0,0.0,0.0,0.0,0.0,0.0,501.0,80.0,0.0,0.0,0.0,0.0,0.0,80.15,25.3,16.6,8.0,63.55,65.0,3.3,1864.0,36.0,57.3,5.0,3.3,4.0,8.1,9.95,38.2,64.0,63.0,54.0,75.0,21.3,7.7,40.3,18.2,8.8,13.3,60.72,15.72,19.75,79.63,20.17,73.64,83.38,9150.0,49726.0,13187.0,104795.0,5180.0,1525.0,11410.0,1717.0,51,1864.0
2026-05-26,0.0,0.0,1786.6,30.0,9.2,0.0,0.0,0.0,0.0,0.7,0.0,204.3,0.9,136.2,164.9,0.0,0.0,0.0,0.0,0.0,0.0,0.0,583.0,90.0,0.0,0.0,0.0,0.0,0.0,80.2,25.3,23.0,10.0,58.7,68.0,3.1,1864.0,48.0,57.1,2.0,3.7,4.1,9.8,9.05,32.05,73.0,72.0,68.0,62.0,11.0,5.2,21.4,27.2,25.2,18.45,60.44,16.11,20.21,79.71,20.17,73.64,83.38,9593.0,49798.0,13770.0,104790.0,4200.0,1480.0,9730.0,1679.0,51,1864.0
2026-05-27,80.0,0.0,1951.3,54.099999999999994,12.9,1.0,7.0,0.0,68.8,74.5,453.8,168.60000000000002,1.9,90.6,185.2,0.0,0.0,0.0,0.0,0.0,400.0,0.0,499.0,80.0,0.0,0.0,0.0,0.0,0.0,79.95,25.2,20.6,9.0,60.3,68.0,3.2,1861.0,40.0,56.5,5.0,3.6,3.9,10.0,9.6,33.2,69.0,73.0,64.0,67.0,13.5,9.5,20.9,21.9,22.0,16.47,60.52,16.04,20.11,79.73,20.17,73.64,83.38,10092.0,50324.0,14269.0,105223.0,3500.0,1458.0,9240.0,1670.0,51,1861.0
2026-05-28,79.4,0.0,1512.8,22.9,5.6,0.5,3.5,0.0,0.0,1.4,0.0,168.10000000000002,3.1,123.80000000000001,157.1,0.0,0.0,0.0,0.0,0.0,0.0,0.0,311.0,60.0,0.0,0.0,0.0,0.0,0.0,79.35,25.0,20.9,9.5,59.65,68.0,3.1,1855.0,41.0,57.0,5.0,3.55,4.05,9.9,9.25,32.9,72.0,79.0,65.0,64.0,14.7,4.4,21.2,24.3,22.1,16.58,60.4,16.16,20.27,79.72,20.17,73.64,83.38,10028.0,50237.0,14580.0,105316.0,3150.0,1445.0,8820.0,1659.0,51,1855.0
2026-05-29,79.6,0.0,1640.2,25.4,15.1,0.0,0.0,0.0,400.0,321.5,148.0,176.8,3.5,126.4,175.39999999999998,0.0,0.0,0.0,0.0,0.0,0.0,0.0,0.0,0.0,0.0,0.0,0.0,0.0,0.0,79.55,25.1,21.0,9.5,59.75,68.0,3.1,1857.0,41.0,55.5,5.0,3.4,3.6,10.0,9.75,33.0,72.0,76.0,65.0,65.0,17.8,15.1,21.2,21.2,21.8,16.71,60.31,16.29,20.43,79.75,20.17,73.64,83.38,9628.0,50184.0,14580.0,105150.0,2590.0,1438.0,7210.0,1630.0,51,1857.0
2026-05-30,79.4,0.0,1949.3000000000002,77.3,16.700000000000003,0.5,3.5,6.2,43.8,491.6,231.0,136.0,1.0,54.7,174.1,0.0,0.0,0.0,0.0,0.0,200.0,0.0,585.0,130.0,0.0,0.0,0.0,0.0,0.0,79.4,25.1,20.9,9.5,59.7,68.0,3.1,1855.0,41.0,55.5,5.0,3.4,3.65,9.8,9.6,33.25,73.0,72.0,66.0,64.0,17.9,14.5,22.0,21.8,21.2,16.59,60.26,16.35,20.5,79.76,20.17,73.64,83.38,9354.0,50255.0,15165.0,104541.0,1960.0,1429.0,6580.0,1599.0,51,1855.0
2026-05-31,79.7,0.0,1806.6,51.5,28.1,1.0,7.0,0.0,800.0,7.3,1134.2,174.70000000000002,2.5,70.6,158.3,0.2,39.6,2.2,15.4,0.0,0.0,0.0,501.0,60.0,0.0,0.0,0.0,0.0,0.0,79.7,25.1,19.6,9.0,60.85,67.0,3.2,1859.0,37.0,57.5,5.0,3.65,3.85,9.85,9.75,33.75,72.0,71.0,64.0,65.0,11.7,9.7,21.4,20.4,20.7,15.62,60.36,16.25,20.37,79.76,20.17,73.64,83.38,9664.0,50544.0,15666.0,104114.0,1260.0,1405.0,5180.0,1560.0,51,1859.0
2026-06-01,80.2,0.0,2013.5,52.3,12.399999999999999,4.0,10.0,0.0,0.0,486.0,0.0,225.70000000000002,0.6,71.7,149.1,0.0,0.0,0.0,0.0,0.0,0.0,0.0,0.0,0.0,0.0,0.0,0.0,0.0,0.0,80.15,25.3,20.2,9.0,60.75,69.0,3.2,1864.0,39.0,57.9,5.0,3.5,4.1,10.3,9.7,33.15,82.0,67.0,72.0,58.0,17.1,4.8,18.9,20.7,22.4,16.19,59.96,16.66,20.89,79.76,20.17,73.64,83.38,9277.0,50835.0,15666.0,104151.0,1540.0,1437.0,4480.0,1549.0,51,1864.0
2026-06-02,0.0,0.0,2206.9,25.0,10.2,0.6,1.0,0.0,11.7,1289.6,392.7,179.2,5.6,79.3,81.1,0.9,15.3,3.3,5.4,0.0,400.0,0.0,410.0,60.0,0.0,0.0,0.0,0.0,0.0,,0.0,,0.0,,0.0,0.0,,0.0,0.0,0.0,,,,,,0.0,0.0,0.0,0.0,,,,,,,60.17,16.36,20.53,79.68,20.17,73.64,83.38,9234.0,51537.0,16076.0,103872.0,1890.0,1473.0,,,51,
2026-06-03,0.0,0.0,2161.8,3.8,0.5,0.0,0.0,0.0,0.0,0.7,0.0,121.1,0.0,82.4,54.9,0.0,0.0,0.0,0.0,0.0,0.0,0.0,0.0,0.0,0.0,0.0,0.0,0.0,0.0,,0.0,,0.0,,0.0,0.0,,0.0,0.0,0.0,,,,,,0.0,0.0,0.0,0.0,,,,,,,60.14,16.34,20.52,79.63,20.17,73.64,83.38,9234.0,52285.0,16076.0,103781.0,2030.0,1503.0,,,51,
2026-06-04,79.8,0.0,1559.0,33.3,22.0,0.0,0.0,0.0,600.0,431.0,222.0,154.4,0.6,105.0,153.4,0.0,0.0,0.0,0.0,0.0,0.0,0.0,0.0,0.0,0.0,0.0,0.0,0.0,0.0,79.8,25.2,20.6,9.0,60.2,68.0,3.2,1860.0,40.0,57.2,5.0,3.5,3.8,9.85,9.7,33.35,75.0,66.0,69.0,62.0,15.8,10.7,21.1,20.7,22.0,16.44,60.25,16.31,20.46,79.72,20.17,73.64,83.38,8567.0,51837.0,16076.0,103280.0,1050.0,1477.0,,,51,1860.0
2026-06-05,79.3,0.0,1896.0,43.0,12.9,0.0,0.0,0.0,68.8,505.8,453.8,169.8,0.6,80.2,193.4,0.0,0.0,0.0,0.0,0.0,0.0,0.0,503.0,127.0,0.0,0.0,0.0,0.0,0.0,79.25,25.0,21.8,9.5,58.9,70.0,3.1,1854.0,44.0,56.3,5.0,3.5,3.75,9.7,9.15,32.8,58.0,90.0,94.0,40.0,15.0,11.0,21.9,25.1,22.6,17.28,60.08,16.42,20.62,79.66,20.17,73.64,83.38,8473.0,51996.0,16579.0,102987.0,1260.0,1493.0,,,51,1854.0
2026-06-06,0.0,0.0,1898.7,31.2,8.9,0.0,0.0,0.0,0.0,0.7,0.0,216.9,0.8,119.0,174.5,0.0,0.0,0.0,0.0,0.0,0.0,0.0,0.0,0.0,0.0,0.0,0.0,0.0,0.0,79.7,25.2,20.2,9.0,60.5,68.0,3.2,1859.0,38.0,56.4,5.0,3.45,3.75,10.05,10.0,33.25,70.0,71.0,76.0,58.0,17.3,12.4,20.4,19.0,21.5,16.1,60.24,16.33,20.48,79.72,20.17,73.64,83.38,8473.0,52544.0,16579.0,102846.0,770.0,1495.0,,,51,1859.0
2026-06-07,0.0,0.0,2025.0,37.199999999999996,15.5,0.1,0.0,0.0,400.0,242.7,362.0,232.6,5.1,87.39999999999999,168.6,0.0,15.3,1.2,1.3,0.0,0.0,0.0,0.0,0.0,0.0,0.0,0.0,0.0,0.0,79.8,25.2,19.2,9.0,61.25,68.0,3.2,1860.0,36.0,56.9,5.0,3.65,3.75,9.8,9.9,34.15,65.0,73.0,73.0,63.0,12.3,12.0,21.9,19.5,19.8,15.32,60.32,16.27,20.4,79.74,20.17,73.64,83.38,8162.0,53067.0,16579.0,103691.0,350.0,1508.0,,,51,1860.0
2026-06-08,0.0,0.0,1828.4,34.099999999999994,16.3,0.6,3.5,0.0,200.0,2.7,288.0,197.6,5.7,136.89999999999998,174.1,0.0,15.3,1.2,1.3,0.0,50.0,0.0,450.0,90.0,0.0,0.0,0.0,0.0,0.0,79.95,25.2,20.5,9.0,60.4,69.0,3.2,1861.0,39.0,56.1,5.0,3.45,3.9,9.85,9.7,33.5,68.0,68.0,75.0,63.0,17.1,9.1,22.6,21.5,21.0,16.39,60.25,16.31,20.46,79.7,20.17,73.64,83.38,8096.0,53259.0,17029.0,103158.0,-280.0,1496.0,,,51,1861.0
2026-06-09,79.6,0.0,1627.4,24.6,10.6,0.0,0.0,0.0,0.0,0.7,0.0,163.89999999999998,0.9,117.1,177.0,0.0,0.0,0.0,0.0,0.0,0.0,0.0,82.0,30.0,0.0,0.0,0.0,0.0,0.0,79.55,25.1,19.6,9.0,60.8,69.0,3.2,1857.0,37.0,55.9,5.0,3.5,3.6,9.75,10.0,33.95,70.0,69.0,73.0,65.0,14.7,15.2,22.2,19.1,19.9,15.59,60.34,16.19,20.32,79.68,20.17,73.64,83.38,7667.0,53394.0,17111.0,103531.0,-140.0,1520.0,,,51,1857.0
2026-06-10,78.9,0.0,1751.4,29.5,11.1,0.0,0.0,0.0,0.0,864.0,0.0,124.8,1.1,98.8,236.6,0.0,0.0,0.0,0.0,0.0,0.0,0.0,0.0,0.0,0.0,0.0,0.0,0.0,0.0,78.9,24.9,20.2,9.0,59.85,76.0,3.1,1850.0,39.0,55.8,5.0,3.55,3.8,9.95,9.65,32.9,91.0,88.0,75.0,67.0,13.5,10.5,20.8,21.3,21.4,15.94,60.27,16.15,20.3,79.56,20.17,73.64,83.38,7246.0,53433.0,17111.0,103832.0,350.0,1551.0,,,51,1850.0
2026-06-11,79.3,0.0,1519.1,24.9,11.0,1.1,3.7,0.0,0.0,1789.1,75.6,106.0,2.4,68.5,133.0,0.0,0.0,3.4,14.0,0.0,0.0,0.0,0.0,0.0,0.0,0.0,0.0,0.0,0.0,79.25,25.0,20.2,9.0,60.1,79.0,3.2,1854.0,39.0,55.9,5.0,3.5,3.85,9.4,9.4,33.95,76.0,96.0,79.0,68.0,14.2,8.7,24.5,23.2,19.8,16.01,60.26,16.09,20.24,79.49,20.17,73.64,83.38,6935.0,53234.0,16572.0,103435.0,1400.0,1590.0,17570.0,1741.0,51,1854.0
2026-06-12,79.5,0.0,2536.3,30.799999999999997,12.0,0.0,0.0,0.0,0.0,190.0,0.0,179.1,8.3,65.6,161.7,0.0,0.0,0.0,0.0,0.0,0.0,0.0,506.0,130.0,0.0,0.0,0.0,0.0,0.0,79.45,25.1,19.7,9.0,60.65,73.0,3.2,1856.0,37.0,56.2,5.0,3.45,3.7,9.6,9.9,34.0,68.0,81.0,73.0,69.0,16.4,13.7,22.7,19.2,19.8,15.65,60.51,15.86,19.94,79.51,20.17,73.64,83.38,7019.0,54332.0,16928.0,104439.0,1260.0,1619.0,13930.0,1691.0,51,1856.0
2026-06-13,79.6,0.0,1716.3000000000002,43.4,13.299999999999999,1.2,7.1,0.0,200.0,158.0,104.7,168.9,2.2,78.1,154.0,0.0,0.0,1.4,5.7,0.0,0.0,0.0,0.0,0.0,0.0,0.0,0.0,0.0,0.0,79.55,25.1,20.0,9.0,60.45,75.0,3.2,1857.0,38.0,56.3,5.0,3.5,4.1,10.1,9.75,33.0,74.0,91.0,75.0,68.0,16.2,4.9,20.3,20.6,21.7,15.91,60.5,15.83,19.91,79.49,20.17,73.64,83.38,6519.0,54538.0,16628.0,104650.0,910.0,1631.0,12460.0,1675.0,51,1857.0
2026-06-14,80.4,0.0,2117.5,58.0,11.0,0.0,0.1,0.0,75.0,176.1,0.0,205.8,0.8,127.69999999999999,162.9,0.0,0.0,0.0,0.0,0.0,0.0,0.0,0.0,0.0,0.0,0.0,0.0,0.0,0.0,80.35,25.4,20.3,9.0,60.85,73.0,3.2,1866.0,39.0,57.3,5.0,3.5,4.25,10.3,9.6,33.2,76.0,78.0,74.0,66.0,16.3,2.4,18.6,22.5,22.5,16.31,60.44,15.97,20.07,79.57,20.17,73.64,83.38,6519.0,55349.0,15988.0,104756.0,280.0,1637.0,9940.0,1645.0,51,1866.0
2026-06-15,80.3,0.0,1564.3,13.8,4.3,0.0,0.0,0.0,0.0,218.39999999999998,0.0,163.6,1.0,111.9,184.7,0.0,0.0,0.0,0.0,0.0,0.0,0.0,0.0,0.0,0.0,0.0,0.0,0.0,0.0,80.3,25.3,20.2,9.0,60.9,73.0,3.2,1865.0,38.0,56.9,5.0,3.7,3.8,9.75,9.6,34.05,75.0,77.0,77.0,65.0,11.0,12.0,22.3,22.0,20.7,16.22,60.51,15.95,20.03,79.62,20.17,73.64,83.38,5997.0,55104.0,15838.0,104833.0,210.0,1644.0,9170.0,1636.0,51,1865.0
2026-06-16,79.9,0.0,1895.9,32.2,10.8,0.0,0.0,0.0,0.0,114.7,0.0,209.1,8.9,103.3,192.4,196.1,170.0,31.3,58.7,0.0,0.0,0.0,732.0,157.0,0.0,0.0,0.0,0.0,0.0,79.85,25.2,20.0,9.0,60.7,74.0,3.2,1860.0,38.0,56.1,5.0,3.55,3.95,9.95,9.8,33.45,79.0,79.0,76.0,66.0,14.5,7.8,21.9,21.1,20.8,15.97,60.5,16.0,20.09,79.66,20.17,73.64,83.38,6389.0,55286.0,16570.0,105394.0,-350.0,1618.0,8330.0,1619.0,51,1860.0
2026-06-17,0.0,0.0,2009.7,50.6,27.5,0.1,0.0,0.0,200.0,2.4,458.7,208.7,2.4,134.5,173.1,0.0,23.6,0.6,0.0,0.0,0.0,0.0,500.0,80.0,0.0,0.0,0.0,0.0,0.0,79.9,25.2,20.6,9.0,60.3,72.0,3.2,1861.0,40.0,55.5,5.0,3.55,3.65,10.05,9.8,33.25,75.0,75.0,76.0,65.0,15.5,14.8,20.9,21.0,21.5,16.46,60.56,16.08,20.14,79.81,20.17,73.64,83.38,6889.0,55482.0,16261.0,104894.0,-1190.0,1580.0,7140.0,1596.0,51,1861.0
2026-06-18,80.2,0.0,1737.4,19.6,6.199999999999999,0.0,0.0,0.0,0.0,1.8,0.0,203.2,5.7,140.0,189.8,0.0,0.0,0.0,0.0,0.0,0.0,0.0,311.0,60.0,0.0,0.0,0.0,0.0,0.0,80.2,25.3,19.9,9.0,61.1,71.0,3.2,1864.0,37.0,55.9,5.0,3.5,3.7,9.9,10.0,34.0,73.0,69.0,73.0,67.0,16.4,13.8,22.2,19.4,20.3,15.96,60.71,16.07,20.1,79.94,20.17,73.64,83.38,7100.0,54630.0,16572.0,104834.0,-2380.0,1505.0,4970.0,1554.0,51,1864.0
2026-06-19,80.0,0.0,2273.2,28.700000000000003,2.8,0.0,0.0,0.0,0.0,2.4,0.0,97.2,0.4,89.2,209.8,0.0,0.0,0.0,0.0,0.0,0.0,0.0,82.0,30.0,0.0,0.0,0.0,0.0,0.0,80.0,25.2,20.1,9.0,60.75,71.0,3.2,1862.0,38.0,56.4,5.0,3.45,3.85,10.0,10.1,33.35,77.0,71.0,73.0,67.0,17.0,10.5,20.9,17.8,21.8,16.08,60.72,16.13,20.16,80.02,20.17,73.64,83.38,6836.0,55325.0,16426.0,105646.0,-2590.0,1530.0,4130.0,1556.0,51,1862.0
2026-06-20,80.0,0.0,2354.7,39.599999999999994,4.300000000000001,0.0,0.0,6.2,0.0,950.1,0.0,355.7,1.0,135.4,125.4,0.0,0.0,0.0,0.0,0.0,0.0,0.0,0.0,0.0,0.0,0.0,0.0,0.0,0.0,80.0,25.2,20.1,9.0,60.75,69.0,3.2,1862.0,38.0,56.5,5.0,3.5,3.75,10.1,10.0,33.4,76.0,65.0,72.0,67.0,15.9,13.1,20.2,18.9,21.5,16.08,60.76,16.15,20.17,80.09,20.17,73.64,83.38,6836.0,56265.0,16186.0,106438.0,-3010.0,1547.0,2940.0,1553.0,51,1862.0
2026-06-21,80.5,0.0,1369.2,28.2,11.0,0.0,0.0,0.0,0.0,0.4,0.0,152.8,7.9,64.6,132.9,0.0,0.0,0.0,0.0,0.0,0.0,0.0,555.0,60.0,0.0,0.0,0.0,0.0,0.0,80.5,25.4,19.3,9.0,61.75,68.0,3.2,1868.0,36.0,58.3,5.0,3.55,3.95,10.2,10.25,33.8,71.0,65.0,70.0,66.0,15.5,8.8,19.0,16.9,21.6,15.54,60.89,16.04,20.03,80.11,20.17,73.64,83.38,7391.0,56061.0,16491.0,106162.0,-3430.0,1508.0,2800.0,1541.0,51,1868.0
2026-06-22,0.0,0.0,1946.7,37.1,12.9,0.5,3.5,0.0,200.0,216.7,74.0,208.1,1.1,120.1,178.70000000000002,0.0,0.0,0.0,0.0,0.0,0.0,0.0,82.0,30.0,0.0,0.0,0.0,0.0,0.0,79.8,25.2,19.2,9.0,61.25,67.0,3.2,1860.0,36.0,57.8,5.0,3.5,3.95,10.1,10.0,33.7,70.0,63.0,67.0,67.0,16.0,8.4,19.7,18.8,20.7,15.32,60.94,15.92,19.89,80.04,20.17,73.64,83.38,7193.0,55797.0,16142.0,105899.0,-3080.0,1517.0,3080.0,1547.0,51,1860.0
2026-06-23,79.9,0.0,2303.6,42.9,16.0,0.0,0.0,0.0,0.0,103.3,0.0,247.8,5.2,144.2,223.10000000000002,0.0,0.0,0.0,0.0,0.0,0.0,0.0,405.0,90.0,0.0,0.0,0.0,0.0,0.0,79.9,25.2,19.4,9.0,61.25,65.0,3.2,1861.0,36.0,57.9,5.0,3.5,4.0,10.2,9.95,33.6,65.0,61.0,66.0,66.0,15.4,7.4,18.4,19.1,21.3,15.5,61.02,15.85,19.8,80.04,20.17,73.64,83.38,7598.0,56571.0,16547.0,106635.0,-3220.0,1525.0,3220.0,1555.0,51,1861.0
2026-06-24,80.2,0.0,1696.4,29.1,8.4,0.5,3.5,0.0,68.8,1156.2,453.8,137.0,0.7,90.2,210.39999999999998,0.0,0.0,0.0,0.0,0.0,0.0,0.0,526.0,120.0,0.0,0.0,0.0,0.0,0.0,80.2,25.3,19.9,9.0,61.05,64.0,3.2,1864.0,38.0,57.0,5.0,3.55,3.8,10.15,10.1,33.45,64.0,61.0,65.0,66.0,15.3,12.5,19.9,18.6,21.5,15.96,61.13,15.78,19.7,80.09,20.17,73.64,83.38,7623.0,56655.0,16773.0,106382.0,-3220.0,1527.0,1960.0,1526.0,51,1864.0
2026-06-25,0.0,0.0,1768.3,20.299999999999997,6.3,0.0,0.0,0.0,0.0,221.20000000000002,224.0,183.10000000000002,4.5,130.1,219.2,10.0,12.0,0.0,0.0,0.0,0.0,0.0,0.0,0.0,0.0,0.0,0.0,0.0,0.0,80.05,25.3,18.9,8.5,61.7,64.0,3.2,1863.0,36.0,57.1,5.0,3.55,4.0,9.9,10.0,34.25,63.0,58.0,65.0,66.0,15.4,7.7,22.3,19.0,19.4,15.13,61.21,15.66,19.56,80.06,20.17,73.64,83.38,7040.0,56637.0,16633.0,106435.0,-2450.0,1572.0,1750.0,1526.0,51,1863.0
2026-06-26,0.0,0.0,2010.4,23.2,9.3,6.2,2.2,0.0,0.0,444.7,922.0,195.9,6.8,114.4,209.9,0.0,43.0,2.0,6.4,0.0,0.0,0.0,0.0,0.0,0.0,0.0,0.0,0.0,0.0,79.65,25.1,18.8,8.5,61.5,63.0,3.2,1858.0,36.0,57.8,5.0,3.6,3.9,10.1,10.1,33.8,62.0,57.0,64.0,66.0,13.7,8.9,19.8,18.1,20.2,14.97,61.32,15.5,19.37,80.01,20.17,73.64,83.38,6541.0,56696.0,16633.0,107020.0,-1960.0,1606.0,1540.0,1532.0,51,1858.0
2026-06-27,0.0,0.0,2491.3,84.5,35.2,6.2,2.2,0.0,110.0,1487.6000000000001,1246.8,287.3,7.5,64.7,78.1,15.2,152.4,4.2,23.5,0.0,0.0,0.0,0.0,0.0,0.0,0.0,0.0,0.0,0.0,,0.0,,0.0,,0.0,0.0,,0.0,0.0,0.0,,,,,,0.0,0.0,0.0,0.0,,,,,,,61.42,15.4,19.25,80.02,20.17,73.64,83.38,6230.0,57674.0,16258.0,107911.0,-2100.0,1645.0,1050.0,1545.0,51,
2026-06-28,0.0,0.0,1743.6,42.800000000000004,18.3,4.3,6.2,0.0,67.3,270.3,69.4,195.8,6.2,131.60000000000002,145.70000000000002,1.8,0.0,3.6,5.4,0.0,0.0,0.0,0.0,0.0,0.0,0.0,0.0,0.0,0.0,,0.0,,0.0,,0.0,0.0,,0.0,0.0,0.0,,,,,,0.0,0.0,0.0,0.0,,,,,,,61.35,15.38,19.24,79.92,20.17,73.64,83.38,6230.0,57778.0,15858.0,107962.0,-1190.0,1679.0,1400.0,1558.0,51,
2026-06-29,80.7,0.0,2166.3,38.3,11.0,1.0,7.0,0.0,0.0,115.7,0.0,193.70000000000002,5.4,56.300000000000004,246.2,0.0,0.0,0.0,0.0,0.0,0.0,0.0,503.0,127.0,0.0,0.0,0.0,0.0,0.0,80.7,25.5,19.6,9.0,61.65,62.0,3.2,1870.0,37.0,58.1,5.0,3.65,3.95,10.1,10.1,33.85,61.0,55.0,62.0,65.0,13.2,8.8,19.5,17.5,22.0,15.82,61.43,15.48,19.32,80.1,20.17,73.64,83.38,6148.0,57995.0,15502.0,108250.0,-2380.0,1649.0,-420.0,1539.0,51,1870.0
2026-06-30,0.0,0.0,1725.4,24.3,6.8999999999999995,0.5,3.5,0.0,0.0,2.4,0.0,168.7,0.8,104.80000000000001,196.9,0.0,0.0,0.0,0.0,0.0,0.0,0.0,82.0,30.0,0.0,0.0,0.0,0.0,0.0,81.1,25.6,20.5,9.5,61.3,62.0,3.2,1874.0,39.0,57.2,5.0,3.45,3.75,9.65,10.05,34.4,60.0,56.0,62.0,65.0,17.0,13.3,22.6,17.7,21.7,16.63,61.44,15.7,19.54,80.34,20.17,73.64,83.38,5729.0,57914.0,15393.0,108458.0,-4060.0,1604.0,-2800.0,1504.0,51,1874.0
2026-07-01,0.0,0.0,1935.2,23.9,7.5,0.1,0.0,0.0,0.0,436.4,214.0,208.5,5.800000000000001,127.0,212.10000000000002,0.0,15.3,1.2,1.3,0.0,300.0,0.0,318.0,70.0,0.0,0.0,0.0,0.0,0.0,81.35,25.7,20.9,9.5,61.15,63.0,3.2,1877.0,41.0,56.6,5.0,3.5,3.8,9.8,9.95,34.1,62.0,56.0,63.0,66.0,17.3,13.0,22.7,19.4,22.0,17.0,61.46,15.91,19.74,80.57,20.17,73.64,83.38,6047.0,57835.0,15324.0,108670.0,-5670.0,1537.0,-4130.0,1487.0,51,1877.0
2026-07-02,80.4,0.0,1933.7,31.7,10.4,0.0,0.0,0.0,200.0,0.7,74.0,216.3,0.9,167.5,190.2,0.0,0.0,0.0,0.0,0.0,0.0,0.0,142.0,15.0,0.0,0.0,0.0,0.0,0.0,80.35,25.4,20.7,9.5,60.55,64.0,3.2,1866.0,40.0,56.2,5.0,3.45,3.9,9.65,9.55,34.0,62.0,55.0,67.0,65.0,17.7,9.6,23.5,22.5,20.8,16.63,61.23,16.21,20.1,80.63,20.17,73.64,83.38,5779.0,57562.0,15013.0,109099.0,-6650.0,1504.0,-4760.0,1489.0,51,1866.0
2026-07-03,80.0,0.0,1518.9,16.7,6.5,0.0,0.0,0.0,0.0,2.5999999999999996,0.0,178.7,1.1,114.1,157.2,0.0,0.0,0.0,0.0,0.0,0.0,0.0,0.0,0.0,0.0,0.0,0.0,0.0,0.0,79.95,25.2,19.6,9.0,61.05,64.0,3.2,1861.0,37.0,56.5,5.0,3.45,3.8,10.0,10.05,33.75,63.0,56.0,65.0,67.0,16.9,11.5,20.7,18.5,20.8,15.67,61.14,16.35,20.26,80.69,20.17,73.64,83.38,5779.0,56919.0,15013.0,109204.0,-7420.0,1457.0,-5390.0,1480.0,51,1861.0
2026-07-04,79.6,0.0,2207.8,22.0,12.399999999999999,0.0,0.0,0.0,200.0,809.1,74.0,219.0,1.1,86.6,276.8,0.0,0.0,0.0,0.0,0.0,0.0,0.0,0.0,0.0,0.0,0.0,0.0,0.0,0.0,79.6,25.1,19.0,8.5,61.25,66.0,3.2,1858.0,36.0,56.2,5.0,3.45,3.85,9.95,9.85,34.15,65.0,58.0,63.0,72.0,15.9,10.5,20.1,20.2,19.5,15.12,61.16,16.14,20.05,80.51,20.17,73.64,83.38,5779.0,57568.0,14346.0,109405.0,-5530.0,1542.0,-4480.0,1510.0,51,1858.0
2026-07-05,79.9,0.0,2246.7,48.6,14.4,1.3,3.6,0.0,92.3,1172.1000000000001,270.7,281.8,17.5,91.4,177.2,0.5,22.9,3.6,9.2,0.0,0.0,0.0,424.0,100.0,0.0,0.0,0.0,0.0,0.0,79.9,25.2,19.4,9.0,61.2,66.0,3.2,1861.0,36.0,56.9,5.0,3.6,3.85,10.15,9.9,33.7,67.0,58.0,65.0,69.0,13.5,10.4,19.2,19.9,20.9,15.5,61.16,16.05,19.96,80.42,20.17,73.64,83.38,5700.0,57919.0,14173.0,109915.0,-5320.0,1563.0,-4060.0,1528.0,51,1861.0
2026-07-06,80.7,0.0,1972.7,20.0,11.5,0.0,0.0,0.0,200.0,809.8,74.0,222.7,1.5,146.4,220.6,0.0,0.0,0.0,0.0,0.0,0.0,0.0,0.0,0.0,0.0,0.0,0.0,0.0,0.0,80.65,25.5,20.1,9.0,61.25,67.0,3.2,1869.0,38.0,56.6,5.0,3.5,4.0,9.7,9.85,34.2,65.0,61.0,67.0,70.0,16.2,8.3,22.9,19.8,21.0,16.21,61.11,16.11,20.03,80.41,20.17,73.64,83.38,5700.0,57993.0,14173.0,110537.0,-4830.0,1582.0,-4060.0,1538.0,51,1869.0
2026-07-07,0.0,0.0,2020.2,5.2,2.9,0.0,0.0,0.0,0.0,2.4,0.0,106.5,0.4,99.6,163.7,0.0,0.0,0.0,0.0,0.0,0.0,0.0,311.0,60.0,0.0,0.0,0.0,0.0,0.0,,0.0,,0.0,,0.0,0.0,,0.0,0.0,0.0,,,,,,0.0,0.0,0.0,0.0,,,,,,,61.08,16.02,19.95,80.3,20.17,73.64,83.38,6011.0,57988.0,14173.0,111055.0,-3920.0,1602.0,-3570.0,1555.0,51,
2026-07-08,79.9,0.0,1908.5,36.8,16.9,0.5,3.5,0.0,200.0,433.0,74.0,200.4,5.7,122.4,199.8,0.0,0.0,0.0,0.0,0.0,0.0,0.0,393.0,75.0,0.0,0.0,0.0,0.0,0.0,79.9,25.2,19.8,9.0,60.95,70.0,3.2,1861.0,37.0,55.2,5.0,3.4,3.75,9.3,9.45,35.05,69.0,67.0,70.0,72.0,17.0,12.5,25.6,23.5,17.9,15.82,61.04,15.82,19.77,80.06,20.17,73.64,83.38,5954.0,58068.0,14050.0,111327.0,-2520.0,1653.0,-2800.0,1575.0,51,1861.0
2026-07-09,80.0,0.0,2175.8,25.5,8.7,0.0,0.0,0.0,0.0,2.8,0.0,215.60000000000002,5.8,150.3,275.6,0.0,0.0,0.0,0.0,0.0,0.0,0.0,0.0,0.0,0.0,0.0,0.0,0.0,0.0,79.95,25.2,19.3,9.0,61.3,80.0,3.2,1861.0,36.0,55.8,5.0,3.4,3.85,9.25,9.5,35.3,83.0,100.0,72.0,77.0,17.2,9.5,25.9,22.1,17.8,15.43,61.17,15.62,19.53,79.99,20.17,73.64,83.38,5872.0,58617.0,13539.0,112011.0,-2170.0,1686.0,-2310.0,1603.0,51,1861.0
2026-07-10,80.3,0.0,2474.5,49.0,15.7,1.0,7.0,0.0,0.0,114.6,0.0,274.9,12.7,146.9,243.1,0.0,0.0,0.0,0.0,0.0,0.0,0.0,503.0,127.0,0.0,0.0,0.0,0.0,0.0,80.25,25.3,19.7,9.0,61.25,73.0,3.2,1865.0,37.0,56.5,5.0,3.55,3.9,9.85,9.9,34.05,71.0,74.0,72.0,74.0,14.8,9.3,22.0,19.6,20.5,15.81,61.2,15.65,19.55,80.04,20.17,73.64,83.38,6375.0,59340.0,13621.0,112773.0,-3360.0,1654.0,-3010.0,1602.0,51,1865.0
2026-07-11,79.8,0.0,1843.7,56.6,11.2,1.2,8.4,0.0,0.0,1071.0,0.0,161.7,4.0,76.5,160.1,0.0,0.0,0.0,0.0,0.0,0.0,0.0,0.0,0.0,0.0,0.0,0.0,0.0,0.0,79.8,25.2,20.3,9.0,60.5,73.0,3.2,1860.0,39.0,56.0,5.0,3.5,3.65,10.1,9.95,33.3,75.0,74.0,70.0,75.0,15.8,15.0,19.0,18.7,22.0,16.2,61.08,15.83,19.77,80.08,20.17,73.64,83.38,6375.0,59664.0,13310.0,112898.0,-4130.0,1639.0,-2730.0,1614.0,51,1860.0
2026-07-12,80.0,0.0,1927.8,58.1,13.200000000000001,1.2,8.4,0.0,200.0,876.0,74.0,165.9,2.6999999999999997,64.8,170.7,0.0,0.0,0.0,0.0,0.0,300.0,0.0,382.0,70.0,0.0,0.0,0.0,0.0,0.0,79.95,25.2,19.9,9.0,60.9,66.0,3.2,1861.0,37.0,56.3,5.0,3.6,3.75,9.7,9.8,34.05,61.0,59.0,64.0,73.0,13.9,12.1,22.4,20.1,20.4,15.91,61.03,15.9,19.85,80.08,20.17,73.64,83.38,6251.0,59056.0,13270.0,113388.0,-3990.0,1627.0,-2730.0,1623.0,51,1861.0
2026-07-13,80.7,0.0,1968.8,52.2,23.6,9.0,1.1,0.0,90.0,1462.0,0.0,226.0,4.8,77.1,145.9,45.0,1.0,9.2,4.2,0.0,200.0,0.0,200.0,40.0,0.0,0.0,0.0,0.0,0.0,80.7,25.5,19.4,9.0,61.85,67.0,3.2,1870.0,36.0,57.5,5.0,3.7,3.85,10.05,10.2,34.05,72.0,61.0,63.0,70.0,12.4,11.2,20.3,17.2,21.2,15.66,61.12,15.8,19.73,80.09,20.17,73.64,83.38,6451.0,59308.0,12970.0,113846.0,-4200.0,1622.0,-3290.0,1626.0,51,1870.0
2026-07-14,81.0,0.0,1837.7,18.7,7.9,0.0,0.0,0.0,0.0,1.2,0.0,235.0,1.0,149.0,171.5,0.0,0.0,0.0,0.0,0.0,0.0,0.0,0.0,0.0,0.0,0.0,0.0,0.0,0.0,81.0,25.6,21.6,9.5,60.35,65.0,3.2,1873.0,43.0,57.9,5.0,3.7,3.85,10.55,9.75,32.5,65.0,59.0,75.0,57.0,12.7,11.8,15.5,21.4,25.3,17.5,61.01,16.05,20.0,80.22,20.17,73.64,83.38,6451.0,59028.0,12970.0,114377.0,-4550.0,1601.0,-4270.0,1619.0,51,1873.0
2026-07-15,80.8,0.0,2102.8,36.2,12.700000000000001,0.6,3.5,0.0,200.0,434.0,458.7,293.3,8.9,141.7,155.3,0.0,23.6,0.6,0.0,0.0,300.0,0.0,384.0,70.0,0.0,0.0,0.0,0.0,0.0,80.75,25.5,19.1,9.0,62.1,68.0,3.2,1870.0,36.0,57.5,5.0,3.6,4.0,9.85,9.95,34.7,68.0,64.0,69.0,68.0,13.7,7.9,21.8,18.5,20.2,15.42,61.18,15.99,19.9,80.34,20.17,73.64,83.38,6835.0,59567.0,12832.0,114671.0,-5040.0,1590.0,-4830.0,1617.0,51,1870.0
2026-07-16,81.0,0.0,2376.0,45.9,15.700000000000001,1.4,3.9,0.0,200.0,785.4,193.8,292.3,11.3,119.5,194.7,0.0,0.0,5.3,22.2,0.0,0.0,0.0,405.0,90.0,0.0,0.0,0.0,0.0,0.0,80.95,25.5,20.5,9.5,61.2,66.0,3.2,1873.0,39.0,57.1,5.0,3.65,3.8,10.05,10.0,33.7,65.0,62.0,68.0,65.0,13.6,12.7,20.2,18.9,22.5,16.59,61.16,16.16,20.07,80.49,20.17,73.64,83.38,6508.0,60047.0,12897.0,115334.0,-5810.0,1591.0,-6160.0,1605.0,51,1873.0
2026-07-17,81.0,0.0,1915.3,57.8,15.7,2.5,17.5,0.0,82.5,354.2,544.5,137.6,0.4,98.7,201.4,0.0,0.0,0.0,0.0,0.0,0.0,0.0,164.0,40.0,0.0,0.0,0.0,0.0,0.0,81.0,25.6,22.2,10.0,59.85,67.0,3.1,1873.0,45.0,56.9,2.0,3.6,3.85,9.65,9.35,33.4,65.0,64.0,78.0,58.0,14.7,11.2,23.1,25.1,23.0,17.98,60.96,16.47,20.43,80.59,20.17,73.64,83.38,6172.0,59953.0,13061.0,115434.0,-5460.0,1611.0,-6650.0,1595.0,51,1873.0
2026-07-18,81.0,0.0,2017.3000000000002,31.4,7.1,0.5,3.5,0.0,0.0,0.7,0.0,231.8,0.5,115.8,188.8,0.0,0.0,0.0,0.0,0.0,0.0,0.0,82.0,30.0,0.0,0.0,0.0,0.0,0.0,80.95,25.5,19.6,9.0,61.8,68.0,3.2,1873.0,37.0,57.1,5.0,3.4,3.9,9.5,9.25,35.75,67.0,64.0,73.0,64.0,18.1,10.6,24.1,26.4,17.5,15.87,61.15,16.42,20.33,80.76,20.17,73.64,83.38,5943.0,60232.0,13043.0,114862.0,-5740.0,1618.0,-8120.0,1562.0,51,1873.0
2026-07-19,0.0,0.0,2206.8,41.4,9.5,0.0,0.0,0.0,0.0,0.7,0.0,227.5,0.5,88.9,220.5,0.0,0.0,0.0,0.0,0.0,400.0,0.0,440.0,60.0,0.0,0.0,0.0,0.0,0.0,80.65,25.4,21.8,9.5,59.95,70.0,3.1,1869.0,43.0,55.6,5.0,3.25,3.7,8.5,8.85,35.65,69.0,67.0,78.0,63.0,22.7,14.6,34.9,31.0,15.5,17.58,61.01,16.66,20.6,80.86,20.17,73.64,83.38,6301.0,60166.0,13137.0,115491.0,-5880.0,1600.0,-8470.0,1565.0,51,1869.0
2026-07-20,81.3,0.0,1576.1999999999998,39.9,7.5,1.7,7.1,0.0,0.0,0.7,0.0,226.4,16.5,121.4,133.4,0.0,0.0,8.4,18.0,0.0,0.0,0.0,0.0,0.0,0.0,0.0,0.0,0.0,0.0,81.3,25.7,20.0,9.0,61.8,67.0,3.2,1877.0,38.0,57.1,5.0,3.65,4.1,10.35,10.2,33.5,76.0,63.0,67.0,67.0,14.5,6.8,19.4,18.1,22.7,16.26,61.01,16.74,20.69,80.94,20.17,73.64,83.38,6301.0,59388.0,13137.0,115653.0,-5950.0,1571.0,-8960.0,1559.0,51,1877.0
2026-07-21,0.0,0.0,2524.7,4.2,2.4,0.1,0.0,0.0,0.0,160.0,384.7,80.6,2.4,67.80000000000001,87.6,0.0,23.6,0.6,0.0,0.0,0.0,0.0,164.0,60.0,0.0,0.0,0.0,0.0,0.0,80.95,25.5,18.4,8.5,62.75,72.0,3.3,1873.0,36.0,56.2,5.0,3.35,3.85,8.85,9.5,37.2,85.0,64.0,54.0,88.0,19.9,11.4,31.2,23.2,13.8,14.89,61.35,16.37,20.23,80.94,20.17,73.64,83.38,5910.0,60543.0,13301.0,116604.0,-5810.0,1627.0,-9240.0,1568.0,51,1873.0
2026-07-22,80.9,0.0,1707.4,46.8,6.3,0.1,0.0,0.0,0.0,162.0,214.0,210.4,9.1,68.6,114.7,0.0,15.3,1.2,1.3,0.0,0.0,0.0,0.0,0.0,0.0,0.0,0.0,0.0,0.0,80.85,25.5,17.6,8.5,63.3,71.0,3.3,1872.0,36.0,58.8,5.0,3.95,4.15,10.0,10.25,34.95,82.0,63.0,63.0,78.0,6.9,5.3,20.9,17.5,19.0,14.23,61.52,16.2,20.01,80.95,20.17,73.64,83.38,5828.0,60304.0,13021.0,116101.0,-6370.0,1604.0,-9450.0,1560.0,51,1872.0
2026-07-23,81.1,0.0,2334.3,40.2,13.600000000000001,0.4,1.7,0.0,0.0,133.0,384.7,272.79999999999995,7.9,118.0,207.8,0.0,23.6,0.6,0.0,0.0,0.0,0.0,421.0,97.0,0.0,0.0,0.0,0.0,0.0,81.05,25.6,21.8,9.5,60.25,69.0,3.2,1874.0,43.0,57.4,5.0,3.7,4.05,10.35,9.75,32.4,85.0,63.0,69.0,66.0,13.1,6.6,17.8,20.9,25.5,17.67,61.39,16.35,20.2,80.96,20.17,73.64,83.38,5844.0,60334.0,13442.0,116905.0,-6440.0,1602.0,-9660.0,1563.0,51,1874.0
2026-07-24,80.9,0.0,969.9000000000001,10.7,3.6,0.9,3.9,0.0,21.8,3.8,28.5,106.0,0.9,78.69999999999999,104.3,0.0,0.0,0.0,0.0,0.0,0.0,0.0,0.0,0.0,0.0,0.0,0.0,0.0,0.0,80.9,25.5,21.9,10.0,60.0,70.0,3.1,1872.0,44.0,56.1,5.0,3.6,3.7,9.45,9.25,34.0,77.0,66.0,73.0,67.0,14.4,13.9,24.7,25.7,21.6,17.72,61.41,16.32,20.16,80.95,20.17,73.64,83.38,5318.0,59608.0,12941.0,116263.0,-6020.0,1609.0,-9240.0,1568.0,51,1872.0
