Only Date,Gewicht,Mahlzeit,Kalorien,Fett (g),Gesättigte Fettsäuren,Mehrfach ungesättigte Fettsäuren,Einfach ungesättigte Fettsäuren,Transfettsäuren,Cholesterin,Natrium (mg),Kalium,Kohlenhydrate (g),Ballaststoffe,Zucker,Eiweiß (g),Vitamin A,Vitamin C,Kalzium,Eisen,export_headers.note_x,Training,Typ,Kalorien aus Training,Minuten für dieses Training,Serien,Wdh. pro Serie,Kilogramm,Schritte,export_headers.note_y,Weight (kg),BMI,Body Fat (%),Visc Fat,Muscle Mass (kg),Muscle Quality,Bone Mass (kg),BMR (kcal),Metab Age,Body Water (%),Physique Rating,Muscle mass - right arm,Muscle mass - left arm,Muscle mass - right leg,Muscle mass - left leg,Muscle mass - trunk,Muscle quality - right arm,Muscle quality - left arm,Muscle quality - right leg,Muscle quality - left leg,Body fat (%) - right arm,Body fat (%) - left arm,Body fat (%) - right leg,Body fat (%) - left leg,Body fat (%) - trunk,Körperfettanteil kg,Muscle Mass (kg) 7 Tage,Körperfettanteil kg 7 Tage,Body Fat (%) 7 Tage,Weight (kg) 7 Tage,Fett % Soll,Weight (kg) 500kcal,Weight (kg) 300kcal,Kalorien Gewichtsreduktion,Kalorien aus Training Summe 30 Tage,Kalorien aus Essen Summe 30 Tage,Kalorien Gewichtsänderung heute vs vor 30 Tage,Grundumsatz pro Tag errechnet,Alter,"Grundumsatz Mifflin-St.-Jeor mit Faktor 1,12"
2025-05-31,0.0,0.0,95.2,0.3,0.2,0.0,0.0,0.0,0.0,0.0,0.0,6.3,0.0,5.6,16.7,0.0,0.0,0.0,0.0,0.0,0.0,0.0,0.0,0.0,0.0,0.0,0.0,0.0,0.0,,0.0,,0.0,,0.0,0.0,0.0,0.0,0.0,0.0,0.0,0.0,0.0,0.0,0.0,0.0,0.0,0.0,0.0,0.0,0.0,0.0,0.0,0.0,,,,,,32.0,99.03,94.06,,,,,,50,
2025-06-01,,,,,,,,,,,,,,,,,,,,,,,,,,,,,,,,,,,,,,,,,,,,,,,,,,,,,,,,,,,,31.97,98.96,94.02,,,,,,50,
2025-06-02,,,,,,,,,,,,,,,,,,,,,,,,,,,,,,,,,,,,,,,,,,,,,,,,,,,,,,,,,,,,31.93,98.89,93.97,,,,,,50,
2025-06-03,,,,,,,,,,,,,,,,,,,,,,,,,,,,,,,,,,,,,,,,,,,,,,,,,,,,,,,,,,,,31.9,98.81,93.93,,,,,,50,
2025-06-04,,,,,,,,,,,,,,,,,,,,,,,,,,,,,,,,,,,,,,,,,,,,,,,,,,,,,,,,,,,,31.87,98.74,93.89,,,,,,50,
2025-06-05,,,,,,,,,,,,,,,,,,,,,,,,,,,,,,,,,,,,,,,,,,,,,,,,,,,,,,,,,,,,31.83,98.67,93.84,,,,,,50,
2025-06-06,,,,,,,,,,,,,,,,,,,,,,,,,,,,,,,,,,,,,,,,,,,,,,,,,,,,,,,,,,,,31.8,98.6,93.8,,,,,,50,
2025-06-07,,,,,,,,,,,,,,,,,,,,,,,,,,,,,,,,,,,,,,,,,,,,,,,,,,,,,,,,,,,,31.77,98.53,93.76,,,,,,50,
2025-06-08,,,,,,,,,,,,,,,,,,,,,,,,,,,,,,,,,,,,,,,,,,,,,,,,,,,,,,,,,,,,31.73,98.46,93.72,,,,,,50,
2025-06-09,0.0,0.0,360.0,14.6,6.3,0.0,0.0,0.0,0.0,0.0,0.0,47.9,2.0,27.9,9.0,0.0,0.0,0.0,0.0,0.0,0.0,0.0,0.0,0.0,0.0,0.0,0.0,0.0,0.0,,0.0,,0.0,,0.0,0.0,0.0,0.0,0.0,0.0,0.0,0.0,0.0,0.0,0.0,0.0,0.0,0.0,0.0,0.0,0.0,0.0,0.0,0.0,,,,,,31.7,98.39,93.67,,,,,,50,
2025-06-10,,,,,,,,,,,,,,,,,,,,,,,,,,,,,,,,,,,,,,,,,,,,,,,,,,,,,,,,,,,,31.67,98.31,93.63,,,,,,50,
2025-06-11,,,,,,,,,,,,,,,,,,,,,,,,,,,,,,,,,,,,,,,,,,,,,,,,,,,,,,,,,,,,31.63,98.24,93.59,,,,,,50,
2025-06-12,,,,,,,,,,,,,,,,,,,,,,,,,,,,,,,,,,,,,,,,,,,,,,,,,,,,,,,,,,,,31.6,98.17,93.54,,,,,,50,
2025-06-13,,,,,,,,,,,,,,,,,,,,,,,,,,,,,,,,,,,,,,,,,,,,,,,,,,,,,,,,,,,,31.57,98.1,93.5,,,,,,50,
2025-06-14,98.0,0.0,0.0,0.0,0.0,0.0,0.0,0.0,0.0,0.0,0.0,0.0,0.0,0.0,0.0,0.0,0.0,0.0,0.0,0.0,0.0,0.0,0.0,0.0,0.0,0.0,0.0,0.0,0.0,98.0,0.0,,0.0,,0.0,0.0,0.0,0.0,0.0,0.0,0.0,0.0,0.0,0.0,0.0,0.0,0.0,0.0,0.0,0.0,0.0,0.0,0.0,0.0,,,,,98.0,31.53,98.03,93.46,,,,,,50,2069.0
2025-06-15,,,,,,,,,,,,,,,,,,,,,,,,,,,,,,,,,,,,,,,,,,,,,,,,,,,,,,,,,,,98.0,31.5,97.96,93.42,,,,,,50,
2025-06-16,,,,,,,,,,,,,,,,,,,,,,,,,,,,,,,,,,,,,,,,,,,,,,,,,,,,,,,,,,,98.0,31.47,97.89,93.37,,,,,,50,
2025-06-17,,,,,,,,,,,,,,,,,,,,,,,,,,,,,,,,,,,,,,,,,,,,,,,,,,,,,,,,,,,98.0,31.43,97.81,93.33,,,,,,50,
2025-06-18,,,,,,,,,,,,,,,,,,,,,,,,,,,,,,,,,,,,,,,,,,,,,,,,,,,,,,,,,,,98.0,31.4,97.74,93.29,,,,,,50,
2025-06-19,,,,,,,,,,,,,,,,,,,,,,,,,,,,,,,,,,,,,,,,,,,,,,,,,,,,,,,,,,,98.0,31.37,97.67,93.24,,,,,,50,
2025-06-20,,,,,,,,,,,,,,,,,,,,,,,,,,,,,,,,,,,,,,,,,,,,,,,,,,,,,,,,,,,98.0,31.33,97.6,93.2,,,,,,50,
2025-06-21,97.6,0.0,1569.4,46.400000000000006,15.2,3.1,5.5,0.1,563.2,252.8,1190.3,170.5,14.0,68.3,117.7,204.1,295.2,16.8,52.1,0.0,0.0,0.0,0.0,0.0,0.0,0.0,0.0,0.0,0.0,97.6,0.0,,0.0,,0.0,0.0,0.0,0.0,0.0,0.0,0.0,0.0,0.0,0.0,0.0,0.0,0.0,0.0,0.0,0.0,0.0,0.0,0.0,0.0,,,,,97.6,31.3,97.53,93.16,,,,,,50,2065.0
2025-06-22,97.3,0.0,1848.6999999999998,77.4,15.3,3.2,18.0,0.0,273.5,42.099999999999994,1065.8,218.1,58.6,55.4,150.2,0.0,159.6,7.6,51.2,0.0,0.0,0.0,481.0,70.0,0.0,0.0,0.0,0.0,0.0,97.3,0.0,,0.0,,0.0,0.0,0.0,0.0,0.0,0.0,0.0,0.0,0.0,0.0,0.0,0.0,0.0,0.0,0.0,0.0,0.0,0.0,0.0,0.0,,,,,97.45,31.27,97.46,93.12,2100.0,,,,,50,2061.0
2025-06-23,96.9,0.0,1686.8,38.0,21.1,1.1,7.0,0.0,600.0,49.5,610.2,166.7,4.0,62.300000000000004,168.1,63.0,213.0,1.0,2.0,0.0,0.0,0.0,490.0,80.0,0.0,0.0,0.0,0.0,0.0,96.9,0.0,,0.0,,0.0,0.0,0.0,0.0,0.0,0.0,0.0,0.0,0.0,0.0,0.0,0.0,0.0,0.0,0.0,0.0,0.0,0.0,0.0,0.0,,,,,97.27,31.23,97.39,93.07,2800.0,,,,,50,2057.0
2025-06-24,97.2,0.0,1984.7,42.7,13.2,4.8,14.3,0.1,744.0,446.1,364.5,151.4,69.1,48.099999999999994,214.2,53.1,106.5,11.7,20.4,0.0,0.0,0.0,0.0,0.0,0.0,0.0,0.0,0.0,0.0,97.2,0.0,,0.0,,0.0,0.0,0.0,0.0,0.0,0.0,0.0,0.0,0.0,0.0,0.0,0.0,0.0,0.0,0.0,0.0,0.0,0.0,0.0,0.0,,,,,97.25,31.2,97.31,93.03,-2100.0,,,,,50,2060.0
2025-06-25,96.9,0.0,1297.4,13.3,3.4,0.3,2.1,0.0,0.0,39.0,207.1,186.2,19.2,58.5,120.2,0.0,9.2,8.4,3.0,0.0,0.0,0.0,490.0,80.0,0.0,0.0,0.0,0.0,0.0,96.9,0.0,,0.0,,0.0,0.0,0.0,0.0,0.0,0.0,0.0,0.0,0.0,0.0,0.0,0.0,0.0,0.0,0.0,0.0,0.0,0.0,0.0,0.0,,,,,97.18,31.17,97.24,92.99,2100.0,,,,,50,2057.0
2025-06-26,97.1,0.0,1769.6,35.4,9.1,4.0,12.5,0.1,558.0,344.9,1370.6,261.0,43.800000000000004,68.3,135.2,47.7,160.8,37.5,25.6,0.0,0.0,0.0,0.0,0.0,0.0,0.0,0.0,0.0,0.0,97.1,0.0,,0.0,,0.0,0.0,0.0,0.0,0.0,0.0,0.0,0.0,0.0,0.0,0.0,0.0,0.0,0.0,0.0,0.0,0.0,0.0,0.0,0.0,,,,,97.17,31.13,97.17,92.94,-1400.0,,,,,50,2059.0
2025-06-27,96.7,0.0,1142.6,31.1,7.6,3.1,6.9,0.1,558.0,215.0,333.5,94.5,1.5,36.0,110.1,47.800000000000004,106.5,11.2,18.3,0.0,0.0,0.0,0.0,0.0,0.0,0.0,0.0,0.0,0.0,96.7,0.0,,0.0,,0.0,0.0,0.0,0.0,0.0,0.0,0.0,0.0,0.0,0.0,0.0,0.0,0.0,0.0,0.0,0.0,0.0,0.0,0.0,0.0,,,,,97.1,31.1,97.1,92.9,2800.0,,,,,50,2055.0
2025-06-28,96.8,0.0,2256.9,39.3,9.1,1.4,4.2,0.0,186.0,74.0,366.7,218.4,2.3,67.2,239.8,53.6,12.5,23.6,11.7,0.0,0.0,0.0,507.0,87.0,0.0,0.0,0.0,0.0,0.0,96.8,0.0,,0.0,,0.0,0.0,0.0,0.0,0.0,0.0,0.0,0.0,0.0,0.0,0.0,0.0,0.0,0.0,0.0,0.0,0.0,0.0,0.0,0.0,,,,,96.99,31.07,97.03,92.86,-700.0,,,,,50,2056.0
2025-06-29,96.3,0.0,1809.8,30.7,12.5,0.0,0.0,0.0,0.0,0.0,0.0,154.0,3.6,82.5,203.7,0.0,0.0,0.0,13.0,0.0,0.0,0.0,490.0,80.0,0.0,0.0,0.0,0.0,0.0,96.3,0.0,,0.0,,0.0,0.0,0.0,0.0,0.0,0.0,0.0,0.0,0.0,0.0,0.0,0.0,0.0,0.0,0.0,0.0,0.0,0.0,0.0,0.0,,,,,96.84,31.03,96.96,92.82,3500.0,,,,,50,2050.0
2025-06-30,96.1,0.0,1735.7,36.7,13.6,0.2,0.0,0.0,442.0,0.1,917.4,187.0,4.0,81.5,168.39999999999998,0.0,47.2,1.2,0.0,0.0,0.0,0.0,0.0,0.0,0.0,0.0,0.0,0.0,0.0,96.1,0.0,,0.0,,0.0,0.0,0.0,0.0,0.0,0.0,0.0,0.0,0.0,0.0,0.0,0.0,0.0,0.0,0.0,0.0,0.0,0.0,0.0,0.0,,,,,96.73,31.0,96.89,92.77,1400.0,,,,,50,2048.0
2025-07-01,95.9,0.0,1827.0,68.6,28.299999999999997,6.4,21.6,0.1,911.0,402.5,1261.6,106.2,6.0,51.0,195.0,48.0,107.9,13.0,28.1,0.0,0.0,0.0,490.0,80.0,0.0,0.0,0.0,0.0,0.0,95.9,0.0,,0.0,,0.0,0.0,0.0,0.0,0.0,0.0,0.0,0.0,0.0,0.0,0.0,0.0,0.0,0.0,0.0,0.0,0.0,0.0,0.0,0.0,,,,,96.54,30.97,96.81,92.73,1400.0,,,,,50,2046.0
2025-07-02,95.8,0.0,1840.8,63.1,17.799999999999997,0.0,0.0,0.0,400.0,0.0,148.0,208.9,0.0,33.400000000000006,101.0,0.0,0.0,0.0,0.0,0.0,0.0,0.0,110.0,20.0,0.0,0.0,0.0,0.0,0.0,95.8,0.0,,0.0,,0.0,0.0,0.0,0.0,0.0,0.0,0.0,0.0,0.0,0.0,0.0,0.0,0.0,0.0,0.0,0.0,0.0,0.0,0.0,0.0,,,,,96.39,30.93,96.74,92.69,700.0,,,,,50,2045.0
2025-07-03,96.4,0.0,1659.7,24.4,7.3,0.0,0.0,0.0,0.0,0.2,0.0,169.1,6.4,76.4,185.39999999999998,0.0,0.0,0.0,25.2,0.0,0.0,0.0,0.0,0.0,0.0,0.0,0.0,0.0,0.0,96.4,0.0,,0.0,,0.0,0.0,0.0,0.0,0.0,0.0,0.0,0.0,0.0,0.0,0.0,0.0,0.0,0.0,0.0,0.0,0.0,0.0,0.0,0.0,,,,,96.29,30.9,96.67,92.64,-4200.0,,,,,50,2051.0
2025-07-04,96.0,0.0,1643.1,48.8,28.1,1.7,11.0,0.0,751.9,180.0,478.4,167.5,17.6,82.0,138.2,3.2,3.3,4.5,33.6,0.0,0.0,0.0,646.0,149.0,0.0,0.0,0.0,0.0,0.0,96.0,0.0,,0.0,,0.0,0.0,0.0,0.0,0.0,0.0,0.0,0.0,0.0,0.0,0.0,0.0,0.0,0.0,0.0,0.0,0.0,0.0,0.0,0.0,,,,,96.19,30.87,96.6,92.6,2800.0,,,,,50,2047.0
2025-07-05,95.5,0.0,1972.5,80.39999999999999,28.8,1.9,11.1,0.0,138.3,343.7,233.3,141.5,1.3,39.2,160.8,2.9,3.0,53.1,7.7,0.0,0.0,0.0,569.0,85.0,0.0,0.0,0.0,0.0,0.0,95.5,0.0,,0.0,,0.0,0.0,0.0,0.0,0.0,0.0,0.0,0.0,0.0,0.0,0.0,0.0,0.0,0.0,0.0,0.0,0.0,0.0,0.0,0.0,,,,,96.0,30.83,96.53,92.56,3500.0,,,,,50,2041.0
2025-07-06,96.0,0.0,1792.1999999999998,70.7,17.2,2.6,15.5,0.0,94.2,111.5,159.0,145.10000000000002,0.4,46.400000000000006,133.2,2.0,2.1,2.8,5.2,0.0,0.0,0.0,490.0,80.0,0.0,0.0,0.0,0.0,0.0,96.0,0.0,,0.0,,0.0,0.0,0.0,0.0,0.0,0.0,0.0,0.0,0.0,0.0,0.0,0.0,0.0,0.0,0.0,0.0,0.0,0.0,0.0,0.0,,,,,95.96,30.8,96.46,92.52,-3500.0,,,,,50,2047.0
2025-07-07,96.1,0.0,1660.4,40.9,14.8,0.0,0.0,0.0,0.0,0.1,0.0,108.80000000000001,0.0,73.9,205.7,0.0,0.0,0.0,0.0,0.0,0.0,0.0,0.0,0.0,0.0,0.0,0.0,0.0,0.0,96.1,0.0,,0.0,,0.0,0.0,0.0,0.0,0.0,0.0,0.0,0.0,0.0,0.0,0.0,0.0,0.0,0.0,0.0,0.0,0.0,0.0,0.0,0.0,,,,,95.96,30.77,96.39,92.47,-700.0,,,,,50,2048.0
2025-07-08,96.2,0.0,1800.9,36.7,10.4,1.6,7.0,0.0,82.5,100.0,1140.4,180.9,3.6,93.80000000000001,177.7,27.3,47.2,1.1,14.5,0.0,0.0,0.0,150.0,30.0,0.0,0.0,0.0,0.0,0.0,96.2,0.0,,0.0,,0.0,0.0,0.0,0.0,0.0,0.0,0.0,0.0,0.0,0.0,0.0,0.0,0.0,0.0,0.0,0.0,0.0,0.0,0.0,0.0,,,,,96.0,30.73,96.31,92.43,-700.0,,,,,50,2049.0
2025-07-09,95.7,0.0,1468.1,32.7,8.4,2.9,5.5,0.1,558.0,215.1,295.5,103.0,11.7,51.5,192.3,47.7,106.5,8.9,15.6,0.0,0.0,0.0,515.0,79.0,0.0,0.0,0.0,0.0,0.0,95.7,0.0,,0.0,,0.0,0.0,0.0,0.0,0.0,0.0,0.0,0.0,0.0,0.0,0.0,0.0,0.0,0.0,0.0,0.0,0.0,0.0,0.0,0.0,,,,,95.99,30.7,96.24,92.39,3500.0,,,,,50,2043.0
2025-07-10,95.5,0.0,2072.4,42.0,14.1,0.0,0.0,0.0,55.0,59.3,363.0,249.6,23.5,90.2,176.8,0.0,0.0,0.0,36.0,0.0,0.0,0.0,382.0,72.0,0.0,0.0,0.0,0.0,0.0,95.5,0.0,,0.0,,0.0,0.0,0.0,0.0,0.0,0.0,0.0,0.0,0.0,0.0,0.0,0.0,0.0,0.0,0.0,0.0,0.0,0.0,0.0,0.0,,,,,95.86,30.67,96.17,92.34,1400.0,,,,,50,2041.0
2025-07-11,95.3,0.0,2001.3000000000002,70.2,9.2,2.9,5.5,0.1,558.0,215.0,295.5,156.5,1.1,59.5,172.2,47.7,106.5,8.9,15.6,0.0,0.0,0.0,154.0,20.0,0.0,0.0,0.0,0.0,0.0,95.7,30.2,23.7,12.0,69.4,0.0,3.6,0.0,47.0,56.2,0.0,4.0,4.9,11.9,12.0,36.6,0.0,0.0,0.0,0.0,17.4,15.1,20.3,20.2,27.5,22.68,69.4,22.68,23.7,95.81,30.63,96.1,92.3,-1400.0,,,,,50,2043.0
2025-07-12,95.3,0.0,1425.2,57.400000000000006,17.2,5.1,15.9,0.0,494.5,1494.0,833.0,73.2,4.9,22.0,155.8,10.8,0.0,6.2,20.7,0.0,0.0,0.0,321.0,51.0,0.0,0.0,0.0,0.0,0.0,95.3,0.0,,0.0,,0.0,0.0,0.0,0.0,0.0,0.0,0.0,0.0,0.0,0.0,0.0,0.0,0.0,0.0,0.0,0.0,0.0,0.0,0.0,0.0,,69.4,22.68,23.7,95.79,30.6,96.03,92.26,2800.0,,,,,50,2039.0
2025-07-13,95.0,0.0,1639.0,47.400000000000006,10.0,0.0,0.0,0.0,400.0,0.0,148.0,161.5,5.2,0.0,106.1,0.0,0.0,0.0,0.0,0.0,0.0,0.0,0.0,0.0,0.0,0.0,0.0,0.0,0.0,95.0,0.0,,0.0,,0.0,0.0,0.0,0.0,0.0,0.0,0.0,0.0,0.0,0.0,0.0,0.0,0.0,0.0,0.0,0.0,0.0,0.0,0.0,0.0,,69.4,22.68,23.7,95.64,30.57,95.96,92.22,2100.0,,,,,50,2036.0
2025-07-14,94.8,0.0,1552.0,29.1,5.9,0.1,0.0,0.0,125.4,18.1,290.3,145.9,13.5,46.2,148.1,103.3,349.3,1.6,3.3,0.0,0.0,0.0,306.0,60.0,0.0,0.0,0.0,0.0,0.0,94.8,0.0,,0.0,,0.0,0.0,0.0,0.0,0.0,0.0,0.0,0.0,0.0,0.0,0.0,0.0,0.0,0.0,0.0,0.0,0.0,0.0,0.0,0.0,,69.4,22.68,23.7,95.46,30.53,95.89,92.17,1400.0,,,22400.0,,50,2033.0
2025-07-15,94.9,0.0,1897.3,28.099999999999998,9.9,0.0,0.0,0.0,0.0,0.4,0.0,207.6,20.0,102.7,208.1,0.0,0.0,0.0,36.0,0.0,0.0,0.0,481.0,70.0,0.0,0.0,0.0,0.0,0.0,94.9,0.0,,0.0,,0.0,0.0,0.0,0.0,0.0,0.0,0.0,0.0,0.0,0.0,0.0,0.0,0.0,0.0,0.0,0.0,0.0,0.0,0.0,0.0,,69.4,22.68,23.7,95.27,30.5,95.81,92.13,-700.0,,,,,50,2034.0
2025-07-16,94.4,0.0,1706.1999999999998,43.4,20.7,0.0,0.0,0.0,400.0,295.0,184.5,135.6,0.5,48.7,186.4,0.0,0.0,0.0,0.0,0.0,0.0,0.0,110.0,20.0,0.0,0.0,0.0,0.0,0.0,94.4,0.0,,0.0,,0.0,0.0,0.0,0.0,0.0,0.0,0.0,0.0,0.0,0.0,0.0,0.0,0.0,0.0,0.0,0.0,0.0,0.0,0.0,0.0,,69.4,22.68,23.7,95.09,30.47,95.74,92.09,3500.0,,,,,50,2029.0
2025-07-17,94.2,0.0,1533.1,36.3,9.8,2.9,5.5,0.1,558.0,3299.1,295.5,162.6,9.9,65.5,140.3,47.7,106.5,8.9,15.6,0.0,0.0,0.0,0.0,0.0,0.0,0.0,0.0,0.0,0.0,94.2,0.0,,0.0,,0.0,0.0,0.0,0.0,0.0,0.0,0.0,0.0,0.0,0.0,0.0,0.0,0.0,0.0,0.0,0.0,0.0,0.0,0.0,0.0,,69.4,22.68,23.7,94.9,30.43,95.67,92.04,1400.0,,,,,50,2027.0
2025-07-18,94.0,0.0,2194.9,79.5,28.8,3.1999999999999997,7.6,0.1,1158.0,216.4,570.1,181.6,2.3,90.60000000000001,183.0,47.7,106.5,8.9,15.6,0.0,0.0,0.0,0.0,0.0,0.0,0.0,0.0,0.0,0.0,94.0,0.0,,0.0,,0.0,0.0,0.0,0.0,0.0,0.0,0.0,0.0,0.0,0.0,0.0,0.0,0.0,0.0,0.0,0.0,0.0,0.0,0.0,0.0,,,,,94.66,30.4,95.6,92.0,1400.0,,,,,50,2024.0
2025-07-19,0.0,0.0,1080.1,30.2,3.1,0.0,0.0,0.0,0.0,0.0,0.0,74.80000000000001,0.0,59.2,122.0,0.0,0.0,0.0,0.0,0.0,0.0,0.0,0.0,0.0,0.0,0.0,0.0,0.0,0.0,,0.0,,0.0,,0.0,0.0,0.0,0.0,0.0,0.0,0.0,0.0,0.0,0.0,0.0,0.0,0.0,0.0,0.0,0.0,0.0,0.0,0.0,0.0,,,,,94.55,30.37,95.53,91.96,,,,,,50,
2025-07-20,,,,,,,,,,,,,,,,,,,,,,,,,,,,,,,,,,,,,,,,,,,,,,,,,,,,,,,,,,,94.46,30.33,95.46,91.92,,,,,,50,
2025-07-21,,,,,,,,,,,,,,,,,,,,,,,,,,,,,,,,,,,,,,,,,,,,,,,,,,,,,,,,,,,94.37,30.3,95.39,91.87,,,,,,50,
2025-07-22,,,,,,,,,,,,,,,,,,,,,,,,,,,,,,,,,,,,,,,,,,,,,,,,,,,,,,,,,,,94.2,30.27,95.31,91.83,,,,,,50,
2025-07-23,0.0,0.0,1606.4,60.0,21.7,4.1,12.6,0.1,958.0,215.0,1029.2,87.1,6.2,34.6,162.2,379.7,135.5,15.5,19.4,0.0,0.0,0.0,0.0,0.0,0.0,0.0,0.0,0.0,0.0,,0.0,,0.0,,0.0,0.0,0.0,0.0,0.0,0.0,0.0,0.0,0.0,0.0,0.0,0.0,0.0,0.0,0.0,0.0,0.0,0.0,0.0,0.0,,,,,94.1,30.23,95.24,91.79,,,,,,50,
2025-07-24,0.0,0.0,1999.6,71.6,21.2,5.0,19.6,0.1,558.0,225.1,496.5,101.0,3.1,41.6,234.9,379.7,111.9,15.200000000000001,15.9,0.0,0.0,0.0,257.0,57.0,0.0,0.0,0.0,0.0,0.0,,0.0,,0.0,,0.0,0.0,0.0,0.0,0.0,0.0,0.0,0.0,0.0,0.0,0.0,0.0,0.0,0.0,0.0,0.0,0.0,0.0,0.0,0.0,,,,,94.0,30.2,95.17,91.74,,,,,,50,
2025-07-25,0.0,0.0,1349.2,32.9,3.1,1.9,3.7,0.0,372.0,152.0,138.0,145.10000000000002,0.3,0.4,85.4,10.8,0.0,5.9,9.7,0.0,0.0,0.0,0.0,0.0,0.0,0.0,0.0,0.0,0.0,,0.0,,0.0,,0.0,0.0,0.0,0.0,0.0,0.0,0.0,0.0,0.0,0.0,0.0,0.0,0.0,0.0,0.0,0.0,0.0,0.0,0.0,0.0,,,,,,30.17,95.1,91.7,,,,,,50,
2025-07-26,0.0,0.0,1992.3,72.0,16.2,0.2,0.1,0.0,502.0,159.7,713.0,143.2,5.9,39.3,175.0,0.7,19.7,1.1,4.6,0.0,0.0,0.0,490.0,80.0,0.0,0.0,0.0,0.0,0.0,,0.0,,0.0,,0.0,0.0,0.0,0.0,0.0,0.0,0.0,0.0,0.0,0.0,0.0,0.0,0.0,0.0,0.0,0.0,0.0,0.0,0.0,0.0,,,,,,30.13,95.03,91.66,,,,,,50,
2025-07-27,0.0,0.0,1572.6,54.8,15.9,4.4,6.3,0.1,626.9,965.8,1338.7,87.1,6.4,45.6,179.1,380.7,177.1,17.7,21.3,0.0,0.0,0.0,150.0,30.0,0.0,0.0,0.0,0.0,0.0,,0.0,,0.0,,0.0,0.0,0.0,0.0,0.0,0.0,0.0,0.0,0.0,0.0,0.0,0.0,0.0,0.0,0.0,0.0,0.0,0.0,0.0,0.0,,,,,,30.1,94.96,91.62,,,,,,50,
2025-07-28,0.0,0.0,1935.9,70.60000000000001,26.7,0.2,0.1,0.0,425.0,361.4,1273.7,117.4,7.6,79.30000000000001,208.2,357.0,54.0,56.6,25.3,0.0,0.0,0.0,319.0,55.0,0.0,0.0,0.0,0.0,0.0,,0.0,,0.0,,0.0,0.0,0.0,0.0,0.0,0.0,0.0,0.0,0.0,0.0,0.0,0.0,0.0,0.0,0.0,0.0,0.0,0.0,0.0,0.0,,,,,,30.07,94.89,91.57,,,,,,50,
2025-07-29,0.0,0.0,1559.1,40.0,12.100000000000001,2.9,5.5,0.1,558.0,815.1,295.5,104.69999999999999,2.6,51.3,198.8,47.7,106.5,8.9,15.6,0.0,0.0,0.0,400.0,80.0,0.0,0.0,0.0,0.0,0.0,,0.0,,0.0,,0.0,0.0,0.0,0.0,0.0,0.0,0.0,0.0,0.0,0.0,0.0,0.0,0.0,0.0,0.0,0.0,0.0,0.0,0.0,0.0,,,,,,30.03,94.81,91.53,,,,,,50,
2025-07-30,0.0,0.0,1797.7,79.2,8.899999999999999,2.0,3.8000000000000003,0.0,499.8,416.8,1012.8,85.3,1.9,21.1,182.9,342.8,5.4,11.8,10.0,0.0,0.0,0.0,306.0,60.0,0.0,0.0,0.0,0.0,0.0,,0.0,,0.0,,0.0,0.0,0.0,0.0,0.0,0.0,0.0,0.0,0.0,0.0,0.0,0.0,0.0,0.0,0.0,0.0,0.0,0.0,0.0,0.0,,,,,,30.0,94.74,91.49,,,,,,50,
2025-07-31,0.0,0.0,1712.1999999999998,51.699999999999996,16.6,3.4,9.4,0.1,558.0,215.3,550.5,102.2,3.8000000000000003,42.4,189.8,48.300000000000004,106.5,8.9,15.6,0.0,0.0,0.0,257.0,57.0,0.0,0.0,0.0,0.0,0.0,,0.0,,0.0,,0.0,0.0,0.0,0.0,0.0,0.0,0.0,0.0,0.0,0.0,0.0,0.0,0.0,0.0,0.0,0.0,0.0,0.0,0.0,0.0,,,,,,29.97,94.67,91.44,,,,,,50,
2025-08-01,0.0,0.0,1521.9,47.9,18.5,1.0,7.0,0.0,400.0,12.0,334.7,79.8,2.2,29.4,168.8,0.1,0.0,1.4,3.8,0.0,0.0,0.0,306.0,60.0,0.0,0.0,0.0,0.0,0.0,,0.0,,0.0,,0.0,0.0,0.0,0.0,0.0,0.0,0.0,0.0,0.0,0.0,0.0,0.0,0.0,0.0,0.0,0.0,0.0,0.0,0.0,0.0,,,,,,29.93,94.6,91.4,,,,,,50,
2025-08-02,0.0,0.0,1790.8999999999999,67.10000000000001,15.100000000000001,4.0,12.6,0.1,558.0,389.8,806.0,152.7,6.800000000000001,21.1,109.2,472.3,113.3,26.0,19.6,0.0,0.0,0.0,0.0,0.0,0.0,0.0,0.0,0.0,0.0,,0.0,,0.0,,0.0,0.0,0.0,0.0,0.0,0.0,0.0,0.0,0.0,0.0,0.0,0.0,0.0,0.0,0.0,0.0,0.0,0.0,0.0,0.0,,,,,,29.9,94.53,91.36,,,,,,50,
2025-08-03,,,,,,,,,,,,,,,,,,,,,,,,,,,,,,,,,,,,,,,,,,,,,,,,,,,,,,,,,,,,29.87,94.46,91.31,,,,,,50,
2025-08-04,,,,,,,,,,,,,,,,,,,,,,,,,,,,,,,,,,,,,,,,,,,,,,,,,,,,,,,,,,,,29.83,94.39,91.27,,,,,,50,
2025-08-05,,,,,,,,,,,,,,,,,,,,,,,,,,,,,,,,,,,,,,,,,,,,,,,,,,,,,,,,,,,,29.8,94.31,91.23,,,,,,50,
2025-08-06,0.0,0.0,1919.7,62.0,29.5,2.9,5.5,0.1,958.0,996.3,691.9,132.6,7.6,90.7,207.8,47.7,223.0,14.2,16.5,0.0,0.0,0.0,231.0,40.0,0.0,0.0,0.0,0.0,0.0,,0.0,,0.0,,0.0,0.0,0.0,0.0,0.0,0.0,0.0,0.0,0.0,0.0,0.0,0.0,0.0,0.0,0.0,0.0,0.0,0.0,0.0,0.0,,,,,,29.77,94.24,91.19,,,,,,50,
2025-08-07,0.0,0.0,1944.2,144.5,14.0,0.0,0.0,0.0,400.0,450.0,148.0,49.3,0.0,23.7,109.1,0.0,0.0,0.0,0.0,0.0,0.0,0.0,500.0,80.0,0.0,0.0,0.0,0.0,0.0,,0.0,,0.0,,0.0,0.0,0.0,0.0,0.0,0.0,0.0,0.0,0.0,0.0,0.0,0.0,0.0,0.0,0.0,0.0,0.0,0.0,0.0,0.0,,,,,,29.73,94.17,91.14,,,,,,50,
2025-08-08,0.0,0.0,1794.6,53.3,27.6,3.2,5.6,0.1,1158.0,1630.8999999999999,1256.9,141.9,7.7,79.5,190.2,482.29999999999995,771.6999999999999,21.8,21.6,0.0,0.0,0.0,0.0,0.0,0.0,0.0,0.0,0.0,0.0,,0.0,,0.0,,0.0,0.0,0.0,0.0,0.0,0.0,0.0,0.0,0.0,0.0,0.0,0.0,0.0,0.0,0.0,0.0,0.0,0.0,0.0,0.0,,,,,,29.7,94.1,91.1,,,,,,50,
2025-08-09,92.3,0.0,1155.6,48.6,16.0,3.1,14.8,0.0,415.2,883.0999999999999,294.79999999999995,102.80000000000001,3.0999999999999996,15.9,76.6,0.2,0.1,0.7,2.4,0.0,0.0,0.0,0.0,0.0,0.0,0.0,0.0,0.0,0.0,92.3,0.0,,0.0,,0.0,0.0,0.0,0.0,0.0,0.0,0.0,0.0,0.0,0.0,0.0,0.0,0.0,0.0,0.0,0.0,0.0,0.0,0.0,0.0,,,,,92.3,29.67,94.03,91.06,,,,22400.0,,50,2005.0
2025-08-10,92.0,0.0,2099.0,56.5,19.299999999999997,1.0,7.0,0.0,400.0,1.1,184.5,176.8,0.8,54.800000000000004,214.39999999999998,0.0,0.0,0.0,0.0,0.0,0.0,0.0,507.0,87.0,0.0,0.0,0.0,0.0,0.0,91.8,29.0,22.2,11.0,67.9,0.0,3.5,0.0,43.0,57.1,0.0,4.3,4.3,11.5,11.6,36.2,0.0,0.0,0.0,0.0,14.3,16.0,19.5,19.2,25.5,20.38,67.9,20.38,22.2,92.05,29.63,93.96,91.01,3500.0,,,27300.0,,50,2000.0
2025-08-11,93.1,0.0,1435.7,34.4,10.6,2.5,4.1,0.0,297.5,458.5,486.5,137.7,12.1,38.6,142.6,0.0,0.0,1.5,9.0,0.0,0.0,0.0,0.0,0.0,0.0,0.0,0.0,0.0,0.0,,0.0,,0.0,,0.0,0.0,0.0,0.0,0.0,0.0,0.0,0.0,0.0,0.0,0.0,0.0,0.0,0.0,0.0,0.0,0.0,0.0,0.0,0.0,,67.9,20.38,22.2,92.05,29.6,93.89,90.97,,,,,,50,
2025-08-12,92.8,0.0,1980.2,39.1,10.0,0.2,0.1,0.0,0.0,5.1,314.5,256.2,15.2,119.6,148.1,166.0,18.0,4.2,1.4000000000000001,0.0,0.0,0.0,110.0,20.0,0.0,0.0,0.0,0.0,0.0,92.8,0.0,,0.0,,0.0,0.0,0.0,0.0,0.0,0.0,0.0,0.0,0.0,0.0,0.0,0.0,0.0,0.0,0.0,0.0,0.0,0.0,0.0,0.0,,67.9,20.38,22.2,92.3,29.57,93.81,90.93,,,,15400.0,,50,2011.0
2025-08-13,93.4,0.0,1660.4,35.4,7.4,1.9,3.7,0.0,372.0,144.1,226.5,151.3,10.7,55.5,178.9,42.3,106.5,6.1,10.7,0.0,0.0,0.0,0.0,0.0,0.0,0.0,0.0,0.0,0.0,93.4,0.0,,0.0,,0.0,0.0,0.0,0.0,0.0,0.0,0.0,0.0,0.0,0.0,0.0,0.0,0.0,0.0,0.0,0.0,0.0,0.0,0.0,0.0,,67.9,20.38,22.2,92.58,29.53,93.74,90.89,-4200.0,,,9800.0,,50,2018.0
2025-08-14,93.1,0.0,1783.3,49.4,21.1,1.1,7.3,0.0,455.0,239.6,1529.5,185.0,13.1,71.80000000000001,161.79999999999998,42.0,297.3,18.599999999999998,25.3,0.0,0.0,0.0,381.0,75.0,0.0,0.0,0.0,0.0,0.0,93.1,0.0,,0.0,,0.0,0.0,0.0,0.0,0.0,0.0,0.0,0.0,0.0,0.0,0.0,0.0,0.0,0.0,0.0,0.0,0.0,0.0,0.0,0.0,,67.9,20.38,22.2,92.68,29.5,93.67,90.84,2100.0,,,12600.0,,50,2014.0
2025-08-15,92.5,0.0,1736.6999999999998,47.9,20.1,2.0,14.0,0.0,527.5,246.0,532.0,116.2,9.6,42.2,196.7,0.0,0.0,0.0,0.0,0.0,0.0,0.0,569.0,85.0,0.0,0.0,0.0,0.0,0.0,92.5,0.0,,0.0,,0.0,0.0,0.0,0.0,0.0,0.0,0.0,0.0,0.0,0.0,0.0,0.0,0.0,0.0,0.0,0.0,0.0,0.0,0.0,0.0,,67.9,20.38,22.2,92.65,29.47,93.6,90.8,4200.0,,,13300.0,,50,2008.0
2025-08-16,92.5,0.0,1951.7,26.7,3.9000000000000004,1.1,7.0,0.0,164.9,148.7,1110.6,196.4,15.3,105.4,221.0,0.0,65.3,9.2,21.3,0.0,0.0,0.0,456.0,90.0,0.0,0.0,0.0,0.0,0.0,92.5,0.0,,0.0,,0.0,0.0,0.0,0.0,0.0,0.0,0.0,0.0,0.0,0.0,0.0,0.0,0.0,0.0,0.0,0.0,0.0,0.0,0.0,0.0,,67.9,20.38,22.2,92.68,29.43,93.53,90.76,0.0,,,11900.0,,50,2008.0
2025-08-17,92.9,0.0,1658.9,25.400000000000002,5.2,0.1,0.0,0.0,0.0,4.8,253.2,195.4,19.8,70.2,164.7,112.7,139.3,0.8,4.8,0.0,0.0,0.0,515.0,79.0,0.0,0.0,0.0,0.0,0.0,92.9,0.0,,0.0,,0.0,0.0,0.0,0.0,0.0,0.0,0.0,0.0,0.0,0.0,0.0,0.0,0.0,0.0,0.0,0.0,0.0,0.0,0.0,0.0,,,,,92.87,29.4,93.46,90.71,-2800.0,,,7700.0,,50,2012.0
2025-08-18,92.2,0.0,1572.1,40.0,11.0,3.8,7.3,0.1,744.0,393.29999999999995,860.5,95.4,5.4,67.6,203.4,53.1,106.5,11.7,20.4,0.0,0.0,0.0,0.0,0.0,0.0,0.0,0.0,0.0,0.0,92.2,0.0,,0.0,,0.0,0.0,0.0,0.0,0.0,0.0,0.0,0.0,0.0,0.0,0.0,0.0,0.0,0.0,0.0,0.0,0.0,0.0,0.0,0.0,,,,,92.77,29.37,93.39,90.67,4900.0,,,,,50,2004.0
2025-08-19,92.9,0.0,1503.1,33.6,12.0,2.9,5.5,0.1,758.0,216.0,369.5,146.5,6.300000000000001,75.3,146.2,47.7,106.5,8.9,15.6,0.0,0.0,0.0,0.0,0.0,0.0,0.0,0.0,0.0,0.0,92.9,0.0,,0.0,,0.0,0.0,0.0,0.0,0.0,0.0,0.0,0.0,0.0,0.0,0.0,0.0,0.0,0.0,0.0,0.0,0.0,0.0,0.0,0.0,,,,,92.79,29.33,93.31,90.63,-4900.0,,,,,50,2012.0
2025-08-20,91.8,0.0,1762.9,18.9,3.3,0.0,0.0,0.0,0.0,0.4,0.0,188.5,15.2,97.8,205.89999999999998,0.0,0.0,0.0,0.0,0.0,200.0,0.0,221.0,40.0,0.0,0.0,0.0,0.0,0.0,91.8,0.0,,0.0,,0.0,0.0,0.0,0.0,0.0,0.0,0.0,0.0,0.0,0.0,0.0,0.0,0.0,0.0,0.0,0.0,0.0,0.0,0.0,0.0,,,,,92.56,29.3,93.24,90.59,7700.0,,,,,50,2000.0
2025-08-21,92.0,0.0,1436.3,27.6,10.5,1.1,7.0,0.0,200.0,1.4,181.0,129.60000000000002,12.0,76.1,169.29999999999998,0.0,7.7,0.6,0.7,0.0,0.0,0.0,0.0,0.0,0.0,0.0,0.0,0.0,0.0,92.0,0.0,,0.0,,0.0,0.0,0.0,0.0,0.0,0.0,0.0,0.0,0.0,0.0,0.0,0.0,0.0,0.0,0.0,0.0,0.0,0.0,0.0,0.0,,,,,92.4,29.27,93.17,90.54,-1400.0,,,,,50,2002.0
2025-08-22,0.0,0.0,1871.1,55.900000000000006,35.5,1.2,7.0,0.0,1127.5,276.7,1184.1,132.5,5.3999999999999995,59.900000000000006,192.39999999999998,153.1,517.6,2.4,4.9,0.0,0.0,0.0,150.0,30.0,0.0,0.0,0.0,0.0,0.0,,0.0,,0.0,,0.0,0.0,0.0,0.0,0.0,0.0,0.0,0.0,0.0,0.0,0.0,0.0,0.0,0.0,0.0,0.0,0.0,0.0,0.0,0.0,,,,,92.38,29.23,93.1,90.5,,,,,,50,
2025-08-23,0.0,0.0,1980.3999999999999,74.5,38.7,2.1,14.0,0.0,1000.0,295.0,637.5,150.6,6.2,71.6,173.89999999999998,0.0,19.2,1.5,1.7,0.0,0.0,0.0,257.0,57.0,0.0,0.0,0.0,0.0,0.0,,0.0,,0.0,,0.0,0.0,0.0,0.0,0.0,0.0,0.0,0.0,0.0,0.0,0.0,0.0,0.0,0.0,0.0,0.0,0.0,0.0,0.0,0.0,,,,,92.36,29.2,93.03,90.46,,,,,,50,
2025-08-24,0.0,0.0,1839.1,51.0,24.7,0.5,3.6,0.0,555.0,59.0,548.0,184.20000000000002,0.0,44.9,148.3,0.0,0.0,0.0,0.0,0.0,400.0,0.0,421.0,60.0,0.0,0.0,0.0,0.0,0.0,,0.0,,0.0,,0.0,0.0,0.0,0.0,0.0,0.0,0.0,0.0,0.0,0.0,0.0,0.0,0.0,0.0,0.0,0.0,0.0,0.0,0.0,0.0,,,,,92.22,29.17,92.96,90.41,,,,,,50,
2025-08-25,92.3,0.0,1509.6,28.8,10.5,2.9,5.5,0.1,558.0,800.0,295.5,163.1,17.200000000000003,93.3,151.0,47.7,106.5,8.9,15.6,0.0,0.0,0.0,0.0,0.0,0.0,0.0,0.0,0.0,0.0,92.3,0.0,,0.0,,0.0,0.0,0.0,0.0,0.0,0.0,0.0,0.0,0.0,0.0,0.0,0.0,0.0,0.0,0.0,0.0,0.0,0.0,0.0,0.0,,,,,92.25,29.13,92.89,90.37,,,,,,50,2005.0
2025-08-26,92.0,0.0,1507.3,23.7,8.4,2.9,5.5,0.1,558.0,215.0,295.5,171.0,1.1,117.2,144.5,47.7,106.5,8.9,15.6,0.0,0.0,0.0,0.0,0.0,0.0,0.0,0.0,0.0,0.0,92.0,0.0,,0.0,,0.0,0.0,0.0,0.0,0.0,0.0,0.0,0.0,0.0,0.0,0.0,0.0,0.0,0.0,0.0,0.0,0.0,0.0,0.0,0.0,,,,,92.02,29.1,92.81,90.33,2100.0,,,,,50,2002.0
2025-08-27,91.8,0.0,2307.4,73.1,2.7,1.0,7.0,0.0,0.0,605.0,0.0,230.4,3.9,63.7,182.5,0.0,0.0,0.0,40.5,0.0,0.0,0.0,543.0,70.0,0.0,0.0,0.0,0.0,0.0,91.8,0.0,,0.0,,0.0,0.0,0.0,0.0,0.0,0.0,0.0,0.0,0.0,0.0,0.0,0.0,0.0,0.0,0.0,0.0,0.0,0.0,0.0,0.0,,,,,92.02,29.07,92.74,90.29,1400.0,,,,,50,2000.0
2025-08-28,92.0,0.0,1990.8,40.2,19.6,0.1,0.1,0.0,0.0,0.0,208.0,263.2,1.7,80.1,138.0,332.0,5.4,6.0,0.3,0.0,0.0,0.0,0.0,0.0,0.0,0.0,0.0,0.0,0.0,92.0,0.0,,0.0,,0.0,0.0,0.0,0.0,0.0,0.0,0.0,0.0,0.0,0.0,0.0,0.0,0.0,0.0,0.0,0.0,0.0,0.0,0.0,0.0,,,,,92.02,29.03,92.67,90.24,-1400.0,,,,,50,2002.0
2025-08-29,92.3,0.0,1610.9,22.8,8.9,1.1,7.1,0.0,110.5,96.2,533.8,129.3,1.7,104.80000000000001,200.0,332.0,5.4,6.0,0.3,0.0,0.0,0.0,0.0,0.0,0.0,0.0,0.0,0.0,0.0,92.3,0.0,,0.0,,0.0,0.0,0.0,0.0,0.0,0.0,0.0,0.0,0.0,0.0,0.0,0.0,0.0,0.0,0.0,0.0,0.0,0.0,0.0,0.0,,,,,92.08,29.0,92.6,90.2,-2100.0,,,,,50,2005.0
2025-08-30,92.2,0.0,1831.3000000000002,52.400000000000006,20.5,1.0,7.0,0.0,500.0,1.4,221.5,144.7,10.5,39.1,196.3,0.0,0.0,0.0,0.0,0.0,0.0,0.0,150.0,30.0,0.0,0.0,0.0,0.0,0.0,92.2,0.0,,0.0,,0.0,0.0,0.0,0.0,0.0,0.0,0.0,0.0,0.0,0.0,0.0,0.0,0.0,0.0,0.0,0.0,0.0,0.0,0.0,0.0,,,,,92.1,28.97,92.53,90.16,700.0,,,,,50,2004.0
2025-08-31,92.3,0.0,1859.1,44.8,14.6,1.0,7.0,0.0,200.0,300.4,74.0,184.0,6.2,50.1,175.10000000000002,0.0,0.0,0.5,1.8,0.0,0.0,0.0,507.0,87.0,0.0,0.0,0.0,0.0,0.0,92.7,29.3,24.5,12.0,66.5,0.0,3.5,0.0,51.0,53.9,0.0,4.0,4.3,10.7,10.9,36.6,0.0,0.0,0.0,0.0,20.4,19.0,24.8,22.2,26.1,22.71,66.5,22.71,24.5,92.19,28.93,92.46,90.11,-3500.0,,,,,50,2010.0
2025-09-01,91.7,0.0,1489.0,22.299999999999997,5.7,0.5,3.5,0.0,0.0,900.0,0.0,159.1,12.5,69.6,165.4,0.0,0.0,1.5,5.3,0.0,0.0,0.0,0.0,0.0,0.0,0.0,0.0,0.0,0.0,91.7,0.0,,0.0,,0.0,0.0,0.0,0.0,0.0,0.0,0.0,0.0,0.0,0.0,0.0,0.0,0.0,0.0,0.0,0.0,0.0,0.0,0.0,0.0,,66.5,22.71,24.5,92.1,28.9,92.39,90.07,7000.0,,,,,50,1999.0
2025-09-02,92.1,0.0,1801.2,37.1,10.7,2.9,5.5,0.1,558.0,215.1,295.5,152.39999999999998,1.1,87.7,218.5,47.7,106.5,8.9,15.6,0.0,400.0,0.0,531.0,80.0,0.0,0.0,0.0,0.0,0.0,92.1,0.0,,0.0,,0.0,0.0,0.0,0.0,0.0,0.0,0.0,0.0,0.0,0.0,0.0,0.0,0.0,0.0,0.0,0.0,0.0,0.0,0.0,0.0,,66.5,22.71,24.5,92.11,28.87,92.31,90.03,-2800.0,,,,,50,2003.0
2025-09-03,91.8,0.0,1867.0,54.0,14.2,3.4,9.0,0.1,758.0,801.4,406.0,169.1,14.9,66.3,179.9,47.7,106.5,8.9,15.6,0.0,0.0,0.0,110.0,20.0,0.0,0.0,0.0,0.0,0.0,91.8,0.0,,0.0,,0.0,0.0,0.0,0.0,0.0,0.0,0.0,0.0,0.0,0.0,0.0,0.0,0.0,0.0,0.0,0.0,0.0,0.0,0.0,0.0,,66.5,22.71,24.5,92.11,28.83,92.24,89.99,2100.0,,,,,50,2000.0
2025-09-04,91.6,0.0,1486.1,33.2,14.600000000000001,0.6,3.6,0.0,200.0,360.6,275.0,111.10000000000001,7.7,82.4,187.0,332.0,5.4,6.0,0.3,0.0,0.0,0.0,0.0,0.0,0.0,0.0,0.0,0.0,0.0,91.6,0.0,,0.0,,0.0,0.0,0.0,0.0,0.0,0.0,0.0,0.0,0.0,0.0,0.0,0.0,0.0,0.0,0.0,0.0,0.0,0.0,0.0,0.0,,66.5,22.71,24.5,92.06,28.8,92.17,89.94,1400.0,6159.0,52345.0,,,50,1998.0
2025-09-05,91.3,0.0,1327.4,38.5,20.9,1.0,7.0,0.0,600.0,0.0,222.0,88.9,0.0,68.0,151.2,0.0,0.0,0.0,0.0,0.0,0.0,0.0,0.0,0.0,0.0,0.0,0.0,0.0,0.0,91.3,0.0,,0.0,,0.0,0.0,0.0,0.0,0.0,0.0,0.0,0.0,0.0,0.0,0.0,0.0,0.0,0.0,0.0,0.0,0.0,0.0,0.0,0.0,,66.5,22.71,24.5,91.91,28.77,92.1,89.9,2100.0,5928.0,51752.0,,,50,1994.0
2025-09-06,91.2,0.0,2001.1,59.599999999999994,14.799999999999999,0.0,0.0,0.0,200.0,0.5,74.0,169.7,5.6000000000000005,35.2,190.0,0.0,0.0,0.0,0.0,0.0,0.0,0.0,719.0,115.0,0.0,0.0,0.0,0.0,0.0,91.2,0.0,,0.0,,0.0,0.0,0.0,0.0,0.0,0.0,0.0,0.0,0.0,0.0,0.0,0.0,0.0,0.0,0.0,0.0,0.0,0.0,0.0,0.0,,66.5,22.71,24.5,91.77,28.73,92.03,89.86,700.0,6147.0,51809.0,,,50,1993.0
2025-09-07,92.1,0.0,1562.9,32.5,5.8,0.5,3.5,0.0,0.0,0.0,0.0,152.20000000000002,11.200000000000001,48.3,161.4,0.0,0.0,0.0,0.0,0.0,200.0,0.0,221.0,40.0,0.0,0.0,0.0,0.0,0.0,92.5,29.2,25.6,12.0,65.4,0.0,3.4,0.0,55.0,53.0,0.0,4.0,4.2,10.6,10.7,35.9,0.0,0.0,0.0,0.0,19.8,19.7,25.4,23.2,27.6,23.68,65.4,23.68,25.6,91.74,28.7,91.96,89.81,-9100.0,6368.0,51578.0,,,50,2008.0
2025-09-08,92.2,0.0,1391.3,22.6,3.5,0.1,0.1,0.0,153.0,133.2,661.8,84.6,1.7,63.2,191.1,332.0,5.4,6.0,0.3,0.0,0.0,0.0,490.0,79.0,0.0,0.0,0.0,0.0,0.0,92.3,29.1,21.8,11.0,68.6,0.0,3.6,0.0,41.0,56.2,0.0,3.9,4.5,10.5,10.9,38.8,0.0,0.0,0.0,0.0,20.8,17.2,25.6,21.7,21.3,20.12,67.0,21.9,23.7,91.83,28.67,91.89,89.77,1400.0,6858.0,51813.0,0.0,1498.0,50,2005.0
2025-09-09,0.0,0.0,1377.9,22.0,2.4,0.1,0.1,0.0,0.0,506.8,713.0,135.9,6.9,66.3,163.89999999999998,360.0,193.4,17.6,16.3,0.0,0.0,0.0,0.0,0.0,0.0,0.0,0.0,0.0,0.0,91.7,28.9,24.8,12.0,65.5,0.0,3.4,0.0,52.0,53.6,0.0,3.9,4.3,10.6,10.7,36.0,0.0,0.0,0.0,0.0,20.7,18.3,24.6,22.9,26.5,22.74,66.5,22.18,24.07,91.77,28.63,91.81,89.73,4200.0,6351.0,51092.0,700.0,1515.0,50,1999.0
2025-09-10,91.8,0.0,1551.7,36.2,13.1,0.6,3.6,0.0,200.0,6.7,275.0,151.7,6.5,75.1,161.1,332.0,5.4,6.0,0.3,0.0,50.0,0.0,160.0,35.0,0.0,0.0,0.0,0.0,0.0,91.8,29.0,25.6,12.0,65.0,0.0,3.4,0.0,55.0,53.0,0.0,4.2,3.7,10.6,10.7,35.8,0.0,0.0,0.0,0.0,17.4,24.6,24.6,22.9,27.5,23.5,66.12,22.51,24.45,91.77,28.6,91.74,89.69,-700.0,6511.0,51208.0,,,50,2000.0
2025-09-11,91.3,0.0,1997.5,61.1,27.8,5.8,11.0,0.2,1516.0,432.59999999999997,739.0,187.0,15.6,82.7,176.9,95.4,213.0,17.8,67.2,0.0,0.0,0.0,507.0,87.0,0.0,0.0,0.0,0.0,0.0,91.1,28.8,25.2,12.0,64.8,0.0,3.4,0.0,53.0,53.3,0.0,3.8,4.2,10.4,10.5,35.9,0.0,0.0,0.0,0.0,21.1,18.4,25.6,23.6,26.6,22.96,65.86,22.6,24.6,91.7,28.57,91.67,89.64,4900.0,6908.0,51226.0,11900.0,1874.0,50,1992.0
2025-09-12,91.4,0.0,1712.1,15.1,9.0,0.0,0.0,0.0,200.0,36.6,375.2,185.3,5.2,127.8,173.9,0.0,0.0,2.6,0.2,0.0,0.0,0.0,150.0,30.0,0.0,0.0,0.0,0.0,0.0,91.1,28.8,26.8,12.0,63.4,0.0,3.3,0.0,59.0,51.9,0.0,3.7,4.4,10.4,10.5,34.4,0.0,0.0,0.0,0.0,22.9,17.2,25.6,24.2,29.3,24.41,65.45,22.9,24.97,91.67,28.53,91.6,89.6,0.0,7058.0,51277.0,16100.0,2011.0,50,1992.0
2025-09-13,90.7,0.0,1622.5,27.9,8.7,1.4,9.8,0.0,86.6,123.99999999999999,148.4,163.7,4.6,90.80000000000001,145.0,1.8,1.9,2.7,5.0,0.0,0.0,0.0,0.0,0.0,0.0,0.0,0.0,0.0,0.0,90.2,28.5,26.5,12.0,63.0,0.0,3.3,0.0,59.0,52.0,0.0,3.8,3.8,10.4,10.5,34.5,0.0,0.0,0.0,0.0,21.0,21.9,24.8,23.3,29.0,23.9,65.1,23.04,25.19,91.53,28.5,91.53,89.56,6300.0,6677.0,51116.0,20300.0,2158.0,50,1982.0
2025-09-14,91.2,0.0,1567.3000000000002,48.4,14.899999999999999,0.5,3.5,0.0,265.5,159.9,890.0,183.2,10.4,39.5,103.5,21.0,141.0,8.7,12.0,0.0,700.0,0.0,738.0,120.0,0.0,0.0,0.0,0.0,0.0,90.7,28.6,25.5,12.0,64.2,0.0,3.4,0.0,55.0,52.9,0.0,3.5,5.1,10.2,10.6,34.8,0.0,0.0,0.0,0.0,25.2,12.5,26.6,22.8,27.6,23.13,64.93,22.97,25.17,91.27,28.47,91.46,89.51,-3500.0,6846.0,50947.0,12600.0,1890.0,50,1987.0
2025-09-15,90.7,0.0,1265.3,25.2,12.5,3.1,5.7,0.1,758.0,215.3,771.5,113.4,4.5,92.3,143.79999999999998,711.7,117.3,20.9,16.2,0.0,0.0,0.0,0.0,0.0,0.0,0.0,0.0,0.0,0.0,91.0,28.7,23.4,11.0,66.3,0.0,3.4,0.0,47.0,54.7,0.0,4.0,4.2,10.5,10.7,36.9,0.0,0.0,0.0,0.0,19.1,18.6,24.5,21.9,24.5,21.29,64.6,23.13,25.4,91.09,28.43,91.39,89.47,-2100.0,6390.0,50261.0,10500.0,1812.0,50,1991.0
2025-09-16,90.1,0.0,1272.2,28.7,7.4,2.9,5.5,0.1,558.0,215.0,295.5,111.2,1.1,54.2,137.2,47.7,106.5,8.9,15.6,0.0,0.0,0.0,0.0,0.0,0.0,0.0,0.0,0.0,0.0,90.5,28.6,26.5,12.0,63.2,0.0,3.3,0.0,59.0,52.1,0.0,3.8,4.1,10.4,10.7,34.2,0.0,0.0,0.0,0.0,20.5,19.5,25.4,21.9,29.6,23.98,64.27,23.31,25.64,90.91,28.4,91.31,89.43,3500.0,5875.0,49874.0,16800.0,2027.0,50,1985.0
2025-09-17,90.1,0.0,2246.0,38.4,12.1,0.1,0.1,0.0,0.0,3.6,201.0,258.8,16.6,74.2,221.5,332.0,5.4,6.0,18.3,0.0,0.0,0.0,481.0,70.0,0.0,0.0,0.0,0.0,0.0,90.5,28.6,26.0,12.0,63.7,0.0,3.3,0.0,57.0,52.6,0.0,3.8,4.1,10.4,10.6,34.8,0.0,0.0,0.0,0.0,21.0,19.8,25.0,22.3,28.4,23.53,64.09,23.31,25.7,90.73,28.37,91.24,89.39,0.0,6356.0,50548.0,11900.0,1870.0,50,1985.0
2025-09-18,91.2,0.0,1633.9,27.200000000000003,10.0,0.0,0.0,0.0,200.0,2.8,74.0,162.4,7.9,77.80000000000001,182.7,0.0,0.0,0.0,0.0,0.0,0.0,0.0,150.0,30.0,0.0,0.0,0.0,0.0,0.0,91.1,28.7,23.7,11.0,66.1,0.0,3.4,0.0,48.0,54.5,0.0,4.0,4.1,10.4,10.7,36.9,0.0,0.0,0.0,0.0,19.1,20.1,25.7,22.5,24.2,21.59,64.27,23.12,25.49,90.73,28.33,91.17,89.34,-4200.0,6506.0,50679.0,12600.0,1892.0,50,1992.0
2025-09-19,0.0,0.0,1789.5,7.5,4.5,0.0,0.0,0.0,0.0,0.0,0.0,99.60000000000001,0.0,88.80000000000001,137.39999999999998,0.0,0.0,0.0,0.0,0.0,0.0,0.0,0.0,0.0,0.0,0.0,0.0,0.0,0.0,90.6,28.6,25.2,12.0,64.4,0.0,3.4,0.0,54.0,53.2,0.0,3.2,5.5,10.4,10.6,34.7,0.0,0.0,0.0,0.0,29.6,10.1,25.5,22.6,27.5,22.83,64.41,22.89,25.26,90.66,28.3,91.1,89.3,3500.0,6285.0,50705.0,8400.0,1761.0,50,1986.0
2025-09-20,0.0,0.0,1800.0,0.0,0.0,0.0,0.0,0.0,0.0,0.0,0.0,0.0,0.0,0.0,0.0,0.0,0.0,0.0,0.0,0.0,0.0,0.0,0.0,0.0,0.0,0.0,0.0,0.0,0.0,,0.0,,0.0,,0.0,0.0,0.0,0.0,0.0,0.0,0.0,0.0,0.0,0.0,0.0,0.0,0.0,0.0,0.0,0.0,0.0,0.0,0.0,0.0,,64.65,22.72,25.05,90.73,28.27,91.03,89.26,,6285.0,51069.0,,,50,
2025-09-21,0.0,0.0,1800.0,0.0,0.0,0.0,0.0,0.0,0.0,0.0,0.0,0.0,0.0,0.0,0.0,0.0,0.0,0.0,0.0,0.0,0.0,0.0,0.0,0.0,0.0,0.0,0.0,0.0,0.0,,0.0,,0.0,,0.0,0.0,0.0,0.0,0.0,0.0,0.0,0.0,0.0,0.0,0.0,0.0,0.0,0.0,0.0,0.0,0.0,0.0,0.0,0.0,,64.74,22.64,24.96,90.74,28.23,90.96,89.21,,6135.0,50998.0,,,50,
2025-09-22,89.9,0.0,1976.7,44.1,11.4,0.0,0.0,0.0,0.0,0.0,0.0,160.4,0.0,108.80000000000001,226.8,0.0,0.0,0.0,0.0,0.0,0.0,0.0,507.0,87.0,0.0,0.0,0.0,0.0,0.0,89.8,28.3,24.8,12.0,64.2,0.0,3.3,0.0,52.0,53.5,0.0,4.2,4.1,10.4,10.5,35.0,0.0,0.0,0.0,0.0,16.1,19.2,24.3,22.9,27.0,22.27,64.32,22.84,25.24,90.5,28.2,90.89,89.17,,6385.0,50994.0,,,50,1977.0
2025-09-23,90.2,0.0,1464.7,55.2,12.399999999999999,2.9,5.5,0.1,758.0,215.0,369.5,104.4,10.9,36.9,138.39999999999998,47.7,106.5,8.9,15.6,0.0,0.0,0.0,0.0,0.0,0.0,0.0,0.0,0.0,0.0,90.4,28.5,24.4,11.0,64.9,0.0,3.4,0.0,51.0,53.8,0.0,3.5,5.0,10.6,10.6,35.2,0.0,0.0,0.0,0.0,24.1,12.7,23.3,22.1,26.9,22.06,64.66,22.46,24.82,90.48,28.17,90.81,89.13,-4200.0,5964.0,50620.0,,,50,1984.0
2025-09-24,90.4,0.0,1404.1,36.4,9.5,0.6,3.6,0.0,200.0,2.1,275.0,160.10000000000002,8.0,57.2,122.4,332.0,5.4,6.0,0.3,0.0,0.0,0.0,0.0,0.0,0.0,0.0,0.0,0.0,0.0,90.4,28.5,25.4,12.0,64.1,0.0,3.3,0.0,54.0,53.0,0.0,4.0,4.2,10.5,10.6,34.8,0.0,0.0,0.0,0.0,18.9,18.7,23.8,22.7,28.0,22.96,64.74,22.34,24.7,90.46,28.13,90.74,89.09,0.0,5964.0,50514.0,13300.0,1928.0,50,1984.0
2025-09-25,90.1,0.0,1352.5,49.6,3.1,1.9,4.9,0.0,147.1,498.9,570.6,149.9,7.800000000000001,33.5,108.4,0.0,108.8,3.7,8.5,0.0,0.0,0.0,0.0,0.0,0.0,0.0,0.0,0.0,0.0,90.5,28.6,24.2,11.0,65.2,0.0,3.4,0.0,50.0,54.0,0.0,3.9,4.1,10.5,10.7,36.0,0.0,0.0,0.0,0.0,19.4,19.1,24.1,21.8,26.0,21.9,64.56,22.4,24.8,90.34,28.1,90.67,89.04,-700.0,5964.0,50359.0,10500.0,1830.0,50,1985.0
2025-09-26,90.1,0.0,1521.4,36.8,12.1,0.5,3.5,0.0,200.0,134.0,758.0,126.4,4.0,74.2,171.2,0.0,0.0,0.0,0.0,0.0,0.0,0.0,250.0,30.0,0.0,0.0,0.0,0.0,0.0,90.5,28.6,24.9,12.0,64.6,0.0,3.4,0.0,53.0,53.4,0.0,4.1,3.8,10.4,10.6,35.7,0.0,0.0,0.0,0.0,17.4,22.4,24.9,22.1,26.7,22.53,64.6,22.34,24.74,90.32,28.07,90.6,89.0,0.0,5671.0,49573.0,9100.0,1767.0,50,1985.0
2025-09-27,90.4,0.0,1366.9,33.599999999999994,6.300000000000001,1.0,7.0,0.0,0.0,0.0,0.0,113.2,0.4,46.5,141.89999999999998,0.0,0.0,0.0,0.0,0.0,0.0,0.0,110.0,20.0,0.0,0.0,0.0,0.0,0.0,90.5,28.6,24.5,11.0,64.9,0.0,3.4,0.0,51.0,53.8,0.0,4.1,3.7,10.5,10.5,36.1,0.0,0.0,0.0,0.0,18.1,23.2,24.2,23.0,25.8,22.17,64.65,22.32,24.7,90.35,28.03,90.53,88.96,0.0,5781.0,48950.0,10500.0,1789.0,50,1985.0
2025-09-28,89.7,0.0,2057.6,39.8,10.1,0.5,3.5,0.0,0.0,0.0,0.0,204.60000000000002,0.5,78.9,211.4,0.0,0.0,0.0,0.0,0.0,300.0,0.0,550.0,100.0,0.0,0.0,0.0,0.0,0.0,90.1,28.4,25.7,12.0,63.6,0.0,3.3,0.0,56.0,52.8,0.0,3.7,4.3,10.2,10.5,34.9,0.0,0.0,0.0,0.0,22.2,17.1,26.0,22.9,27.7,23.16,64.5,22.44,24.84,90.31,28.0,90.46,88.91,2800.0,6331.0,49396.0,15400.0,1949.0,50,1981.0
2025-09-29,90.3,0.0,1092.6,37.1,9.9,2.0,14.0,0.0,200.0,0.4,74.0,75.10000000000001,4.9,32.0,115.4,0.0,0.0,0.0,0.0,0.0,0.0,0.0,0.0,0.0,0.0,0.0,0.0,0.0,0.0,90.5,28.6,25.4,12.0,64.2,0.0,3.3,0.0,54.0,53.1,0.0,3.9,4.0,10.4,10.7,35.2,0.0,0.0,0.0,0.0,19.7,20.7,24.7,21.9,27.6,22.99,64.5,22.54,24.93,90.41,27.97,90.39,88.87,-2800.0,6181.0,48658.0,11900.0,1813.0,50,1985.0
2025-09-30,0.0,0.0,1663.8,54.099999999999994,21.1,3.0,5.6,0.1,558.0,219.5,496.5,144.8,5.1,92.4,143.39999999999998,379.7,111.9,14.9,15.9,0.0,400.0,0.0,451.0,60.0,0.0,0.0,0.0,0.0,0.0,90.0,28.4,26.4,12.0,63.0,0.0,3.3,0.0,58.0,52.2,0.0,3.7,4.0,10.6,10.4,34.3,0.0,0.0,0.0,0.0,21.6,19.7,23.3,23.3,29.3,23.76,64.23,22.78,25.21,90.36,27.93,90.31,88.83,3500.0,6125.0,48462.0,18900.0,2041.0,50,1980.0
2025-10-01,0.0,0.0,1804.1999999999998,74.9,14.899999999999999,2.0,14.0,0.0,229.4,1032.1,110.5,155.2,8.5,54.800000000000004,131.6,0.0,0.0,0.0,0.0,0.0,0.0,0.0,0.0,0.0,0.0,0.0,0.0,0.0,0.0,90.1,28.4,26.4,12.0,63.1,0.0,3.3,0.0,58.0,52.2,0.0,3.7,4.2,10.5,10.5,34.2,0.0,0.0,0.0,0.0,22.0,18.1,24.1,22.6,29.4,23.79,64.09,22.9,25.36,90.31,27.9,90.24,88.79,-700.0,6125.0,48777.0,11200.0,1795.0,50,1981.0
2025-10-02,90.3,0.0,1152.3,15.1,2.6,0.0,0.0,0.0,0.0,0.3,0.0,125.7,10.6,78.80000000000001,129.5,0.0,0.0,0.0,0.0,0.0,0.0,0.0,0.0,0.0,0.0,0.0,0.0,0.0,0.0,90.0,28.4,25.6,12.0,63.6,0.0,3.3,0.0,55.0,52.8,0.0,4.1,4.0,10.5,10.5,34.5,0.0,0.0,0.0,0.0,17.5,20.4,23.9,22.5,28.4,23.04,63.86,23.06,25.56,90.24,27.87,90.17,88.74,700.0,5594.0,48128.0,14700.0,1908.0,50,1980.0
2025-10-03,89.7,0.0,1513.8000000000002,42.2,13.200000000000001,1.0,7.0,0.0,200.0,0.4,74.0,149.2,0.4,44.7,125.0,0.0,0.0,0.0,0.0,0.0,0.0,0.0,0.0,0.0,0.0,0.0,0.0,0.0,0.0,89.6,28.3,26.0,12.0,63.0,0.0,3.3,0.0,57.0,52.5,0.0,3.8,4.1,10.1,10.4,34.6,0.0,0.0,0.0,0.0,20.2,19.1,26.3,23.2,28.0,23.3,63.63,23.17,25.71,90.11,27.83,90.1,88.7,2800.0,5484.0,47775.0,15400.0,1923.0,50,1975.0
2025-10-04,89.1,0.0,2117.2,54.9,19.4,0.0,0.0,0.0,68.8,73.8,453.8,187.7,5.7,61.099999999999994,214.7,196.1,170.0,31.3,58.7,0.0,0.0,0.0,507.0,87.0,0.0,0.0,0.0,0.0,0.0,89.6,28.3,26.0,12.0,63.0,0.0,3.3,0.0,57.0,52.4,0.0,3.6,4.3,10.5,10.4,34.2,0.0,0.0,0.0,0.0,23.2,16.8,23.0,22.9,29.1,23.3,63.36,23.33,25.93,89.99,27.8,90.03,88.66,0.0,5991.0,48406.0,14000.0,1880.0,50,1975.0
2025-10-05,90.0,0.0,1368.3000000000002,28.4,6.8,0.1,0.0,0.0,0.0,6.0,265.5,149.7,3.6999999999999997,44.7,122.7,94.5,319.5,1.5,3.0,0.0,0.0,0.0,0.0,0.0,0.0,0.0,0.0,0.0,0.0,89.8,28.4,25.4,12.0,63.7,0.0,3.3,0.0,55.0,53.0,0.0,3.8,3.9,10.4,10.6,35.0,0.0,0.0,0.0,0.0,20.7,20.5,24.2,21.7,27.8,22.81,63.37,23.28,25.89,89.94,27.77,89.96,88.61,-1400.0,5991.0,48447.0,10500.0,1765.0,50,1977.0
2025-10-06,89.6,0.0,1325.4,40.0,14.0,3.5,9.0,0.1,758.0,217.2,754.2,123.5,9.2,49.800000000000004,118.1,47.7,130.1,9.5,15.6,0.0,0.0,0.0,0.0,0.0,0.0,0.0,0.0,0.0,0.0,89.6,28.3,23.8,11.0,64.9,0.0,3.4,0.0,49.0,54.3,0.0,3.8,4.4,10.2,10.5,36.0,0.0,0.0,0.0,0.0,20.0,16.6,25.4,22.2,25.0,21.32,63.47,23.05,25.66,89.81,27.73,89.89,88.57,1400.0,5272.0,47772.0,11200.0,1790.0,50,1975.0
2025-10-07,89.6,0.0,1578.2,21.0,12.4,0.1,0.0,0.0,200.0,1598.4,288.0,199.6,9.2,104.8,153.6,0.0,15.3,3.9000000000000004,10.600000000000001,0.0,0.0,0.0,0.0,0.0,0.0,0.0,0.0,0.0,0.0,89.5,28.2,26.1,12.0,62.9,0.0,3.3,0.0,57.0,52.4,0.0,3.8,4.0,10.3,10.7,34.1,0.0,0.0,0.0,0.0,20.7,19.9,24.7,20.3,29.3,23.36,63.46,22.99,25.61,89.74,27.7,89.81,88.53,700.0,5051.0,47787.0,21000.0,2125.0,50,1974.0
2025-10-08,89.9,0.0,1493.5,21.9,8.5,1.9,3.7,0.0,372.0,1679.0,226.5,159.4,3.9,92.60000000000001,160.1,42.3,106.5,6.1,10.7,0.0,0.0,0.0,0.0,0.0,0.0,0.0,0.0,0.0,0.0,89.9,28.4,25.6,12.0,63.6,0.0,3.3,0.0,55.0,52.8,0.0,3.8,4.1,10.6,10.7,34.4,0.0,0.0,0.0,0.0,20.8,19.1,23.2,21.3,28.7,23.01,63.53,22.88,25.5,89.71,27.67,89.74,88.49,-2800.0,4561.0,47889.0,16800.0,2004.0,50,1978.0
2025-10-09,88.8,0.0,1324.7,34.5,9.8,2.2,7.8,0.0,200.0,5.6,405.6,144.9,11.2,69.5,120.6,0.2,15.4,1.9,3.7,0.0,0.0,0.0,0.0,0.0,0.0,0.0,0.0,0.0,0.0,89.3,28.2,26.8,12.0,62.1,0.0,3.2,0.0,60.0,51.8,0.0,3.7,4.1,10.4,10.4,33.5,0.0,0.0,0.0,0.0,21.7,19.0,23.5,23.1,30.1,23.93,63.31,23.0,25.67,89.61,27.63,89.67,88.44,4200.0,4561.0,47836.0,16800.0,2002.0,50,1972.0
2025-10-10,89.0,0.0,1651.4,23.9,6.5,1.1,7.0,0.0,0.0,585.6,116.0,185.0,5.9,105.0,169.4,1.4,1.7,1.8,19.0,0.0,0.0,0.0,481.0,70.0,0.0,0.0,0.0,0.0,0.0,88.7,28.0,23.9,11.0,64.2,0.0,3.3,0.0,49.0,54.2,0.0,4.3,3.4,10.2,10.3,36.0,0.0,0.0,0.0,0.0,15.2,26.4,24.9,22.7,24.6,21.2,63.49,22.7,25.37,89.49,27.6,89.6,88.4,4200.0,4882.0,47936.0,21700.0,2158.0,50,1965.0
2025-10-11,0.0,0.0,1488.3000000000002,53.2,16.7,1.5,8.4,0.0,200.0,0.2,74.0,111.2,5.7,37.2,142.7,294.1,255.0,47.0,88.0,0.0,0.0,0.0,0.0,0.0,0.0,0.0,0.0,0.0,0.0,89.9,28.4,24.1,11.0,64.9,0.0,3.4,0.0,50.0,54.1,0.0,3.8,4.2,10.3,10.6,36.0,0.0,0.0,0.0,0.0,20.7,18.5,25.0,22.2,25.2,21.67,63.76,22.47,25.1,89.53,27.57,89.53,88.36,-8400.0,4375.0,47426.0,8400.0,1715.0,50,1978.0
2025-10-12,88.9,0.0,1621.8000000000002,42.3,14.0,0.5,3.5,0.0,200.0,32.9,74.0,163.5,0.5,50.400000000000006,137.2,0.0,0.0,0.0,0.0,0.0,300.0,0.0,361.0,70.0,0.0,0.0,0.0,0.0,0.0,88.8,28.0,25.2,12.0,63.1,0.0,3.3,0.0,54.0,53.1,0.0,3.8,3.8,10.4,10.4,34.7,0.0,0.0,0.0,0.0,19.3,20.8,23.2,22.3,27.6,22.38,63.67,22.41,25.07,89.39,27.53,89.46,88.31,7700.0,4586.0,47336.0,16100.0,1962.0,50,1966.0
2025-10-13,89.3,0.0,1412.2,19.6,7.0,0.0,0.0,0.0,0.0,0.9,0.0,152.3,3.6,99.10000000000001,158.1,0.0,0.0,0.0,0.0,0.0,0.0,0.0,140.0,15.0,0.0,0.0,0.0,0.0,0.0,89.4,28.2,21.4,10.0,66.8,0.0,3.5,0.0,41.0,56.3,0.0,4.0,4.2,10.2,10.8,37.6,0.0,0.0,0.0,0.0,17.9,17.7,25.6,19.8,21.4,19.13,63.94,22.1,24.73,89.36,27.5,89.39,88.27,-4200.0,4726.0,47126.0,5600.0,1600.0,50,1973.0
2025-10-14,0.0,0.0,1232.5,29.6,7.7,2.9,5.5,0.1,558.0,215.0,295.5,110.80000000000001,1.1,59.800000000000004,133.89999999999998,47.7,106.5,8.9,15.6,0.0,0.0,0.0,150.0,30.0,0.0,0.0,0.0,0.0,0.0,89.4,28.2,21.4,10.0,66.8,0.0,3.5,0.0,41.0,56.3,0.0,4.0,4.2,10.2,10.8,37.6,0.0,0.0,0.0,0.0,17.9,17.7,25.6,19.8,21.4,19.13,64.5,21.49,24.06,89.34,27.47,89.31,88.23,0.0,4138.0,46791.0,9100.0,1725.0,50,1973.0
2025-10-15,87.9,0.0,1395.6999999999998,40.1,11.8,1.0,7.0,0.0,200.0,1.5,74.0,150.70000000000002,4.3,55.400000000000006,139.8,0.0,0.0,0.0,0.0,0.0,0.0,0.0,0.0,0.0,0.0,0.0,0.0,0.0,0.0,88.4,27.9,27.4,12.0,61.0,0.0,3.2,0.0,62.0,51.3,0.0,3.5,4.4,10.5,10.1,32.5,0.0,0.0,0.0,0.0,22.9,15.9,22.0,24.4,31.4,24.22,64.13,21.67,24.31,89.13,27.43,89.24,88.19,7000.0,4138.0,46921.0,18200.0,2033.0,50,1962.0
2025-10-16,88.6,0.0,1930.3,40.2,22.2,0.0,0.0,0.0,400.0,0.3,148.0,203.7,9.1,112.2,195.79999999999998,0.0,0.0,0.0,36.0,0.0,0.0,0.0,507.0,87.0,0.0,0.0,0.0,0.0,0.0,88.5,27.9,27.7,12.0,60.8,0.0,3.2,0.0,63.0,51.0,0.0,3.6,3.8,10.2,10.4,32.8,0.0,0.0,0.0,0.0,22.0,20.9,24.4,22.3,31.5,24.51,63.94,21.75,24.44,89.01,27.4,89.17,88.14,-700.0,4645.0,47580.0,14000.0,1898.0,50,1963.0
2025-10-17,87.8,0.0,1661.8,40.0,16.3,2.0,14.0,0.0,400.0,1.0,152.3,179.10000000000002,11.6,52.9,144.6,0.4,156.0,0.3,0.1,0.0,0.0,0.0,0.0,0.0,0.0,0.0,0.0,0.0,0.0,87.9,27.7,26.3,12.0,61.6,0.0,3.2,0.0,58.0,52.1,0.0,3.6,4.2,10.0,10.3,33.5,0.0,0.0,0.0,0.0,21.2,16.7,25.6,22.3,29.2,23.12,63.57,22.02,24.79,88.9,27.37,89.1,88.1,4200.0,4164.0,46995.0,18200.0,2034.0,50,1956.0
2025-10-18,88.3,0.0,1954.5,37.3,14.799999999999999,1.0,7.0,0.0,509.5,1384.7,5858.7,173.89999999999998,78.2,19.9,114.99999999999999,155.0,4662.5,1.6,2.7,0.0,0.0,0.0,800.0,80.0,0.0,0.0,0.0,0.0,0.0,88.7,28.0,25.5,12.0,62.8,0.0,3.3,0.0,55.0,52.8,0.0,3.8,4.1,10.2,10.4,34.3,0.0,0.0,0.0,0.0,19.8,18.5,24.8,22.5,27.9,22.62,63.27,22.16,24.99,88.73,27.33,89.03,88.06,-5600.0,4814.0,47316.0,16800.0,1977.0,50,1965.0
2025-10-19,0.0,0.0,2220.7,67.89999999999999,13.600000000000001,3.1,20.9,0.0,0.0,5.3,214.0,237.7,4.8,141.9,155.2,0.0,15.3,1.2,1.3,0.0,0.0,0.0,0.0,0.0,0.0,0.0,0.0,0.0,0.0,,0.0,,0.0,,0.0,0.0,0.0,0.0,0.0,0.0,0.0,0.0,0.0,0.0,0.0,0.0,0.0,0.0,0.0,0.0,0.0,0.0,0.0,0.0,,63.3,22.12,24.95,88.72,27.3,88.96,88.01,,4814.0,47747.0,,,50,
2025-10-20,0.0,0.0,1942.8,57.1,22.4,0.5,3.1,0.0,257.4,662.7,578.5,237.1,2.0,66.7,116.4,0.0,23.900000000000002,1.4,6.9,0.0,0.0,0.0,800.0,80.0,0.0,0.0,0.0,0.0,0.0,88.9,28.1,25.7,12.0,62.8,0.0,3.3,0.0,56.0,52.7,0.0,3.6,4.4,10.5,10.5,33.8,0.0,0.0,0.0,0.0,21.7,15.8,22.4,21.8,29.3,22.85,62.63,22.74,25.67,88.63,27.27,88.89,87.97,,5614.0,47890.0,,,50,1967.0
2025-10-21,89.2,0.0,1553.0,37.9,19.0,1.1,2.8,0.0,39.6,33.6,0.0,151.8,0.0,77.3,143.6,0.0,0.0,0.0,0.0,0.0,0.0,0.0,0.0,0.0,0.0,0.0,0.0,0.0,0.0,89.4,28.2,26.1,12.0,62.7,0.0,3.3,0.0,57.0,52.3,0.0,3.9,4.5,10.7,10.3,33.3,0.0,0.0,0.0,0.0,19.0,15.4,21.3,23.4,30.3,23.33,61.95,23.44,26.45,88.63,27.23,88.81,87.93,-3500.0,5614.0,47643.0,,,50,1973.0
2025-10-22,88.7,0.0,1618.0,67.6,20.3,4.1,23.7,0.0,0.0,0.4,0.0,110.2,0.0,31.200000000000003,134.0,0.0,0.0,0.0,0.0,0.0,0.0,0.0,0.0,0.0,0.0,0.0,0.0,0.0,0.0,88.8,28.0,26.8,12.0,61.8,0.0,3.2,0.0,60.0,51.7,0.0,3.7,4.3,10.7,10.4,32.7,0.0,0.0,0.0,0.0,20.4,16.8,20.9,22.4,31.5,23.8,62.08,23.37,26.35,88.7,27.2,88.74,87.89,4200.0,5107.0,47284.0,7000.0,1639.0,50,1966.0
2025-10-23,88.6,0.0,1845.5,32.1,6.300000000000001,0.2,0.0,0.0,0.0,1555.2,769.4,231.10000000000002,7.2,165.0,155.7,0.0,50.2,3.2,7.0,0.0,0.0,0.0,0.0,0.0,0.0,0.0,0.0,0.0,0.0,88.3,27.9,27.6,12.0,60.8,0.0,3.2,0.0,63.0,51.1,0.0,3.8,4.0,10.5,10.3,32.2,0.0,0.0,0.0,0.0,19.8,19.0,22.0,22.7,32.2,24.37,62.08,23.35,26.33,88.67,27.17,88.67,87.84,3500.0,5107.0,47665.0,14700.0,1909.0,50,1961.0
2025-10-24,87.9,0.0,1344.3,34.6,6.1,0.0,0.0,0.0,0.0,0.0,0.0,160.60000000000002,0.6,25.4,85.5,0.0,0.0,0.0,0.0,0.0,0.0,0.0,160.0,15.0,0.0,0.0,0.0,0.0,0.0,87.9,27.7,26.6,12.0,61.3,0.0,3.2,0.0,59.0,51.9,0.0,3.5,4.1,10.2,10.5,33.0,0.0,0.0,0.0,0.0,23.6,17.9,24.5,20.6,30.1,23.38,62.03,23.39,26.38,88.67,27.13,88.6,87.8,2800.0,5267.0,47605.0,17500.0,1995.0,50,1956.0
2025-10-25,88.5,0.0,1974.8000000000002,72.8,20.1,0.6,3.5,0.0,365.0,179.0,1377.0,141.4,5.2,66.9,175.7,0.0,15.3,1.2,1.3,0.0,200.0,0.0,588.0,70.0,0.0,0.0,0.0,0.0,0.0,88.5,27.9,26.6,12.0,61.8,0.0,3.2,0.0,59.0,51.9,0.0,3.4,4.2,10.2,10.5,33.5,0.0,0.0,0.0,0.0,25.2,17.3,25.0,21.3,29.7,23.54,61.87,23.54,26.57,88.63,27.1,88.53,87.76,-4200.0,5855.0,48228.0,14000.0,1879.0,50,1963.0
2025-10-26,88.5,0.0,1496.7,38.1,6.4,0.1,0.0,0.0,0.0,2.0,214.0,153.0,5.1,35.0,126.0,0.0,15.3,1.2,1.3,0.0,0.0,0.0,0.0,0.0,0.0,0.0,0.0,0.0,0.0,88.6,27.9,25.5,12.0,62.7,0.0,3.3,0.0,55.0,52.8,0.0,3.7,4.1,10.3,10.6,34.0,0.0,0.0,0.0,0.0,20.5,18.1,23.7,20.6,28.7,22.59,61.99,23.41,26.41,88.63,27.07,88.46,87.71,-700.0,5605.0,48203.0,13300.0,1863.0,50,1964.0
2025-10-27,88.3,0.0,1614.4,23.700000000000003,4.9,0.0,0.0,0.0,0.0,1.0,0.0,185.6,4.2,101.4,164.1,0.0,0.0,0.0,0.0,0.0,0.0,0.0,0.0,0.0,0.0,0.0,0.0,0.0,0.0,88.3,27.9,25.7,12.0,62.4,0.0,3.3,0.0,56.0,52.7,0.0,3.8,3.9,10.3,10.4,34.0,0.0,0.0,0.0,0.0,19.2,19.5,23.6,21.5,28.7,22.69,61.93,23.39,26.41,88.54,27.03,88.39,87.67,2100.0,5495.0,48450.0,15400.0,1945.0,50,1961.0
2025-10-28,88.3,0.0,1880.9,47.900000000000006,20.7,1.0,7.0,0.0,400.0,5.9,148.0,161.60000000000002,3.2,34.8,196.3,0.0,0.0,0.0,0.0,0.0,200.0,0.0,260.0,40.0,0.0,0.0,0.0,0.0,0.0,88.4,27.9,26.2,12.0,61.9,0.0,3.2,0.0,58.0,52.2,0.0,3.6,4.6,10.2,10.5,33.0,0.0,0.0,0.0,0.0,21.3,14.3,24.3,20.7,30.2,23.16,61.81,23.36,26.43,88.4,27.0,88.31,87.63,-700.0,5205.0,48274.0,11900.0,1832.0,50,1962.0
2025-10-29,88.3,0.0,1344.1,24.8,9.1,0.5,3.5,0.0,200.0,1.1,127.5,92.9,1.2,36.0,179.1,0.0,3.8,2.9,0.3,0.0,0.0,0.0,0.0,0.0,0.0,0.0,0.0,0.0,0.0,88.5,27.9,25.7,12.0,62.5,0.0,3.3,0.0,56.0,52.6,0.0,3.6,4.0,10.3,10.4,34.2,0.0,0.0,0.0,0.0,22.0,19.5,24.2,22.1,28.2,22.74,61.91,23.21,26.27,88.36,26.97,88.24,87.59,-700.0,5205.0,48525.0,14000.0,1911.0,50,1963.0
2025-10-30,88.0,0.0,1487.7,32.3,12.4,3.0,5.5,0.1,758.0,218.3,540.7,141.8,8.5,47.7,155.6,47.7,118.8,10.5,16.7,0.0,0.0,0.0,0.0,0.0,0.0,0.0,0.0,0.0,0.0,88.0,27.8,26.1,12.0,61.8,0.0,3.2,0.0,58.0,52.3,0.0,3.7,3.9,10.1,10.5,33.6,0.0,0.0,0.0,0.0,19.8,20.0,25.2,20.4,29.3,22.97,62.06,23.01,26.06,88.31,26.93,88.17,87.54,3500.0,4754.0,48349.0,14000.0,1920.0,50,1957.0
2025-10-31,87.8,0.0,1537.2,30.1,13.2,0.6,3.5,0.0,200.0,390.0,458.7,166.0,23.6,85.0,167.4,0.0,23.6,0.6,0.0,0.0,0.0,0.0,0.0,0.0,0.0,0.0,0.0,0.0,0.0,87.9,27.7,25.1,11.0,62.6,0.0,3.3,0.0,54.0,53.2,0.0,3.5,4.2,10.2,10.4,34.3,0.0,0.0,0.0,0.0,23.5,16.5,24.2,21.7,27.3,22.06,62.24,22.82,25.84,88.31,26.9,88.1,87.5,700.0,4754.0,48082.0,15400.0,1958.0,50,1956.0
2025-11-01,87.6,0.0,1941.4,30.8,4.8,0.7,4.9,0.0,0.0,0.0,0.0,77.7,0.2,8.3,103.7,0.0,0.0,0.0,0.0,0.0,0.0,0.0,0.0,0.0,0.0,0.0,0.0,0.0,0.0,87.7,27.7,25.9,12.0,61.7,0.0,3.2,0.0,57.0,52.4,0.0,3.7,3.9,10.2,10.3,33.6,0.0,0.0,0.0,0.0,20.6,19.2,24.0,22.2,28.8,22.71,62.23,22.7,25.74,88.2,26.87,88.03,87.46,1400.0,4754.0,48871.0,16100.0,2007.0,50,1954.0
2025-11-02,87.8,0.0,2057.0,46.3,17.9,0.7,3.5,0.0,400.0,585.0,917.4,241.0,5.0,113.4,156.8,0.0,47.2,1.2,0.0,0.0,0.0,0.0,507.0,87.0,0.0,0.0,0.0,0.0,0.0,87.7,27.7,25.4,12.0,62.2,0.0,3.3,0.0,55.0,52.9,0.0,3.6,4.0,10.3,10.3,34.0,0.0,0.0,0.0,0.0,20.9,18.4,23.4,21.8,28.2,22.28,62.16,22.66,25.73,88.07,26.83,87.96,87.41,0.0,5261.0,49414.0,13300.0,1915.0,50,1954.0
2025-11-03,88.6,0.0,1578.0,34.9,4.5,0.2,0.1,0.0,0.0,587.0,415.0,151.2,6.5,103.10000000000001,161.2,332.0,20.700000000000003,7.2,1.6,0.0,0.0,0.0,150.0,30.0,0.0,0.0,0.0,0.0,0.0,88.4,27.9,25.5,12.0,62.6,0.0,3.3,0.0,55.0,52.8,0.0,3.5,4.2,10.3,10.5,34.1,0.0,0.0,0.0,0.0,22.6,17.6,23.5,21.2,28.4,22.54,62.19,22.64,25.7,88.09,26.8,87.89,87.37,-4900.0,4904.0,48875.0,8400.0,1746.0,50,1962.0
2025-11-04,0.0,0.0,1535.7,27.2,9.9,0.5,3.5,0.0,200.0,3.7,74.0,179.5,8.4,97.1,142.0,0.0,0.0,0.0,0.0,0.0,0.0,0.0,0.0,0.0,0.0,0.0,0.0,0.0,0.0,87.6,27.7,26.5,12.0,61.2,0.0,3.2,0.0,59.0,51.9,0.0,3.7,4.0,10.4,10.3,32.8,0.0,0.0,0.0,0.0,20.7,19.0,22.3,22.2,30.3,23.21,62.09,22.64,25.74,87.97,26.77,87.81,87.33,5600.0,4904.0,49042.0,15400.0,1985.0,50,1953.0
2025-11-05,87.6,0.0,1460.5,17.1,9.8,0.0,0.0,0.0,200.0,585.6,74.0,165.7,0.6,97.30000000000001,154.4,0.0,0.0,0.0,0.0,0.0,0.0,0.0,0.0,0.0,0.0,0.0,0.0,0.0,0.0,87.6,27.7,24.7,11.0,62.7,0.0,3.3,0.0,52.0,53.5,0.0,3.6,3.9,10.1,10.4,34.7,0.0,0.0,0.0,0.0,21.1,19.5,24.3,21.3,26.6,21.64,62.11,22.49,25.6,87.84,26.73,87.74,87.29,0.0,4904.0,49178.0,14000.0,1942.0,50,1953.0
2025-11-06,87.5,0.0,1546.0,35.1,18.2,2.9,5.5,0.1,558.0,215.0,295.5,141.4,1.1,126.99999999999999,160.0,47.7,106.5,8.9,15.6,0.0,0.0,0.0,180.0,15.0,0.0,0.0,0.0,0.0,0.0,87.4,27.6,25.3,11.0,62.0,0.0,3.2,0.0,55.0,52.9,0.0,3.7,3.8,10.1,10.2,34.2,0.0,0.0,0.0,0.0,20.4,20.5,24.5,22.2,27.4,22.11,62.14,22.36,25.49,87.76,26.7,87.67,87.24,1400.0,5084.0,49145.0,14700.0,1959.0,50,1950.0
2025-11-07,87.0,0.0,1800.0,21.5,8.5,2.9,5.5,0.1,558.0,215.0,295.5,72.5,1.1,60.7,111.3,47.7,106.5,8.9,15.6,0.0,0.0,0.0,150.0,30.0,0.0,0.0,0.0,0.0,0.0,87.0,27.4,27.3,12.0,60.1,0.0,3.2,0.0,62.0,51.3,0.0,3.6,3.7,10.1,10.1,32.6,0.0,0.0,0.0,0.0,21.5,21.0,24.4,22.7,30.6,23.75,61.79,22.61,25.8,87.63,26.67,87.6,87.2,2800.0,5234.0,49452.0,20300.0,2151.0,50,1946.0
2025-11-08,86.7,0.0,1774.3000000000002,46.4,8.0,0.2,0.0,0.0,0.0,2.0,598.7,204.3,7.3,88.2,130.60000000000002,0.0,38.9,1.8,1.3,0.0,0.0,0.0,481.0,70.0,0.0,0.0,0.0,0.0,0.0,86.8,27.4,25.5,11.0,61.5,0.0,3.2,0.0,55.0,52.7,0.0,3.3,4.7,9.9,10.1,33.5,0.0,0.0,0.0,0.0,24.6,12.7,25.7,22.6,27.9,22.13,61.76,22.52,25.74,87.5,26.63,87.53,87.16,1400.0,5715.0,49902.0,17500.0,2056.0,50,1944.0
2025-11-09,86.7,0.0,1380.5,42.3,10.1,0.0,0.0,0.0,200.0,0.0,74.0,129.39999999999998,0.3,42.1,113.1,0.0,0.0,0.0,0.0,0.0,0.0,0.0,0.0,0.0,0.0,0.0,0.0,0.0,0.0,86.8,27.4,26.2,12.0,60.9,0.0,3.2,0.0,58.0,52.2,0.0,3.5,3.9,10.0,10.3,33.2,0.0,0.0,0.0,0.0,21.9,18.6,24.4,21.5,29.2,22.74,61.57,22.59,25.86,87.37,26.6,87.46,87.11,0.0,5234.0,49631.0,13300.0,1923.0,50,1944.0
2025-11-10,87.5,0.0,1570.3,25.900000000000002,11.9,0.5,3.5,0.0,200.0,1.4,74.0,162.0,4.5,122.0,172.7,0.0,0.0,1.3,0.0,0.0,0.0,0.0,0.0,0.0,0.0,0.0,0.0,0.0,0.0,87.3,27.5,25.2,11.0,62.0,0.0,3.2,0.0,54.0,53.0,0.0,3.7,4.0,10.1,10.4,33.8,0.0,0.0,0.0,0.0,20.3,18.2,24.0,20.9,28.0,22.0,61.49,22.51,25.81,87.21,26.57,87.39,87.07,-3500.0,5234.0,49713.0,18200.0,2089.0,50,1949.0
2025-11-11,87.0,0.0,1377.2,28.0,7.3999999999999995,0.6,3.5,0.0,82.5,88.5,929.2,146.0,2.0,89.7,126.1,0.0,23.6,0.6,0.0,0.0,0.0,0.0,0.0,0.0,0.0,0.0,0.0,0.0,0.0,86.9,27.4,22.6,10.0,63.9,0.0,3.3,0.0,45.0,55.1,0.0,3.6,4.1,10.1,10.5,35.6,0.0,0.0,0.0,0.0,20.3,17.5,23.8,19.9,23.9,19.64,61.87,22.0,25.26,87.11,26.53,87.31,87.03,2800.0,4873.0,49468.0,13300.0,1930.0,50,1945.0
2025-11-12,0.0,0.0,1457.7,31.7,5.1,0.5,3.5,0.0,0.0,0.7,0.0,187.8,25.0,115.8,127.4,0.0,0.0,0.0,0.0,0.0,0.0,0.0,150.0,30.0,0.0,0.0,0.0,0.0,0.0,86.9,27.4,25.7,12.0,61.4,0.0,3.2,0.0,56.0,52.5,0.0,3.7,3.9,10.1,10.3,33.4,0.0,0.0,0.0,0.0,19.6,19.4,24.1,21.3,28.7,22.33,61.69,22.1,25.4,87.01,26.5,87.24,86.99,0.0,4883.0,49514.0,17500.0,2071.0,50,1945.0
2025-11-13,87.0,0.0,1399.6,20.1,4.3999999999999995,0.6,3.5,0.0,0.0,4.7,214.0,182.3,11.7,107.4,122.19999999999999,0.0,15.3,1.2,1.3,0.0,0.0,0.0,0.0,0.0,0.0,0.0,0.0,0.0,0.0,87.1,27.5,25.6,12.0,61.5,0.0,3.2,0.0,56.0,52.6,0.0,3.4,4.5,10.2,10.4,33.0,0.0,0.0,0.0,0.0,23.9,14.5,23.5,20.6,29.1,22.3,61.61,22.13,25.44,86.97,26.47,87.17,86.94,-1400.0,4733.0,49681.0,16100.0,2035.0,50,1947.0
2025-11-14,87.0,0.0,3742.9,22.1,6.7,0.0,0.0,0.0,0.0,15.0,211.6,145.5,0.8,62.3,92.39999999999999,0.0,0.0,2.6,4.4,0.0,400.0,0.0,421.0,60.0,0.0,0.0,0.0,0.0,0.0,87.2,27.5,25.8,12.0,61.5,0.0,3.2,0.0,57.0,52.5,0.0,3.3,4.5,10.0,10.3,33.4,0.0,0.0,0.0,0.0,26.0,14.2,25.3,21.2,28.6,22.5,61.81,21.95,25.23,87.0,26.43,87.1,86.9,-700.0,5154.0,52028.0,8400.0,1842.0,50,1948.0
2025-11-15,88.0,0.0,1152.4,24.0,3.6,0.0,0.0,0.0,0.0,0.1,0.0,99.9,3.4,15.100000000000001,117.69999999999999,0.0,0.0,0.0,0.0,0.0,0.0,0.0,0.0,0.0,0.0,0.0,0.0,0.0,0.0,88.0,27.8,22.1,10.0,65.2,0.0,3.4,0.0,43.0,55.6,0.0,3.7,4.3,10.3,10.6,36.3,0.0,0.0,0.0,0.0,20.2,16.0,23.4,20.0,23.2,19.45,62.34,21.57,24.74,87.17,26.4,87.03,86.86,-5600.0,4647.0,51250.0,3500.0,1670.0,50,1957.0
2025-11-16,87.9,0.0,1801.6999999999998,60.9,17.7,1.2000000000000002,7.0,0.0,68.8,76.8,774.8,177.6,8.2,58.5,124.3,0.0,23.0,1.7999999999999998,2.0,0.0,0.0,0.0,507.0,87.0,0.0,0.0,0.0,0.0,0.0,87.7,27.7,20.0,10.0,66.7,0.0,3.5,0.0,36.0,57.4,0.0,4.0,3.9,10.6,10.5,37.7,0.0,0.0,0.0,0.0,17.2,19.2,21.0,20.3,20.0,17.54,63.17,20.82,23.86,87.3,26.37,86.96,86.81,2100.0,5154.0,51390.0,1400.0,1588.0,50,1954.0
2025-11-17,87.7,0.0,1441.8,21.900000000000002,7.199999999999999,0.1,0.0,0.0,0.0,2.0,214.0,188.6,5.2,106.69999999999999,104.6,0.0,15.3,1.2,1.3,0.0,0.0,0.0,0.0,0.0,0.0,0.0,0.0,0.0,0.0,87.3,27.5,25.2,11.0,62.0,0.0,3.2,0.0,54.0,53.0,0.0,3.4,4.2,10.3,10.4,33.7,0.0,0.0,0.0,0.0,24.4,16.8,22.8,21.0,28.0,22.0,63.17,20.82,23.86,87.3,26.33,86.89,86.77,2800.0,4354.0,50877.0,9800.0,1877.0,50,1949.0
2025-11-18,87.0,0.0,1503.1,15.7,6.3,0.0,0.0,0.0,0.0,0.0,0.0,237.2,51.9,115.5,150.2,0.0,0.0,0.0,0.0,0.0,0.0,0.0,150.0,30.0,0.0,0.0,0.0,0.0,0.0,87.0,27.5,24.2,11.0,62.7,0.0,3.3,0.0,51.0,53.8,0.0,3.5,4.2,10.3,10.5,34.2,0.0,0.0,0.0,0.0,22.4,16.3,22.2,19.7,27.1,21.05,63.0,21.02,24.09,87.31,26.3,86.81,86.73,2100.0,4504.0,50160.0,,,50,1946.0
2025-11-19,87.6,0.0,1575.8,40.1,8.5,0.1,0.0,0.0,200.0,3.9,288.0,184.3,11.5,80.10000000000001,123.2,0.0,15.3,1.2,1.3,0.0,0.0,0.0,0.0,0.0,0.0,0.0,0.0,0.0,0.0,87.3,27.6,24.7,11.0,62.5,0.0,3.3,0.0,52.0,53.4,0.0,3.8,3.8,10.4,10.4,34.1,0.0,0.0,0.0,0.0,18.5,20.3,21.9,20.6,27.7,21.56,63.16,20.91,23.94,87.37,26.27,86.74,86.69,-2100.0,3704.0,49792.0,11200.0,1910.0,50,1949.0
2025-11-20,87.2,0.0,1658.1,42.6,3.5,0.0,0.0,0.0,0.0,215.0,0.0,163.3,3.8,120.7,153.9,0.0,0.0,0.0,0.0,0.0,0.0,0.0,490.0,80.0,0.0,0.0,0.0,0.0,0.0,87.2,27.5,24.3,11.0,62.7,0.0,3.3,0.0,51.0,53.8,0.0,3.8,3.8,9.9,10.6,34.6,0.0,0.0,0.0,0.0,18.2,20.4,25.8,18.9,26.4,21.19,63.33,20.76,23.76,87.39,26.23,86.67,86.64,700.0,4194.0,49898.0,15400.0,2037.0,50,1948.0
2025-11-21,86.6,0.0,1411.9,30.4,8.8,0.0,0.0,0.0,0.0,0.0,0.0,149.5,0.4,52.7,128.1,0.0,0.0,0.0,0.0,0.0,0.0,0.0,0.0,0.0,0.0,0.0,0.0,0.0,0.0,,0.0,,0.0,,0.0,0.0,0.0,0.0,0.0,0.0,0.0,0.0,0.0,0.0,0.0,0.0,0.0,0.0,0.0,0.0,0.0,0.0,0.0,0.0,,63.63,20.46,23.42,87.42,26.2,86.6,86.6,,4194.0,49692.0,,,50,
2025-11-22,0.0,0.0,1369.8,32.4,6.5,1.1,7.0,0.0,0.0,2.0,214.0,139.1,5.2,64.3,126.7,0.0,15.3,1.2,1.3,0.0,0.0,0.0,150.0,30.0,0.0,0.0,0.0,0.0,0.0,,0.0,,0.0,,0.0,0.0,0.0,0.0,0.0,0.0,0.0,0.0,0.0,0.0,0.0,0.0,0.0,0.0,0.0,0.0,0.0,0.0,0.0,0.0,,63.32,20.67,23.68,87.3,26.17,86.53,86.56,,4344.0,49216.0,,,50,
2025-11-23,86.4,0.0,1651.4,31.2,7.1,0.5,3.5,0.0,0.0,215.0,0.0,171.8,0.7,64.60000000000001,156.2,0.0,0.0,0.0,0.0,0.0,0.0,0.0,569.0,85.0,0.0,0.0,0.0,0.0,0.0,,0.0,,0.0,,0.0,0.0,0.0,0.0,0.0,0.0,0.0,0.0,0.0,0.0,0.0,0.0,0.0,0.0,0.0,0.0,0.0,0.0,0.0,0.0,,62.48,21.45,24.6,87.2,26.13,86.46,86.51,,4753.0,49523.0,,,50,
2025-11-24,86.6,0.0,1455.1,17.5,2.6,0.0,0.0,0.0,0.0,1.7,0.0,174.1,3.2,97.6,128.0,0.0,0.0,0.0,0.0,0.0,0.0,0.0,0.0,0.0,0.0,0.0,0.0,0.0,0.0,,0.0,,0.0,,0.0,0.0,0.0,0.0,0.0,0.0,0.0,0.0,0.0,0.0,0.0,0.0,0.0,0.0,0.0,0.0,0.0,0.0,0.0,0.0,,62.63,21.27,24.4,87.17,26.1,86.39,86.47,,4165.0,49003.0,,,50,
2025-11-25,86.2,0.0,1532.4,25.2,9.5,0.0,0.0,0.0,200.0,1.5,74.0,151.3,2.5,83.6,168.8,0.0,0.0,0.0,0.0,0.0,0.0,0.0,206.0,1.0,0.0,0.0,0.0,1695.0,0.0,,0.0,,0.0,,0.0,0.0,0.0,0.0,0.0,0.0,0.0,0.0,0.0,0.0,0.0,0.0,0.0,0.0,0.0,0.0,0.0,0.0,0.0,0.0,,62.6,21.38,24.5,87.25,26.07,86.31,86.43,,4371.0,49039.0,,,50,
2025-11-26,86.1,0.0,1546.5,3.5,2.0,0.0,0.0,0.0,0.0,0.7,0.0,82.7,0.0,75.6,90.3,0.0,0.0,0.0,0.0,0.0,0.0,0.0,60.0,1.0,0.0,0.0,0.0,532.0,0.0,,0.0,,0.0,,0.0,0.0,0.0,0.0,0.0,0.0,0.0,0.0,0.0,0.0,0.0,0.0,0.0,0.0,0.0,0.0,0.0,0.0,0.0,0.0,,62.7,21.19,24.3,87.2,26.03,86.24,86.39,,4431.0,48971.0,,,50,
2025-11-27,85.9,0.0,1343.8,28.4,8.4,0.0,0.0,0.0,0.0,0.0,0.0,151.3,0.7,58.0,111.8,0.0,0.0,0.0,0.0,0.0,0.0,0.0,150.0,30.0,0.0,0.0,0.0,0.0,0.0,,0.0,,0.0,,0.0,0.0,0.0,0.0,0.0,0.0,0.0,0.0,0.0,0.0,0.0,0.0,0.0,0.0,0.0,0.0,0.0,0.0,0.0,0.0,,,,,,26.0,86.17,86.34,,4321.0,48434.0,,,50,
2025-11-28,85.9,0.0,1548.7,56.3,9.799999999999999,1.0,7.0,0.0,200.0,0.0,74.0,115.10000000000001,0.0,48.0,139.2,0.0,0.0,0.0,0.0,0.0,0.0,0.0,0.0,0.0,0.0,0.0,0.0,0.0,0.0,,0.0,,0.0,,0.0,0.0,0.0,0.0,0.0,0.0,0.0,0.0,0.0,0.0,0.0,0.0,0.0,0.0,0.0,0.0,0.0,0.0,0.0,0.0,,,,,,25.97,86.1,86.3,,4321.0,48638.0,,,50,
2025-11-29,85.5,0.0,1929.0,32.8,10.0,0.0,0.0,0.0,0.0,20.3,2.3,194.70000000000002,0.8,73.3,167.6,0.0,0.0,0.2,0.2,0.0,0.0,0.0,507.0,87.0,0.0,0.0,0.0,0.0,0.0,,0.0,,0.0,,0.0,0.0,0.0,0.0,0.0,0.0,0.0,0.0,0.0,0.0,0.0,0.0,0.0,0.0,0.0,0.0,0.0,0.0,0.0,0.0,,,,,,25.93,86.03,86.26,,4828.0,49080.0,,,50,
2025-11-30,86.2,0.0,1789.1,37.1,8.2,1.0,7.0,0.0,0.0,270.8,55.8,206.4,1.6,76.19999999999999,117.3,0.0,3.8,0.5,0.5,0.0,0.0,0.0,490.0,80.0,0.0,0.0,0.0,0.0,0.0,,0.0,,0.0,,0.0,0.0,0.0,0.0,0.0,0.0,0.0,0.0,0.0,0.0,0.0,0.0,0.0,0.0,0.0,0.0,0.0,0.0,0.0,0.0,,,,,,25.9,85.96,86.21,,5318.0,49332.0,,,50,
2025-12-01,0.0,0.0,1908.7,22.9,5.8,0.1,0.0,0.0,0.0,402.0,214.0,204.1,4.8,111.2,127.3,0.0,15.3,1.2,1.3,0.0,0.0,0.0,0.0,0.0,0.0,0.0,0.0,0.0,0.0,,0.0,,0.0,,0.0,0.0,0.0,0.0,0.0,0.0,0.0,0.0,0.0,0.0,0.0,0.0,0.0,0.0,0.0,0.0,0.0,0.0,0.0,0.0,,,,,,25.87,85.89,86.17,,5318.0,49299.0,,,50,
2025-12-02,0.0,0.0,2665.5,19.8,6.5,0.7,0.4,0.0,34.5,618.1,497.1,92.4,3.7,28.200000000000003,46.3,0.0,23.6,11.6,20.8,0.0,0.0,0.0,0.0,0.0,0.0,0.0,0.0,0.0,0.0,,0.0,,0.0,,0.0,0.0,0.0,0.0,0.0,0.0,0.0,0.0,0.0,0.0,0.0,0.0,0.0,0.0,0.0,0.0,0.0,0.0,0.0,0.0,,,,,,25.83,85.81,86.13,,4811.0,49908.0,,,50,
2025-12-03,0.0,0.0,1843.0,18.1,7.5,0.2,0.0,0.0,0.0,2.0,598.7,333.0,11.8,180.60000000000002,83.6,0.0,38.9,1.8,1.3,0.0,0.0,0.0,0.0,0.0,0.0,0.0,0.0,0.0,0.0,,0.0,,0.0,,0.0,0.0,0.0,0.0,0.0,0.0,0.0,0.0,0.0,0.0,0.0,0.0,0.0,0.0,0.0,0.0,0.0,0.0,0.0,0.0,,,,,,25.8,85.74,86.09,,4661.0,50172.0,,,50,
2025-12-04,87.2,0.0,1375.8,36.6,20.3,0.0,0.0,0.0,200.0,0.9,74.0,153.10000000000002,4.0,101.0,114.8,0.0,0.0,0.0,0.0,0.0,0.0,0.0,0.0,0.0,0.0,0.0,0.0,0.0,0.0,,0.0,,0.0,,0.0,0.0,0.0,0.0,0.0,0.0,0.0,0.0,0.0,0.0,0.0,0.0,0.0,0.0,0.0,0.0,0.0,0.0,0.0,0.0,,,,,,25.77,85.67,86.04,,4661.0,50013.0,,,50,
2025-12-05,86.1,0.0,1339.9,33.9,6.6,1.6,10.5,0.0,0.0,3.3,214.0,129.10000000000002,9.5,70.7,134.1,0.0,15.3,1.2,1.3,0.0,0.0,0.0,150.0,30.0,0.0,0.0,0.0,0.0,0.0,,0.0,,0.0,,0.0,0.0,0.0,0.0,0.0,0.0,0.0,0.0,0.0,0.0,0.0,0.0,0.0,0.0,0.0,0.0,0.0,0.0,0.0,0.0,,,,,,25.73,85.6,86.0,,4811.0,49892.0,,,50,
2025-12-06,0.0,0.0,1620.5,62.5,16.1,0.0,0.0,0.0,200.0,0.0,74.0,115.0,0.0,47.300000000000004,102.30000000000001,0.0,0.0,0.0,0.0,0.0,0.0,0.0,0.0,0.0,0.0,0.0,0.0,0.0,0.0,,0.0,,0.0,,0.0,0.0,0.0,0.0,0.0,0.0,0.0,0.0,0.0,0.0,0.0,0.0,0.0,0.0,0.0,0.0,0.0,0.0,0.0,0.0,,,,,,25.7,85.53,85.96,,4631.0,49966.0,,,50,
2025-12-07,0.0,0.0,2057.0,47.4,10.5,0.0,0.0,0.0,0.0,0.0,0.0,98.3,0.3,48.1,96.9,0.0,0.0,0.0,0.0,0.0,0.0,0.0,481.0,70.0,0.0,0.0,0.0,0.0,0.0,,0.0,,0.0,,0.0,0.0,0.0,0.0,0.0,0.0,0.0,0.0,0.0,0.0,0.0,0.0,0.0,0.0,0.0,0.0,0.0,0.0,0.0,0.0,,,,,,25.67,85.46,85.91,,4962.0,50224.0,,,50,
2025-12-08,86.4,0.0,1471.8,41.3,8.9,0.0,0.0,0.0,0.0,0.0,0.0,144.9,0.0,119.6,107.3,0.0,0.0,0.0,0.0,0.0,0.0,0.0,150.0,30.0,0.0,0.0,0.0,0.0,0.0,,0.0,,0.0,,0.0,0.0,0.0,0.0,0.0,0.0,0.0,0.0,0.0,0.0,0.0,0.0,0.0,0.0,0.0,0.0,0.0,0.0,0.0,0.0,,,,,,25.63,85.39,85.87,,4631.0,49921.0,,,50,
2025-12-09,85.8,0.0,1348.5,30.0,8.0,0.5,3.5,0.0,0.0,0.0,0.0,135.8,0.3,60.1,130.89999999999998,0.0,0.0,0.0,0.0,0.0,0.0,0.0,0.0,0.0,0.0,0.0,0.0,0.0,0.0,,0.0,,0.0,,0.0,0.0,0.0,0.0,0.0,0.0,0.0,0.0,0.0,0.0,0.0,0.0,0.0,0.0,0.0,0.0,0.0,0.0,0.0,0.0,,,,,,25.6,85.31,85.83,,4631.0,49889.0,,,50,
2025-12-10,85.8,0.0,1339.4,26.7,1.7,0.0,0.0,0.0,0.0,0.0,0.0,144.6,0.0,89.7,123.0,0.0,0.0,0.0,0.0,0.0,0.0,0.0,0.0,0.0,0.0,0.0,0.0,0.0,0.0,,0.0,,0.0,,0.0,0.0,0.0,0.0,0.0,0.0,0.0,0.0,0.0,0.0,0.0,0.0,0.0,0.0,0.0,0.0,0.0,0.0,0.0,0.0,,,,,,25.57,85.24,85.79,,4631.0,49658.0,,,50,
2025-12-11,85.7,0.0,1712.0,27.1,5.4,0.0,0.0,0.0,68.8,73.8,453.8,67.0,0.0,29.6,90.3,0.0,0.0,0.0,0.0,0.0,400.0,0.0,367.0,60.0,0.0,0.0,0.0,0.0,0.0,,0.0,,0.0,,0.0,0.0,0.0,0.0,0.0,0.0,0.0,0.0,0.0,0.0,0.0,0.0,0.0,0.0,0.0,0.0,0.0,0.0,0.0,0.0,,,,,,25.53,85.17,85.74,,4998.0,49993.0,,,50,
2025-12-12,85.4,0.0,1261.8,13.9,8.7,0.0,0.0,0.0,200.0,0.6,74.0,110.10000000000001,0.0,97.0,168.2,0.0,0.0,0.0,0.0,0.0,0.0,0.0,0.0,0.0,0.0,0.0,0.0,0.0,0.0,,0.0,,0.0,,0.0,0.0,0.0,0.0,0.0,0.0,0.0,0.0,0.0,0.0,0.0,0.0,0.0,0.0,0.0,0.0,0.0,0.0,0.0,0.0,,,,,,25.5,85.1,85.7,,4848.0,49797.0,,,50,
2025-12-13,85.2,0.0,1348.7,24.1,4.4,0.0,0.0,0.0,0.0,0.8,0.0,125.6,0.0,35.3,40.599999999999994,0.0,0.0,0.0,0.0,0.0,200.0,0.0,194.0,40.0,0.0,0.0,0.0,0.0,0.0,,0.0,,0.0,,0.0,0.0,0.0,0.0,0.0,0.0,0.0,0.0,0.0,0.0,0.0,0.0,0.0,0.0,0.0,0.0,0.0,0.0,0.0,0.0,,,,,,25.47,85.03,85.66,,5042.0,49746.0,,,50,
2025-12-14,85.1,0.0,1715.0,42.5,12.7,0.9,5.7,0.0,13.0,310.6,303.0,157.5,3.4000000000000004,48.300000000000004,166.7,28.2,30.8,13.0,10.7,0.0,0.0,0.0,507.0,87.0,0.0,0.0,0.0,0.0,0.0,,0.0,,0.0,,0.0,0.0,0.0,0.0,0.0,0.0,0.0,0.0,0.0,0.0,0.0,0.0,0.0,0.0,0.0,0.0,0.0,0.0,0.0,0.0,,,,,,25.43,84.96,85.61,,5128.0,47718.0,,,50,
2025-12-15,85.3,0.0,1532.7,28.7,6.5,0.6,3.5,0.0,0.0,13.2,214.0,211.9,22.599999999999998,85.4,126.5,0.0,15.3,1.2,1.3,0.0,0.0,0.0,0.0,0.0,0.0,0.0,0.0,0.0,0.0,,0.0,,0.0,,0.0,0.0,0.0,0.0,0.0,0.0,0.0,0.0,0.0,0.0,0.0,0.0,0.0,0.0,0.0,0.0,0.0,0.0,0.0,0.0,,,,,,25.4,84.89,85.57,,5128.0,48098.0,,,50,
2025-12-16,0.0,0.0,1356.3,26.6,4.2,0.0,0.0,0.0,0.0,0.7,0.0,132.7,3.8,84.2,143.8,0.0,0.0,0.0,0.0,0.0,0.0,0.0,0.0,0.0,0.0,0.0,0.0,0.0,0.0,,0.0,,0.0,,0.0,0.0,0.0,0.0,0.0,0.0,0.0,0.0,0.0,0.0,0.0,0.0,0.0,0.0,0.0,0.0,0.0,0.0,0.0,0.0,,,,,,25.37,84.81,85.53,,4621.0,47653.0,,,50,
2025-12-17,85.2,0.0,1449.1,29.8,7.2,2.0,14.0,0.0,0.0,0.7,0.0,154.4,0.4,100.1,134.8,0.0,0.0,0.0,0.0,0.0,0.0,0.0,0.0,0.0,0.0,0.0,0.0,0.0,0.0,,0.0,,0.0,,0.0,0.0,0.0,0.0,0.0,0.0,0.0,0.0,0.0,0.0,0.0,0.0,0.0,0.0,0.0,0.0,0.0,0.0,0.0,0.0,,,,,,25.33,84.74,85.49,,4621.0,47660.0,,,50,
2025-12-18,85.2,0.0,1559.2,13.399999999999999,6.6,0.1,0.0,0.0,0.0,2.7,214.0,220.4,5.9,147.4,133.7,0.0,15.3,1.2,1.3,0.0,0.0,0.0,0.0,0.0,0.0,0.0,0.0,0.0,0.0,,0.0,,0.0,,0.0,0.0,0.0,0.0,0.0,0.0,0.0,0.0,0.0,0.0,0.0,0.0,0.0,0.0,0.0,0.0,0.0,0.0,0.0,0.0,,,,,,25.3,84.67,85.44,,4471.0,47716.0,,,50,
2025-12-19,85.0,0.0,1410.2,37.4,7.0,0.0,0.0,0.0,0.0,0.0,0.0,108.0,0.0,75.2,157.2,0.0,0.0,0.0,0.0,0.0,0.0,0.0,0.0,0.0,0.0,0.0,0.0,0.0,0.0,,0.0,,0.0,,0.0,0.0,0.0,0.0,0.0,0.0,0.0,0.0,0.0,0.0,0.0,0.0,0.0,0.0,0.0,0.0,0.0,0.0,0.0,0.0,,,,,,25.27,84.6,85.4,,4471.0,47551.0,,,50,
2025-12-20,84.6,0.0,1657.4,62.7,7.4,2.1,7.8,0.0,0.0,2.3,117.6,118.39999999999999,2.8,24.7,148.3,0.2,0.1,0.7,2.4,0.0,200.0,0.0,240.0,40.0,0.0,0.0,0.0,0.0,0.0,,0.0,,0.0,,0.0,0.0,0.0,0.0,0.0,0.0,0.0,0.0,0.0,0.0,0.0,0.0,0.0,0.0,0.0,0.0,0.0,0.0,0.0,0.0,,,,,,25.23,84.53,85.36,,4221.0,47550.0,,,50,
2025-12-21,84.9,0.0,1335.9,37.7,5.0,0.0,0.0,0.0,0.0,0.0,0.0,101.80000000000001,0.0,67.2,141.7,0.0,0.0,0.0,0.0,0.0,0.0,0.0,0.0,0.0,0.0,0.0,0.0,0.0,0.0,,0.0,,0.0,,0.0,0.0,0.0,0.0,0.0,0.0,0.0,0.0,0.0,0.0,0.0,0.0,0.0,0.0,0.0,0.0,0.0,0.0,0.0,0.0,,,,,,25.2,84.46,85.31,,4221.0,47474.0,,,50,
2025-12-22,0.0,0.0,1172.2,27.9,4.6,1.0,7.0,0.0,0.0,5.6,79.3,72.7,0.0,30.700000000000003,128.9,0.0,0.0,1.0,1.7,0.0,0.0,0.0,0.0,0.0,0.0,0.0,0.0,0.0,0.0,,0.0,,0.0,,0.0,0.0,0.0,0.0,0.0,0.0,0.0,0.0,0.0,0.0,0.0,0.0,0.0,0.0,0.0,0.0,0.0,0.0,0.0,0.0,,,,,,25.17,84.39,85.27,,4071.0,47277.0,,,50,
2025-12-23,0.0,0.0,1718.0,51.7,12.5,1.0,7.0,0.0,0.0,811.1,316.4,163.0,3.3000000000000003,85.5,120.3,0.0,116.2,6.2,2.4,0.0,0.0,0.0,0.0,0.0,0.0,0.0,0.0,0.0,0.0,,0.0,,0.0,,0.0,0.0,0.0,0.0,0.0,0.0,0.0,0.0,0.0,0.0,0.0,0.0,0.0,0.0,0.0,0.0,0.0,0.0,0.0,0.0,,,,,,25.13,84.31,85.23,,3502.0,47343.0,,,50,
2025-12-24,84.5,0.0,3110.3,96.7,42.0,0.0,0.0,0.0,41.6,0.7,219.4,329.09999999999997,10.3,90.2,203.79999999999998,0.0,0.0,0.0,0.0,0.0,0.0,0.0,319.0,55.0,0.0,0.0,0.0,0.0,0.0,,0.0,,0.0,,0.0,0.0,0.0,0.0,0.0,0.0,0.0,0.0,0.0,0.0,0.0,0.0,0.0,0.0,0.0,0.0,0.0,0.0,0.0,0.0,,,,,,25.1,84.24,85.19,,3821.0,48998.0,,,50,
2025-12-25,85.7,0.0,1940.7,48.599999999999994,18.6,2.6,12.2,0.0,175.8,766.7,667.4,246.0,0.5,87.2,111.0,17.2,0.9,2.0,7.9,0.0,0.0,0.0,0.0,0.0,0.0,0.0,0.0,0.0,0.0,,0.0,,0.0,,0.0,0.0,0.0,0.0,0.0,0.0,0.0,0.0,0.0,0.0,0.0,0.0,0.0,0.0,0.0,0.0,0.0,0.0,0.0,0.0,,,,,,25.07,84.17,85.14,,3615.0,49407.0,,,50,
2025-12-26,84.9,0.0,1628.1,23.9,3.8,3.4000000000000004,7.8,0.0,4.7,199.7,952.5999999999999,143.2,7.1,116.2,155.2,0.6,39.8,11.0,10.9,0.0,300.0,0.0,519.0,85.0,0.0,0.0,0.0,0.0,0.0,,0.0,,0.0,,0.0,0.0,0.0,0.0,0.0,0.0,0.0,0.0,0.0,0.0,0.0,0.0,0.0,0.0,0.0,0.0,0.0,0.0,0.0,0.0,,,,,,25.03,84.1,85.1,,4074.0,49488.0,,,50,
2025-12-27,84.4,0.0,1934.7,52.2,24.0,0.6,3.5,0.0,94.5,0.0,384.7,199.3,7.8,55.9,175.0,0.0,23.6,0.7,28.5,0.0,200.0,0.0,250.0,40.0,0.0,0.0,0.0,0.0,0.0,,0.0,,0.0,,0.0,0.0,0.0,0.0,0.0,0.0,0.0,0.0,0.0,0.0,0.0,0.0,0.0,0.0,0.0,0.0,0.0,0.0,0.0,0.0,,,,,,25.0,84.03,85.06,,4174.0,50079.0,,,50,
2025-12-28,84.3,0.0,1530.4,16.5,4.0,0.6,3.5,0.0,0.0,0.0,461.6,177.9,2.4,98.80000000000001,157.9,0.0,28.3,0.7,0.0,0.0,0.0,0.0,0.0,0.0,0.0,0.0,0.0,0.0,0.0,,0.0,,0.0,,0.0,0.0,0.0,0.0,0.0,0.0,0.0,0.0,0.0,0.0,0.0,0.0,0.0,0.0,0.0,0.0,0.0,0.0,0.0,0.0,,,,,,24.97,83.96,85.01,,4174.0,50061.0,,,50,
2025-12-29,84.3,0.0,1909.6,19.200000000000003,10.2,0.1,0.0,0.0,0.0,5.0,461.6,203.3,2.4,129.0,136.2,0.0,28.3,0.7,0.0,0.0,500.0,0.0,625.0,110.0,0.0,0.0,0.0,0.0,0.0,,0.0,,0.0,,0.0,0.0,0.0,0.0,0.0,0.0,0.0,0.0,0.0,0.0,0.0,0.0,0.0,0.0,0.0,0.0,0.0,0.0,0.0,0.0,,,,,,24.93,83.89,84.97,,4292.0,50042.0,,,50,
2025-12-30,84.7,0.0,2191.0,89.5,40.7,0.9,3.6,0.0,39.6,638.0999999999999,151.0,220.8,11.8,109.1,132.5,0.0,43.0,3.0,6.5,0.0,0.0,0.0,750.0,80.0,0.0,0.0,0.0,0.0,0.0,,0.0,,0.0,,0.0,0.0,0.0,0.0,0.0,0.0,0.0,0.0,0.0,0.0,0.0,0.0,0.0,0.0,0.0,0.0,0.0,0.0,0.0,0.0,,,,,,24.9,83.81,84.93,,4552.0,50443.0,,,50,
2025-12-31,85.0,0.0,1857.6999999999998,52.699999999999996,12.299999999999999,8.7,20.5,0.0,156.9,269.8,256.4,171.4,0.6,121.0,169.9,3.2,3.3,4.5,8.4,0.0,300.0,0.0,360.0,70.0,0.0,0.0,0.0,0.0,0.0,,0.0,,0.0,,0.0,0.0,0.0,0.0,0.0,0.0,0.0,0.0,0.0,0.0,0.0,0.0,0.0,0.0,0.0,0.0,0.0,0.0,0.0,0.0,,,,,,24.87,83.74,84.89,,4912.0,50392.0,,,50,
2026-01-01,84.2,0.0,1811.3,25.5,8.4,2.0,9.3,0.0,131.4,105.3,971.8,202.2,4.8,104.4,187.39999999999998,0.0,15.3,1.2,1.3,0.0,700.0,0.0,700.0,130.0,0.0,0.0,0.0,0.0,0.0,,0.0,,0.0,,0.0,0.0,0.0,0.0,0.0,0.0,0.0,0.0,0.0,0.0,0.0,0.0,0.0,0.0,0.0,0.0,0.0,0.0,0.0,0.0,,,,,,24.83,83.67,84.84,,5612.0,49538.0,,,50,
2026-01-02,84.7,0.0,1563.2,39.8,21.7,0.6,0.4,0.0,455.0,632.1,624.0999999999999,164.8,9.4,71.5,135.5,0.0,0.0,11.0,20.8,0.0,0.0,0.0,0.0,0.0,0.0,0.0,0.0,0.0,0.0,,0.0,,0.0,,0.0,0.0,0.0,0.0,0.0,0.0,0.0,0.0,0.0,0.0,0.0,0.0,0.0,0.0,0.0,0.0,0.0,0.0,0.0,0.0,,,,,,24.8,83.6,84.8,,5612.0,49258.0,,,50,
2026-01-03,84.1,0.0,1779.0,31.599999999999998,6.9,0.0,0.0,0.0,0.0,0.0,0.0,188.2,0.7,58.7,165.3,0.0,0.0,0.0,0.0,0.0,0.0,0.0,0.0,0.0,0.0,0.0,0.0,0.0,0.0,,0.0,,0.0,,0.0,0.0,0.0,0.0,0.0,0.0,0.0,0.0,0.0,0.0,0.0,0.0,0.0,0.0,0.0,0.0,0.0,0.0,0.0,0.0,,,,,,24.77,83.53,84.76,,5612.0,49662.0,,,50,
2026-01-04,84.1,0.0,1921.8000000000002,34.5,11.2,0.0,0.0,0.0,0.0,101.0,396.8,186.3,4.7,69.9,214.9,21.7,145.7,9.0,12.4,0.0,0.0,0.0,507.0,87.0,0.0,0.0,0.0,0.0,0.0,,0.0,,0.0,,0.0,0.0,0.0,0.0,0.0,0.0,0.0,0.0,0.0,0.0,0.0,0.0,0.0,0.0,0.0,0.0,0.0,0.0,0.0,0.0,,,,,,24.73,83.46,84.71,,5969.0,50244.0,,,50,
2026-01-05,84.5,0.0,1453.1,16.6,6.1,0.1,0.0,0.0,0.0,2.7,214.0,156.4,4.8,112.4,164.7,0.0,15.3,1.2,1.3,0.0,0.0,0.0,0.0,0.0,0.0,0.0,0.0,0.0,0.0,,0.0,,0.0,,0.0,0.0,0.0,0.0,0.0,0.0,0.0,0.0,0.0,0.0,0.0,0.0,0.0,0.0,0.0,0.0,0.0,0.0,0.0,0.0,,,,,,24.7,83.39,84.67,,5969.0,50076.0,,,50,
2026-01-06,84.2,0.0,1473.8,31.2,8.5,1.0,7.0,0.0,153.0,145.7,460.8,114.8,0.8,50.7,160.2,0.0,0.0,0.0,0.0,0.0,0.0,0.0,0.0,0.0,0.0,0.0,0.0,0.0,0.0,,0.0,,0.0,,0.0,0.0,0.0,0.0,0.0,0.0,0.0,0.0,0.0,0.0,0.0,0.0,0.0,0.0,0.0,0.0,0.0,0.0,0.0,0.0,,,,,,24.67,83.31,84.63,,5488.0,49493.0,,,50,
2026-01-07,83.6,0.0,1523.1999999999998,47.099999999999994,6.8,0.0,0.0,0.0,0.0,0.0,0.0,138.3,0.5,55.5,129.2,0.0,0.0,0.0,0.0,0.0,0.0,0.0,0.0,0.0,0.0,0.0,0.0,0.0,0.0,,0.0,,0.0,,0.0,0.0,0.0,0.0,0.0,0.0,0.0,0.0,0.0,0.0,0.0,0.0,0.0,0.0,0.0,0.0,0.0,0.0,0.0,0.0,,,,,,24.63,83.24,84.59,,5338.0,49544.0,,,50,
2026-01-08,83.8,0.0,1292.5,37.4,12.7,3.8,7.3,0.1,744.0,301.0,364.5,91.80000000000001,2.1,60.9,142.1,53.1,106.5,11.7,20.4,0.0,0.0,0.0,0.0,0.0,0.0,0.0,0.0,0.0,0.0,,0.0,,0.0,,0.0,0.0,0.0,0.0,0.0,0.0,0.0,0.0,0.0,0.0,0.0,0.0,0.0,0.0,0.0,0.0,0.0,0.0,0.0,0.0,,,,,,24.6,83.17,84.54,,5338.0,49488.0,,,50,
2026-01-09,84.3,0.0,1887.5,25.3,9.1,0.5,3.5,0.0,0.0,0.7,0.0,237.3,1.2999999999999998,137.5,168.7,0.0,0.0,0.0,0.0,0.0,0.0,0.0,0.0,0.0,0.0,0.0,0.0,0.0,0.0,,0.0,,0.0,,0.0,0.0,0.0,0.0,0.0,0.0,0.0,0.0,0.0,0.0,0.0,0.0,0.0,0.0,0.0,0.0,0.0,0.0,0.0,0.0,,,,,,24.57,83.1,84.5,,5338.0,50036.0,,,50,
2026-01-10,84.0,0.0,1865.2,37.0,11.0,0.5,3.5,0.0,0.0,0.0,0.0,178.60000000000002,0.8,63.8,193.1,0.0,0.0,0.0,0.0,0.0,0.0,0.0,481.0,70.0,0.0,0.0,0.0,0.0,0.0,,0.0,,0.0,,0.0,0.0,0.0,0.0,0.0,0.0,0.0,0.0,0.0,0.0,0.0,0.0,0.0,0.0,0.0,0.0,0.0,0.0,0.0,0.0,,,,,,24.53,83.03,84.46,,5452.0,50190.0,,,50,
2026-01-11,83.9,0.0,1618.2,29.5,7.300000000000001,0.0,0.0,0.0,0.0,0.7,0.0,191.6,3.4,76.7,141.2,0.0,0.0,0.0,0.0,0.0,0.0,0.0,490.0,80.0,0.0,0.0,0.0,0.0,0.0,,0.0,,0.0,,0.0,0.0,0.0,0.0,0.0,0.0,0.0,0.0,0.0,0.0,0.0,0.0,0.0,0.0,0.0,0.0,0.0,0.0,0.0,0.0,,,,,,24.5,82.96,84.41,,5942.0,50546.0,,,50,
2026-01-12,84.3,0.0,1766.9,19.6,8.9,0.1,0.1,0.0,0.0,2.7,175.0,225.4,5.8,160.0,157.2,0.0,45.0,4.0,2.0,0.0,0.0,0.0,150.0,30.0,0.0,0.0,0.0,0.0,0.0,,0.0,,0.0,,0.0,0.0,0.0,0.0,0.0,0.0,0.0,0.0,0.0,0.0,0.0,0.0,0.0,0.0,0.0,0.0,0.0,0.0,0.0,0.0,,,,,,24.47,82.89,84.37,,5898.0,50964.0,,,50,
2026-01-13,84.3,0.0,1623.1,36.1,7.1,0.5,3.5,0.0,0.0,35.0,0.0,176.0,3.1999999999999997,126.60000000000001,150.89999999999998,0.0,0.0,0.5,0.0,0.0,0.0,0.0,108.0,15.0,0.0,0.0,0.0,0.0,0.0,,0.0,,0.0,,0.0,0.0,0.0,0.0,0.0,0.0,0.0,0.0,0.0,0.0,0.0,0.0,0.0,0.0,0.0,0.0,0.0,0.0,0.0,0.0,,,,,,24.43,82.81,84.33,,5499.0,50872.0,,,50,
2026-01-14,83.7,0.0,1362.7,19.4,5.6,0.0,0.0,0.0,0.0,0.7,0.0,144.1,0.6,108.2,134.3,0.0,0.0,0.0,0.0,0.0,0.0,0.0,0.0,0.0,0.0,0.0,0.0,0.0,0.0,,0.0,,0.0,,0.0,0.0,0.0,0.0,0.0,0.0,0.0,0.0,0.0,0.0,0.0,0.0,0.0,0.0,0.0,0.0,0.0,0.0,0.0,0.0,,,,,,24.4,82.74,84.29,,5499.0,50702.0,,,50,
2026-01-15,83.7,0.0,1454.1,34.4,4.9,0.0,0.0,0.0,0.0,0.0,0.0,151.9,0.5,115.7,129.5,0.0,0.0,0.0,0.0,0.0,0.0,0.0,100.0,15.0,0.0,0.0,0.0,0.0,0.0,,0.0,,0.0,,0.0,0.0,0.0,0.0,0.0,0.0,0.0,0.0,0.0,0.0,0.0,0.0,0.0,0.0,0.0,0.0,0.0,0.0,0.0,0.0,,,,,,24.37,82.67,84.24,,5599.0,50800.0,,,50,
2026-01-16,83.9,0.0,1506.8000000000002,45.400000000000006,5.1,0.0,0.0,0.0,0.0,0.0,0.0,143.0,0.5,50.7,122.30000000000001,0.0,0.0,0.0,0.0,0.0,0.0,0.0,0.0,0.0,0.0,0.0,0.0,0.0,0.0,,0.0,,0.0,,0.0,0.0,0.0,0.0,0.0,0.0,0.0,0.0,0.0,0.0,0.0,0.0,0.0,0.0,0.0,0.0,0.0,0.0,0.0,0.0,,,,,,24.33,82.6,84.2,,5599.0,50858.0,,,50,
2026-01-17,83.9,0.0,5679.1,15.6,4.2,0.0,0.0,0.0,0.0,0.0,0.0,95.2,0.9,36.2,36.2,0.0,0.0,0.0,0.0,0.0,0.0,0.0,0.0,0.0,0.0,0.0,0.0,0.0,0.0,,0.0,,0.0,,0.0,0.0,0.0,0.0,0.0,0.0,0.0,0.0,0.0,0.0,0.0,0.0,0.0,0.0,0.0,0.0,0.0,0.0,0.0,0.0,,,,,,24.3,82.53,84.16,,5599.0,54978.0,,,50,
2026-01-18,0.0,0.0,1263.7,24.4,0.0,0.0,0.0,0.0,0.0,0.0,0.0,25.8,0.0,0.0,32.7,0.0,0.0,0.0,0.0,0.0,0.0,0.0,0.0,0.0,0.0,0.0,0.0,0.0,0.0,,0.0,,0.0,,0.0,0.0,0.0,0.0,0.0,0.0,0.0,0.0,0.0,0.0,0.0,0.0,0.0,0.0,0.0,0.0,0.0,0.0,0.0,0.0,,,,,,24.27,82.46,84.11,,5599.0,54831.0,,,50,
2026-01-19,85.4,0.0,1788.6,27.3,4.0,1.0,7.0,0.0,0.0,0.0,0.0,201.5,54.7,54.8,142.0,0.0,0.0,0.0,0.0,0.0,0.0,0.0,150.0,30.0,0.0,0.0,0.0,0.0,0.0,,0.0,,0.0,,0.0,0.0,0.0,0.0,0.0,0.0,0.0,0.0,0.0,0.0,0.0,0.0,0.0,0.0,0.0,0.0,0.0,0.0,0.0,0.0,,,,,,24.23,82.39,84.07,,5509.0,54962.0,,,51,
2026-01-20,84.3,0.0,1666.0,18.9,5.7,0.5,3.5,0.0,0.0,0.0,0.0,128.1,0.0,81.5,192.1,0.0,0.0,0.0,0.0,0.0,0.0,0.0,507.0,87.0,0.0,0.0,0.0,0.0,0.0,,0.0,,0.0,,0.0,0.0,0.0,0.0,0.0,0.0,0.0,0.0,0.0,0.0,0.0,0.0,0.0,0.0,0.0,0.0,0.0,0.0,0.0,0.0,,,,,,24.2,82.31,84.03,,6016.0,55292.0,,,51,
2026-01-21,84.3,0.0,1532.5,18.7,6.0,0.0,0.0,0.0,0.0,0.0,0.0,100.1,0.0,84.7,190.7,0.0,0.0,0.0,0.0,0.0,0.0,0.0,0.0,0.0,0.0,0.0,0.0,0.0,0.0,,0.0,,0.0,,0.0,0.0,0.0,0.0,0.0,0.0,0.0,0.0,0.0,0.0,0.0,0.0,0.0,0.0,0.0,0.0,0.0,0.0,0.0,0.0,,,,,,24.17,82.24,83.99,,6016.0,55653.0,,,51,
2026-01-22,83.9,0.0,1608.5,23.2,2.4,0.0,0.0,0.0,0.0,0.0,0.0,299.6,83.30000000000001,117.3,126.5,0.0,0.0,0.0,0.0,0.0,50.0,0.0,154.0,30.0,0.0,0.0,0.0,0.0,0.0,,0.0,,0.0,,0.0,0.0,0.0,0.0,0.0,0.0,0.0,0.0,0.0,0.0,0.0,0.0,0.0,0.0,0.0,0.0,0.0,0.0,0.0,0.0,,,,,,24.13,82.17,83.94,,6170.0,55543.0,,,51,
2026-01-23,83.5,0.0,1477.5,26.4,7.9,0.1,0.0,0.0,68.8,75.5,560.8,156.1,2.4,103.6,146.5,0.0,7.7,0.6,0.7,0.0,0.0,0.0,100.0,15.0,0.0,0.0,0.0,0.0,0.0,,0.0,,0.0,,0.0,0.0,0.0,0.0,0.0,0.0,0.0,0.0,0.0,0.0,0.0,0.0,0.0,0.0,0.0,0.0,0.0,0.0,0.0,0.0,,,,,,24.1,82.1,83.9,,5951.0,53910.0,,,51,
2026-01-24,83.1,0.0,1986.6000000000001,43.9,14.3,0.5,3.5,0.0,0.0,1540.0,0.0,247.9,4.5,91.7,130.2,0.0,0.0,0.0,0.0,0.0,0.0,0.0,569.0,85.0,0.0,0.0,0.0,0.0,0.0,,0.0,,0.0,,0.0,0.0,0.0,0.0,0.0,0.0,0.0,0.0,0.0,0.0,0.0,0.0,0.0,0.0,0.0,0.0,0.0,0.0,0.0,0.0,,,,,,24.07,82.03,83.86,,6520.0,53956.0,,,51,
2026-01-25,83.9,0.0,1759.3,34.7,10.299999999999999,0.5,3.5,0.0,200.0,1920.0,74.0,168.1,5.3,41.2,187.8,0.0,0.0,3.2,11.2,0.0,0.0,0.0,515.0,79.0,0.0,0.0,0.0,0.0,0.0,,0.0,,0.0,,0.0,0.0,0.0,0.0,0.0,0.0,0.0,0.0,0.0,0.0,0.0,0.0,0.0,0.0,0.0,0.0,0.0,0.0,0.0,0.0,,,,,,24.03,81.96,83.81,,6516.0,54088.0,,,51,
2026-01-26,83.7,0.0,1475.1,21.4,5.1,0.0,0.0,0.0,0.0,1.6,0.0,164.7,3.7,103.4,158.9,0.0,0.0,0.0,0.0,0.0,0.0,0.0,0.0,0.0,0.0,0.0,0.0,0.0,0.0,,0.0,,0.0,,0.0,0.0,0.0,0.0,0.0,0.0,0.0,0.0,0.0,0.0,0.0,0.0,0.0,0.0,0.0,0.0,0.0,0.0,0.0,0.0,,,,,,24.0,81.89,83.77,,6266.0,53628.0,,,51,
2026-01-27,83.6,0.0,1663.0,32.9,16.4,0.5,3.5,0.0,400.0,1.0,148.0,159.2,4.1,111.0,176.3,0.0,0.0,0.0,0.0,0.0,200.0,0.0,177.0,40.0,0.0,0.0,0.0,0.0,0.0,,0.0,,0.0,,0.0,0.0,0.0,0.0,0.0,0.0,0.0,0.0,0.0,0.0,0.0,0.0,0.0,0.0,0.0,0.0,0.0,0.0,0.0,0.0,,,,,,23.97,81.81,83.73,,6443.0,53761.0,,,51,
2026-01-28,83.1,0.0,1514.3,31.0,5.2,0.1,0.0,0.0,0.0,2.6,107.0,181.5,8.3,127.7,131.3,0.0,7.7,0.6,0.7,0.0,0.0,0.0,100.0,15.0,0.0,0.0,0.0,0.0,0.0,,0.0,,0.0,,0.0,0.0,0.0,0.0,0.0,0.0,0.0,0.0,0.0,0.0,0.0,0.0,0.0,0.0,0.0,0.0,0.0,0.0,0.0,0.0,,,,,,23.93,81.74,83.69,,5918.0,53365.0,,,51,
2026-01-29,82.9,0.0,1337.4,17.7,6.4,0.0,0.0,0.0,0.0,442.0,0.0,160.5,3.8,108.9,137.8,0.0,0.0,0.0,0.0,0.0,0.0,0.0,150.0,30.0,0.0,0.0,0.0,0.0,0.0,,0.0,,0.0,,0.0,0.0,0.0,0.0,0.0,0.0,0.0,0.0,0.0,0.0,0.0,0.0,0.0,0.0,0.0,0.0,0.0,0.0,0.0,0.0,,,,,,23.9,81.67,83.64,,5318.0,52512.0,,,51,
2026-01-30,83.0,0.0,1389.5,17.1,9.7,0.0,0.0,0.0,200.0,1.1,74.0,153.1,0.3,97.9,147.3,0.0,0.0,0.0,0.0,0.0,0.0,0.0,150.0,30.0,0.0,0.0,0.0,0.0,0.0,,0.0,,0.0,,0.0,0.0,0.0,0.0,0.0,0.0,0.0,0.0,0.0,0.0,0.0,0.0,0.0,0.0,0.0,0.0,0.0,0.0,0.0,0.0,,,,,,23.87,81.6,83.6,,5108.0,52044.0,,,51,
2026-01-31,82.9,0.0,1929.3000000000002,49.699999999999996,18.6,0.5,3.5,0.0,200.0,0.0,74.0,207.0,1.3,49.6,152.5,0.0,0.0,0.0,0.0,0.0,0.0,0.0,507.0,87.0,0.0,0.0,0.0,0.0,0.0,,0.0,,0.0,,0.0,0.0,0.0,0.0,0.0,0.0,0.0,0.0,0.0,0.0,0.0,0.0,0.0,0.0,0.0,0.0,0.0,0.0,0.0,0.0,,,,,,23.83,81.53,83.56,,4915.0,52162.0,,,51,
2026-02-01,83.4,0.0,1696.4,42.7,15.6,1.0,7.0,0.0,200.0,0.4,74.0,118.30000000000001,0.5,72.5,204.8,0.0,0.0,0.0,0.0,0.0,300.0,0.0,320.0,70.0,0.0,0.0,0.0,0.0,0.0,,0.0,,0.0,,0.0,0.0,0.0,0.0,0.0,0.0,0.0,0.0,0.0,0.0,0.0,0.0,0.0,0.0,0.0,0.0,0.0,0.0,0.0,0.0,,,,,,23.8,81.46,83.51,,5235.0,52295.0,,,51,
2026-02-02,0.0,0.0,1523.0,32.599999999999994,14.0,0.5,3.5,0.0,400.0,1.5,148.0,180.20000000000002,6.2,101.3,135.8,0.0,0.0,0.0,0.0,0.0,0.0,0.0,0.0,0.0,0.0,0.0,0.0,0.0,0.0,,0.0,,0.0,,0.0,0.0,0.0,0.0,0.0,0.0,0.0,0.0,0.0,0.0,0.0,0.0,0.0,0.0,0.0,0.0,0.0,0.0,0.0,0.0,,,,,,23.77,81.39,83.47,,5235.0,52039.0,,,51,
2026-02-03,83.4,0.0,1327.6,12.3,3.6,0.0,0.0,0.0,0.0,215.0,0.0,141.3,0.0,84.1,154.7,0.0,0.0,0.0,0.0,0.0,200.0,0.0,221.0,40.0,0.0,0.0,0.0,0.0,0.0,,0.0,,0.0,,0.0,0.0,0.0,0.0,0.0,0.0,0.0,0.0,0.0,0.0,0.0,0.0,0.0,0.0,0.0,0.0,0.0,0.0,0.0,0.0,,,,,,23.73,81.31,83.43,,4949.0,51444.0,,,51,
2026-02-04,83.4,0.0,1583.1,62.0,16.2,3.1,12.0,0.0,174.2,1561.0,107.0,155.8,15.0,77.80000000000001,138.2,0.0,7.7,8.5,17.599999999999998,0.0,0.0,0.0,0.0,0.0,0.0,0.0,0.0,0.0,0.0,,0.0,,0.0,,0.0,0.0,0.0,0.0,0.0,0.0,0.0,0.0,0.0,0.0,0.0,0.0,0.0,0.0,0.0,0.0,0.0,0.0,0.0,0.0,,,,,,23.7,81.24,83.39,,4949.0,51574.0,,,51,
2026-02-05,83.5,0.0,1460.3000000000002,17.8,7.0,0.6000000000000001,0.2,0.0,0.0,11.299999999999999,274.8,188.5,20.799999999999997,101.6,146.6,0.1,43.0,3.8,34.7,0.0,0.0,0.0,0.0,0.0,0.0,0.0,0.0,0.0,0.0,,0.0,,0.0,,0.0,0.0,0.0,0.0,0.0,0.0,0.0,0.0,0.0,0.0,0.0,0.0,0.0,0.0,0.0,0.0,0.0,0.0,0.0,0.0,,,,,,23.67,81.17,83.34,,4949.0,51561.0,,,51,
2026-02-06,83.4,0.0,1856.6,32.3,9.2,0.1,0.6,0.0,15.0,1380.3999999999999,0.0,265.4,6.7,101.5,113.0,0.0,0.0,0.0,0.0,0.0,0.0,0.0,0.0,0.0,0.0,0.0,0.0,0.0,0.0,,0.0,,0.0,,0.0,0.0,0.0,0.0,0.0,0.0,0.0,0.0,0.0,0.0,0.0,0.0,0.0,0.0,0.0,0.0,0.0,0.0,0.0,0.0,,,,,,23.63,81.1,83.3,,4949.0,51894.0,,,51,
2026-02-07,83.5,0.0,2083.0,25.9,6.9,0.0,0.0,0.0,0.0,0.0,0.0,140.4,0.5,80.9,126.8,0.0,0.0,0.0,0.0,0.0,700.0,0.0,721.0,130.0,0.0,0.0,0.0,0.0,0.0,,0.0,,0.0,,0.0,0.0,0.0,0.0,0.0,0.0,0.0,0.0,0.0,0.0,0.0,0.0,0.0,0.0,0.0,0.0,0.0,0.0,0.0,0.0,,,,,,23.6,81.03,83.26,,5670.0,52685.0,,,51,
2026-02-08,83.1,0.0,1772.6000000000001,63.4,11.9,0.0,0.0,0.0,0.0,0.0,0.0,148.4,5.3,40.5,146.6,0.0,0.0,0.0,0.0,0.0,0.0,0.0,481.0,70.0,0.0,0.0,0.0,0.0,0.0,,0.0,,0.0,,0.0,0.0,0.0,0.0,0.0,0.0,0.0,0.0,0.0,0.0,0.0,0.0,0.0,0.0,0.0,0.0,0.0,0.0,0.0,0.0,,,,,,23.57,80.96,83.21,,6151.0,52570.0,,,51,
2026-02-09,83.0,0.0,1532.7,35.9,4.1,0.1,0.0,0.0,0.0,2.7,214.0,150.0,4.8,104.4,148.4,0.0,15.3,1.2,1.3,0.0,0.0,0.0,0.0,0.0,0.0,0.0,0.0,0.0,0.0,,0.0,,0.0,,0.0,0.0,0.0,0.0,0.0,0.0,0.0,0.0,0.0,0.0,0.0,0.0,0.0,0.0,0.0,0.0,0.0,0.0,0.0,0.0,,,,,,23.53,80.89,83.17,,5670.0,52238.0,,,51,
2026-02-10,82.5,0.0,1471.7,27.5,5.7,0.1,0.0,0.0,0.0,3.7,214.0,181.6,9.0,118.4,131.9,0.0,15.3,1.2,1.3,0.0,200.0,0.0,175.0,40.0,0.0,0.0,0.0,0.0,0.0,,0.0,,0.0,,0.0,0.0,0.0,0.0,0.0,0.0,0.0,0.0,0.0,0.0,0.0,0.0,0.0,0.0,0.0,0.0,0.0,0.0,0.0,0.0,,,,,,23.5,80.81,83.13,,5355.0,52091.0,,,51,
2026-02-11,82.4,0.0,1432.9,24.8,5.5,1.1,7.0,0.0,0.0,3.0,214.0,129.5,5.8,104.4,168.6,0.0,15.3,1.2,1.3,0.0,0.0,0.0,0.0,0.0,0.0,0.0,0.0,0.0,0.0,,0.0,,0.0,,0.0,0.0,0.0,0.0,0.0,0.0,0.0,0.0,0.0,0.0,0.0,0.0,0.0,0.0,0.0,0.0,0.0,0.0,0.0,0.0,,,,,,23.47,80.74,83.09,,5205.0,51757.0,,,51,
2026-02-12,82.5,0.0,1587.3,12.3,5.5,0.1,0.0,0.0,0.0,2.7,214.0,122.0,4.8,105.0,122.3,0.0,15.3,1.2,1.3,0.0,0.0,0.0,109.0,15.0,0.0,0.0,0.0,0.0,0.0,,0.0,,0.0,,0.0,0.0,0.0,0.0,0.0,0.0,0.0,0.0,0.0,0.0,0.0,0.0,0.0,0.0,0.0,0.0,0.0,0.0,0.0,0.0,,,,,,23.43,80.67,83.04,,5206.0,51721.0,,,51,
2026-02-13,82.2,0.0,1938.7,37.4,11.8,0.0,0.0,0.0,0.0,0.0,0.0,208.9,0.5,88.7,180.89999999999998,0.0,0.0,0.0,0.0,0.0,0.0,0.0,500.0,80.0,0.0,0.0,0.0,0.0,0.0,,0.0,,0.0,,0.0,0.0,0.0,0.0,0.0,0.0,0.0,0.0,0.0,0.0,0.0,0.0,0.0,0.0,0.0,0.0,0.0,0.0,0.0,0.0,,,,,,23.4,80.6,83.0,,5706.0,52297.0,,,51,
2026-02-14,82.4,0.0,1919.7,25.0,7.699999999999999,0.1,0.0,0.0,0.0,2.7,214.0,187.5,5.3999999999999995,99.6,111.8,0.0,15.3,1.2,1.3,0.0,0.0,0.0,500.0,80.0,0.0,0.0,0.0,0.0,0.0,,0.0,,0.0,,0.0,0.0,0.0,0.0,0.0,0.0,0.0,0.0,0.0,0.0,0.0,0.0,0.0,0.0,0.0,0.0,0.0,0.0,0.0,0.0,,,,,,23.37,80.53,82.96,,6106.0,52763.0,,,51,
2026-02-15,82.3,0.0,1467.5,39.9,17.6,0.5,3.5,0.0,400.0,0.0,148.0,157.10000000000002,0.9,62.400000000000006,111.8,0.0,0.0,0.0,0.0,0.0,0.0,0.0,0.0,0.0,0.0,0.0,0.0,0.0,0.0,,0.0,,0.0,,0.0,0.0,0.0,0.0,0.0,0.0,0.0,0.0,0.0,0.0,0.0,0.0,0.0,0.0,0.0,0.0,0.0,0.0,0.0,0.0,,,,,,23.33,80.46,82.91,,6106.0,52724.0,,,51,
2026-02-16,82.0,0.0,1529.0,8.4,3.0,0.0,0.0,0.0,0.0,0.0,0.0,217.60000000000002,0.0,120.80000000000001,103.6,0.0,0.0,0.0,0.0,0.0,0.0,0.0,0.0,0.0,0.0,0.0,0.0,0.0,0.0,,0.0,,0.0,,0.0,0.0,0.0,0.0,0.0,0.0,0.0,0.0,0.0,0.0,0.0,0.0,0.0,0.0,0.0,0.0,0.0,0.0,0.0,0.0,,,,,,23.3,80.39,82.87,,6106.0,48573.0,,,51,
2026-02-17,82.3,0.0,1782.6,26.7,7.7,0.1,0.0,0.0,0.0,2.7,214.0,208.9,5.2,121.4,171.1,0.0,15.3,1.2,1.3,0.0,200.0,0.0,221.0,40.0,0.0,0.0,0.0,0.0,0.0,,0.0,,0.0,,0.0,0.0,0.0,0.0,0.0,0.0,0.0,0.0,0.0,0.0,0.0,0.0,0.0,0.0,0.0,0.0,0.0,0.0,0.0,0.0,,,,,,23.27,80.31,82.83,,6327.0,49092.0,,,51,
2026-02-18,82.0,0.0,1571.0,25.6,7.800000000000001,0.6,3.5,0.0,0.0,2.7,214.0,183.9,5.2,121.5,147.2,0.0,15.3,1.2,1.3,0.0,0.0,0.0,109.0,30.0,0.0,0.0,0.0,0.0,0.0,,0.0,,0.0,,0.0,0.0,0.0,0.0,0.0,0.0,0.0,0.0,0.0,0.0,0.0,0.0,0.0,0.0,0.0,0.0,0.0,0.0,0.0,0.0,,,,,,23.23,80.24,82.79,,6286.0,48875.0,,,51,
2026-02-19,81.8,0.0,1405.2,22.9,6.1,0.6,3.5,0.0,0.0,2.0,214.0,166.60000000000002,5.3,103.6,127.89999999999999,0.0,15.3,1.2,1.3,0.0,0.0,0.0,0.0,0.0,0.0,0.0,0.0,0.0,0.0,,0.0,,0.0,,0.0,0.0,0.0,0.0,0.0,0.0,0.0,0.0,0.0,0.0,0.0,0.0,0.0,0.0,0.0,0.0,0.0,0.0,0.0,0.0,,,,,,23.2,80.17,82.74,,5779.0,48614.0,,,51,
2026-02-20,0.0,0.0,1934.8,14.4,6.6,0.0,0.0,0.0,0.0,0.0,0.0,83.3,0.0,65.1,136.2,0.0,0.0,0.0,0.0,0.0,0.0,0.0,0.0,0.0,0.0,0.0,0.0,0.0,0.0,,0.0,,0.0,,0.0,0.0,0.0,0.0,0.0,0.0,0.0,0.0,0.0,0.0,0.0,0.0,0.0,0.0,0.0,0.0,0.0,0.0,0.0,0.0,,,,,,23.17,80.1,82.7,,5779.0,49016.0,,,51,
2026-02-21,81.8,0.0,1318.5,42.2,10.3,0.5,3.5,0.0,93.9,1288.6,388.4,133.2,0.4,19.0,92.1,0.0,0.0,0.0,0.0,0.0,0.0,0.0,500.0,80.0,0.0,0.0,0.0,0.0,0.0,,0.0,,0.0,,0.0,0.0,0.0,0.0,0.0,0.0,0.0,0.0,0.0,0.0,0.0,0.0,0.0,0.0,0.0,0.0,0.0,0.0,0.0,0.0,,,,,,23.13,80.03,82.66,,6125.0,48726.0,,,51,
2026-02-22,82.2,0.0,1472.9,45.6,9.0,0.0,0.0,0.0,0.0,0.0,0.0,133.8,0.5,51.1,124.0,0.0,0.0,0.0,0.0,0.0,0.0,0.0,0.0,0.0,0.0,0.0,0.0,0.0,0.0,,0.0,,0.0,,0.0,0.0,0.0,0.0,0.0,0.0,0.0,0.0,0.0,0.0,0.0,0.0,0.0,0.0,0.0,0.0,0.0,0.0,0.0,0.0,,,,,,23.1,79.96,82.61,,6025.0,48722.0,,,51,
2026-02-23,81.4,0.0,1482.5,44.1,5.8,0.6,3.5,0.0,0.0,2.3,214.0,105.10000000000001,5.8,59.400000000000006,162.7,0.0,15.3,1.2,1.3,0.0,0.0,0.0,150.0,30.0,0.0,0.0,0.0,0.0,0.0,,0.0,,0.0,,0.0,0.0,0.0,0.0,0.0,0.0,0.0,0.0,0.0,0.0,0.0,0.0,0.0,0.0,0.0,0.0,0.0,0.0,0.0,0.0,,,,,,23.07,79.89,82.57,,5606.0,48218.0,,,51,
2026-02-24,81.7,0.0,2117.4,42.6,8.6,0.0,0.0,0.0,0.0,0.8,0.0,240.5,3.1,81.0,186.0,0.0,0.0,0.0,0.0,0.0,0.0,0.0,600.0,80.0,0.0,0.0,0.0,0.0,0.0,,0.0,,0.0,,0.0,0.0,0.0,0.0,0.0,0.0,0.0,0.0,0.0,0.0,0.0,0.0,0.0,0.0,0.0,0.0,0.0,0.0,0.0,0.0,,,,,,23.03,79.81,82.53,,5691.0,48576.0,,,51,
2026-02-25,81.4,0.0,1774.9,55.599999999999994,7.7,0.0,0.0,0.0,0.0,0.0,0.0,163.2,0.6,62.3,147.6,0.0,0.0,0.0,0.0,0.0,0.0,0.0,0.0,0.0,0.0,0.0,0.0,0.0,0.0,,0.0,,0.0,,0.0,0.0,0.0,0.0,0.0,0.0,0.0,0.0,0.0,0.0,0.0,0.0,0.0,0.0,0.0,0.0,0.0,0.0,0.0,0.0,,,,,,23.0,79.74,82.49,,5691.0,48875.0,,,51,
2026-02-26,81.8,0.0,1994.5,37.5,17.0,0.5,3.5,0.0,200.0,1.0,74.0,175.5,5.6,98.3,239.1,0.0,0.0,0.0,22.0,0.0,0.0,0.0,507.0,87.0,0.0,0.0,0.0,0.0,0.0,,0.0,,0.0,,0.0,0.0,0.0,0.0,0.0,0.0,0.0,0.0,0.0,0.0,0.0,0.0,0.0,0.0,0.0,0.0,0.0,0.0,0.0,0.0,,,,,,22.97,79.67,82.44,,6021.0,49207.0,,,51,
2026-02-27,81.8,0.0,1529.0,35.1,22.7,0.5,3.5,0.0,800.0,0.0,296.0,118.4,0.0,70.1,176.2,0.0,0.0,0.0,0.0,0.0,0.0,0.0,0.0,0.0,0.0,0.0,0.0,0.0,0.0,,0.0,,0.0,,0.0,0.0,0.0,0.0,0.0,0.0,0.0,0.0,0.0,0.0,0.0,0.0,0.0,0.0,0.0,0.0,0.0,0.0,0.0,0.0,,,,,,22.93,79.6,82.4,,5921.0,49222.0,,,51,
2026-02-28,81.8,0.0,1551.3,19.9,5.9,0.0,0.0,0.0,0.0,0.0,0.0,140.0,0.4,83.4,99.1,0.0,0.0,0.0,0.0,0.0,0.0,0.0,150.0,30.0,0.0,0.0,0.0,0.0,0.0,,0.0,,0.0,,0.0,0.0,0.0,0.0,0.0,0.0,0.0,0.0,0.0,0.0,0.0,0.0,0.0,0.0,0.0,0.0,0.0,0.0,0.0,0.0,,,,,,22.9,79.53,82.36,,5921.0,49436.0,,,51,
2026-03-01,82.0,0.0,1786.8,21.6,9.9,0.0,0.0,0.0,200.0,0.0,74.0,102.0,0.3,43.3,86.69999999999999,0.0,0.0,0.0,0.0,0.0,0.0,0.0,306.0,60.0,0.0,0.0,0.0,0.0,0.0,,0.0,,0.0,,0.0,0.0,0.0,0.0,0.0,0.0,0.0,0.0,0.0,0.0,0.0,0.0,0.0,0.0,0.0,0.0,0.0,0.0,0.0,0.0,,,,,,22.87,79.46,82.31,,6077.0,49833.0,,,51,
2026-03-02,82.4,0.0,1548.5,7.8,4.1,0.1,0.0,0.0,0.0,502.0,214.0,145.8,4.8,121.4,98.8,0.0,15.3,1.2,1.3,0.0,0.0,0.0,0.0,0.0,0.0,0.0,0.0,0.0,0.0,,0.0,,0.0,,0.0,0.0,0.0,0.0,0.0,0.0,0.0,0.0,0.0,0.0,0.0,0.0,0.0,0.0,0.0,0.0,0.0,0.0,0.0,0.0,,,,,,22.83,79.39,82.27,,5570.0,49452.0,,,51,
2026-03-03,81.8,0.0,1402.6,15.8,2.8,0.5,3.5,0.0,0.0,653.0,0.0,149.0,4.8,99.7,161.3,0.0,0.0,0.0,0.0,0.0,0.0,0.0,0.0,0.0,0.0,0.0,0.0,0.0,0.0,,0.0,,0.0,,0.0,0.0,0.0,0.0,0.0,0.0,0.0,0.0,0.0,0.0,0.0,0.0,0.0,0.0,0.0,0.0,0.0,0.0,0.0,0.0,,,,,,22.8,79.31,82.23,,5250.0,49158.0,,,51,
2026-03-04,81.2,0.0,1559.2,29.1,6.7,0.5,3.5,0.0,0.0,0.0,0.0,130.3,0.5,77.30000000000001,183.1,0.0,0.0,0.0,0.0,0.0,0.0,0.0,150.0,30.0,0.0,0.0,0.0,0.0,0.0,,0.0,,0.0,,0.0,0.0,0.0,0.0,0.0,0.0,0.0,0.0,0.0,0.0,0.0,0.0,0.0,0.0,0.0,0.0,0.0,0.0,0.0,0.0,,,,,,22.77,79.24,82.19,,5400.0,49194.0,,,51,
2026-03-05,81.4,0.0,1919.9,43.3,15.2,1.0,7.0,0.0,0.0,0.2,0.0,152.1,5.6,96.9,228.6,0.0,0.0,0.0,22.0,0.0,0.0,0.0,569.0,85.0,0.0,0.0,0.0,0.0,0.0,,0.0,,0.0,,0.0,0.0,0.0,0.0,0.0,0.0,0.0,0.0,0.0,0.0,0.0,0.0,0.0,0.0,0.0,0.0,0.0,0.0,0.0,0.0,,,,,,22.73,79.17,82.14,,5748.0,49787.0,,,51,
2026-03-06,81.8,0.0,1710.1,87.60000000000001,6.800000000000001,1.1,7.0,0.0,87.5,2.0,214.0,121.8,5.3,49.2,139.9,0.0,15.3,1.2,1.3,0.0,300.0,0.0,450.0,85.0,0.0,0.0,0.0,0.0,0.0,,0.0,,0.0,,0.0,0.0,0.0,0.0,0.0,0.0,0.0,0.0,0.0,0.0,0.0,0.0,0.0,0.0,0.0,0.0,0.0,0.0,0.0,0.0,,,,,,22.7,79.1,82.1,,6198.0,49914.0,,,51,
2026-03-07,81.8,0.0,2204.5,14.6,3.6,0.0,0.0,0.0,0.0,500.0,0.0,146.0,0.5,80.8,65.8,0.0,0.0,0.0,0.0,0.0,300.0,0.0,300.0,70.0,0.0,0.0,0.0,0.0,0.0,,0.0,,0.0,,0.0,0.0,0.0,0.0,0.0,0.0,0.0,0.0,0.0,0.0,0.0,0.0,0.0,0.0,0.0,0.0,0.0,0.0,0.0,0.0,,,,,,22.67,79.03,82.06,,6498.0,50658.0,,,51,
2026-03-08,82.2,0.0,1613.6999999999998,29.4,8.0,0.1,0.0,0.0,0.0,502.0,214.0,216.7,5.2,106.1,116.0,0.0,15.3,1.2,1.3,0.0,200.0,0.0,398.0,55.0,0.0,0.0,0.0,0.0,0.0,,0.0,,0.0,,0.0,0.0,0.0,0.0,0.0,0.0,0.0,0.0,0.0,0.0,0.0,0.0,0.0,0.0,0.0,0.0,0.0,0.0,0.0,0.0,,,,,,22.63,78.96,82.01,,6896.0,50415.0,,,51,
2026-03-09,81.8,0.0,1857.0,3.4,2.0,0.0,0.0,0.0,0.0,0.0,0.0,68.30000000000001,0.0,61.5,84.1,0.0,0.0,0.0,0.0,0.0,0.0,0.0,0.0,0.0,0.0,0.0,0.0,0.0,0.0,,0.0,,0.0,,0.0,0.0,0.0,0.0,0.0,0.0,0.0,0.0,0.0,0.0,0.0,0.0,0.0,0.0,0.0,0.0,0.0,0.0,0.0,0.0,,,,,,22.6,78.89,81.97,,6175.0,50189.0,,,51,
2026-03-10,0.0,0.0,1605.4,33.9,5.4,0.0,0.0,0.0,0.0,0.0,0.0,122.6,0.0,88.0,198.1,0.0,0.0,0.0,0.0,0.0,0.0,0.0,0.0,0.0,0.0,0.0,0.0,0.0,0.0,,0.0,,0.0,,0.0,0.0,0.0,0.0,0.0,0.0,0.0,0.0,0.0,0.0,0.0,0.0,0.0,0.0,0.0,0.0,0.0,0.0,0.0,0.0,,,,,,22.57,78.81,81.93,,5694.0,50022.0,,,51,
2026-03-11,81.2,0.0,1626.3,35.6,11.2,1.0,7.0,0.0,200.0,2000.7,74.0,168.1,6.1,59.2,152.4,0.0,0.0,0.0,0.0,0.0,0.0,0.0,150.0,15.0,0.0,0.0,0.0,0.0,0.0,,0.0,,0.0,,0.0,0.0,0.0,0.0,0.0,0.0,0.0,0.0,0.0,0.0,0.0,0.0,0.0,0.0,0.0,0.0,0.0,0.0,0.0,0.0,,,,,,22.53,78.74,81.89,,5844.0,50115.0,,,51,
2026-03-12,81.6,0.0,1489.3,37.699999999999996,6.8,0.0,0.0,0.0,0.0,0.7,0.0,115.0,0.0,79.5,162.3,0.0,0.0,0.0,0.0,0.0,0.0,0.0,134.0,15.0,0.0,0.0,0.0,0.0,0.0,,0.0,,0.0,,0.0,0.0,0.0,0.0,0.0,0.0,0.0,0.0,0.0,0.0,0.0,0.0,0.0,0.0,0.0,0.0,0.0,0.0,0.0,0.0,,,,,,22.5,78.67,81.84,,5803.0,50133.0,,,51,
2026-03-13,81.4,0.0,2224.9,22.4,5.3,0.0,0.0,0.0,0.0,0.0,0.0,108.2,0.0,29.6,101.8,0.0,0.0,0.0,0.0,0.0,0.0,0.0,0.0,0.0,0.0,0.0,0.0,0.0,0.0,,0.0,,0.0,,0.0,0.0,0.0,0.0,0.0,0.0,0.0,0.0,0.0,0.0,0.0,0.0,0.0,0.0,0.0,0.0,0.0,0.0,0.0,0.0,,,,,,22.47,78.6,81.8,,5803.0,50925.0,,,51,
2026-03-14,0.0,0.0,2504.0,0.3,0.1,0.1,0.0,0.0,0.0,2.0,214.0,27.6,4.8,20.8,0.5,0.0,15.3,1.2,1.3,0.0,0.0,0.0,0.0,0.0,0.0,0.0,0.0,0.0,0.0,,0.0,,0.0,,0.0,0.0,0.0,0.0,0.0,0.0,0.0,0.0,0.0,0.0,0.0,0.0,0.0,0.0,0.0,0.0,0.0,0.0,0.0,0.0,,,,,,22.43,78.53,81.76,,5694.0,51842.0,,,51,
2026-03-15,0.0,0.0,2248.0,4.0,2.0,0.0,0.0,0.0,0.0,0.0,0.0,10.0,0.0,8.0,20.0,0.0,0.0,0.0,0.0,0.0,0.0,0.0,0.0,0.0,0.0,0.0,0.0,0.0,0.0,,0.0,,0.0,,0.0,0.0,0.0,0.0,0.0,0.0,0.0,0.0,0.0,0.0,0.0,0.0,0.0,0.0,0.0,0.0,0.0,0.0,0.0,0.0,,,,,,22.4,78.46,81.71,,5194.0,52151.0,,,51,
2026-03-16,82.8,0.0,1508.4,31.5,9.1,0.5,3.5,0.0,0.0,1000.7,0.0,151.3,0.4,91.1,146.2,0.0,0.0,0.0,0.0,0.0,0.0,0.0,0.0,0.0,0.0,0.0,0.0,0.0,0.0,,0.0,,0.0,,0.0,0.0,0.0,0.0,0.0,0.0,0.0,0.0,0.0,0.0,0.0,0.0,0.0,0.0,0.0,0.0,0.0,0.0,0.0,0.0,,,,,,22.37,78.39,81.67,,4694.0,51740.0,,,51,
2026-03-17,82.3,0.0,1410.9,27.7,9.0,0.5,3.5,0.0,0.0,0.7,0.0,128.3,0.4,94.30000000000001,152.9,0.0,0.0,0.0,0.0,0.0,0.0,0.0,150.0,30.0,0.0,0.0,0.0,0.0,0.0,,0.0,,0.0,,0.0,0.0,0.0,0.0,0.0,0.0,0.0,0.0,0.0,0.0,0.0,0.0,0.0,0.0,0.0,0.0,0.0,0.0,0.0,0.0,,,,,,22.33,78.31,81.63,,4844.0,51683.0,,,51,
2026-03-18,81.9,0.0,1556.9,32.3,9.9,1.0,7.0,0.0,0.0,1.8,0.0,162.8,4.8,101.3,156.6,0.0,0.0,0.0,0.0,0.0,0.0,0.0,108.0,15.0,0.0,0.0,0.0,0.0,0.0,,0.0,,0.0,,0.0,0.0,0.0,0.0,0.0,0.0,0.0,0.0,0.0,0.0,0.0,0.0,0.0,0.0,0.0,0.0,0.0,0.0,0.0,0.0,,,,,,22.3,78.24,81.58,,4952.0,51711.0,,,51,
2026-03-19,81.6,0.0,1417.5,22.8,10.5,0.0,0.0,0.0,200.0,2.0,74.0,156.9,3.7,104.5,150.9,0.0,0.0,0.0,0.0,0.0,0.0,0.0,515.0,79.0,0.0,0.0,0.0,0.0,0.0,,0.0,,0.0,,0.0,0.0,0.0,0.0,0.0,0.0,0.0,0.0,0.0,0.0,0.0,0.0,0.0,0.0,0.0,0.0,0.0,0.0,0.0,0.0,,,,,,22.27,78.17,81.54,,5246.0,51346.0,,,51,
2026-03-20,81.6,0.0,1435.1,33.1,8.1,1.5,10.5,0.0,109.5,3.4,577.5,81.8,0.0,71.0,199.5,0.0,0.0,0.0,0.0,0.0,200.0,0.0,341.0,55.0,0.0,0.0,0.0,0.0,0.0,,0.0,,0.0,,0.0,0.0,0.0,0.0,0.0,0.0,0.0,0.0,0.0,0.0,0.0,0.0,0.0,0.0,0.0,0.0,0.0,0.0,0.0,0.0,,,,,,22.23,78.1,81.5,,5478.0,51210.0,,,51,
2026-03-21,81.4,0.0,2035.1999999999998,48.0,15.600000000000001,0.0,0.0,0.0,85.2,92.1,562.6,207.5,2.9,64.9,178.9,0.0,0.0,0.0,0.0,0.0,0.0,0.0,597.0,85.0,0.0,0.0,0.0,0.0,0.0,,0.0,,0.0,,0.0,0.0,0.0,0.0,0.0,0.0,0.0,0.0,0.0,0.0,0.0,0.0,0.0,0.0,0.0,0.0,0.0,0.0,0.0,0.0,,,,,,22.2,78.03,81.46,,6075.0,51840.0,,,51,
2026-03-22,81.4,0.0,1745.8,34.9,10.4,0.5,3.5,0.0,112.5,172.5,0.0,159.4,0.9,74.0,141.3,0.0,0.0,3.8,0.0,0.0,300.0,0.0,350.0,70.0,0.0,0.0,0.0,0.0,0.0,,0.0,,0.0,,0.0,0.0,0.0,0.0,0.0,0.0,0.0,0.0,0.0,0.0,0.0,0.0,0.0,0.0,0.0,0.0,0.0,0.0,0.0,0.0,,,,,,22.17,77.96,81.41,,6425.0,51651.0,,,51,
2026-03-23,81.8,0.0,1356.8,28.6,8.4,0.5,3.5,0.0,0.0,1.1,0.0,126.4,4.1,80.7,147.1,0.0,0.0,0.0,0.0,0.0,0.0,0.0,0.0,0.0,0.0,0.0,0.0,0.0,0.0,,0.0,,0.0,,0.0,0.0,0.0,0.0,0.0,0.0,0.0,0.0,0.0,0.0,0.0,0.0,0.0,0.0,0.0,0.0,0.0,0.0,0.0,0.0,,,,,,22.13,77.89,81.37,,5925.0,51689.0,,,51,
2026-03-24,81.0,0.0,1307.3,18.6,6.6,0.5,3.5,0.0,0.0,0.0,0.0,139.4,0.5,88.30000000000001,141.8,0.0,0.0,0.0,0.0,0.0,0.0,0.0,0.0,0.0,0.0,0.0,0.0,0.0,0.0,,0.0,,0.0,,0.0,0.0,0.0,0.0,0.0,0.0,0.0,0.0,0.0,0.0,0.0,0.0,0.0,0.0,0.0,0.0,0.0,0.0,0.0,0.0,,,,,,22.1,77.81,81.33,,5925.0,51524.0,,,51,
2026-03-25,81.1,0.0,1378.3,32.9,3.5,0.0,0.0,0.0,0.0,0.0,0.0,130.1,0.0,37.6,134.9,0.0,0.0,0.0,0.0,0.0,0.0,0.0,0.0,0.0,0.0,0.0,0.0,0.0,0.0,,0.0,,0.0,,0.0,0.0,0.0,0.0,0.0,0.0,0.0,0.0,0.0,0.0,0.0,0.0,0.0,0.0,0.0,0.0,0.0,0.0,0.0,0.0,,,,,,22.07,77.74,81.28,,5775.0,51420.0,,,51,
2026-03-26,80.6,0.0,1404.5,30.3,2.1,0.1,0.0,0.0,0.0,502.0,214.0,163.8,4.8,113.4,114.3,0.0,15.3,1.2,1.3,0.0,0.0,0.0,0.0,0.0,0.0,0.0,0.0,0.0,0.0,,0.0,,0.0,,0.0,0.0,0.0,0.0,0.0,0.0,0.0,0.0,0.0,0.0,0.0,0.0,0.0,0.0,0.0,0.0,0.0,0.0,0.0,0.0,,,,,,22.03,77.67,81.24,,5175.0,50707.0,,,51,
2026-03-27,80.4,0.0,1791.1999999999998,47.1,16.5,1.5,5.8,0.2,69.1,795.3000000000001,377.9,188.10000000000002,8.0,54.1,129.5,25.7,5.9,39.8,12.0,0.0,0.0,0.0,0.0,0.0,0.0,0.0,0.0,0.0,0.0,,0.0,,0.0,,0.0,0.0,0.0,0.0,0.0,0.0,0.0,0.0,0.0,0.0,0.0,0.0,0.0,0.0,0.0,0.0,0.0,0.0,0.0,0.0,,,,,,22.0,77.6,81.2,,5175.0,50723.0,,,51,
2026-03-28,0.0,0.0,1517.9,7.8999999999999995,0.3,0.0,0.0,0.0,0.0,189.8,524.2,145.60000000000002,3.5,35.4,62.8,211.7,154.0,12.9,15.6,0.0,0.0,0.0,0.0,0.0,0.0,0.0,0.0,0.0,0.0,,0.0,,0.0,,0.0,0.0,0.0,0.0,0.0,0.0,0.0,0.0,0.0,0.0,0.0,0.0,0.0,0.0,0.0,0.0,0.0,0.0,0.0,0.0,,,,,,21.97,77.53,81.16,,4668.0,50246.0,,,51,
2026-03-29,0.0,0.0,1420.0,41.1,2.5999999999999996,0.0,0.0,0.0,0.0,1824.0,0.0,184.4,0.0,35.4,50.1,0.0,0.0,0.0,0.0,0.0,0.0,0.0,0.0,0.0,0.0,0.0,0.0,0.0,0.0,,0.0,,0.0,,0.0,0.0,0.0,0.0,0.0,0.0,0.0,0.0,0.0,0.0,0.0,0.0,0.0,0.0,0.0,0.0,0.0,0.0,0.0,0.0,,,,,,21.93,77.46,81.11,,4668.0,50137.0,,,51,
2026-03-30,0.0,0.0,1806.2,50.8,7.1,0.2,0.0,0.0,0.0,947.0,966.3,236.6,7.4,59.400000000000006,45.1,20.0,121.89999999999999,22.3,1.0,0.0,0.0,0.0,0.0,0.0,0.0,0.0,0.0,0.0,0.0,,0.0,,0.0,,0.0,0.0,0.0,0.0,0.0,0.0,0.0,0.0,0.0,0.0,0.0,0.0,0.0,0.0,0.0,0.0,0.0,0.0,0.0,0.0,,,,,,21.9,77.39,81.07,,4518.0,50392.0,,,51,
2026-03-31,0.0,0.0,2558.2,20.799999999999997,10.3,0.0,0.0,0.0,400.0,912.0,148.0,135.1,0.0,35.4,40.3,0.0,0.0,0.0,0.0,0.0,0.0,0.0,0.0,0.0,0.0,0.0,0.0,0.0,0.0,,0.0,,0.0,,0.0,0.0,0.0,0.0,0.0,0.0,0.0,0.0,0.0,0.0,0.0,0.0,0.0,0.0,0.0,0.0,0.0,0.0,0.0,0.0,,,,,,21.87,77.31,81.03,,4212.0,51164.0,,,51,
2026-04-01,0.0,0.0,2234.2,77.30000000000001,9.4,2.0,14.0,0.0,0.0,35.0,253.0,301.7,12.7,47.6,58.9,20.0,70.0,21.0,1.0,0.0,0.0,0.0,0.0,0.0,0.0,0.0,0.0,0.0,0.0,,0.0,,0.0,,0.0,0.0,0.0,0.0,0.0,0.0,0.0,0.0,0.0,0.0,0.0,0.0,0.0,0.0,0.0,0.0,0.0,0.0,0.0,0.0,,,,,,21.83,77.24,80.98,,4212.0,51849.0,,,51,
2026-04-02,0.0,0.0,1976.0,44.5,25.5,0.8,0.2,0.0,800.0,3.5,598.0,169.0,24.5,36.5,46.8,0.0,86.0,4.0,6.0,0.0,0.0,0.0,0.0,0.0,0.0,0.0,0.0,0.0,0.0,,0.0,,0.0,,0.0,0.0,0.0,0.0,0.0,0.0,0.0,0.0,0.0,0.0,0.0,0.0,0.0,0.0,0.0,0.0,0.0,0.0,0.0,0.0,,,,,,21.8,77.17,80.94,,4212.0,52423.0,,,51,
2026-04-03,0.0,0.0,2485.7,49.0,24.7,0.8,0.2,0.0,800.0,2.6,598.0,183.7,22.7,42.8,48.4,0.0,86.0,4.0,6.0,0.0,0.0,0.0,0.0,0.0,0.0,0.0,0.0,0.0,0.0,,0.0,,0.0,,0.0,0.0,0.0,0.0,0.0,0.0,0.0,0.0,0.0,0.0,0.0,0.0,0.0,0.0,0.0,0.0,0.0,0.0,0.0,0.0,,,,,,21.77,77.1,80.9,,4062.0,53349.0,,,51,
2026-04-04,0.0,0.0,2253.5,82.9,28.599999999999998,2.0,14.0,0.0,830.0,1792.0,296.0,279.7,11.7,54.0,87.0,0.0,0.0,0.0,0.0,0.0,0.0,0.0,0.0,0.0,0.0,0.0,0.0,0.0,0.0,,0.0,,0.0,,0.0,0.0,0.0,0.0,0.0,0.0,0.0,0.0,0.0,0.0,0.0,0.0,0.0,0.0,0.0,0.0,0.0,0.0,0.0,0.0,,,,,,21.73,77.03,80.86,,3493.0,53683.0,,,51,
2026-04-05,0.0,0.0,2059.7,55.6,26.2,0.0,0.0,0.0,830.0,880.0,296.0,219.7,11.7,54.0,66.0,0.0,0.0,0.0,0.0,0.0,0.0,0.0,0.0,0.0,0.0,0.0,0.0,0.0,0.0,,0.0,,0.0,,0.0,0.0,0.0,0.0,0.0,0.0,0.0,0.0,0.0,0.0,0.0,0.0,0.0,0.0,0.0,0.0,0.0,0.0,0.0,0.0,,,,,,21.7,76.96,80.81,,3043.0,54032.0,,,51,
2026-04-06,0.0,0.0,2189.3,68.3,30.299999999999997,0.3,1.9,0.0,854.6,1004.4,958.2,302.59999999999997,17.099999999999998,115.3,78.8,53.5,155.4,45.7,3.7,0.0,0.0,0.0,0.0,0.0,0.0,0.0,0.0,0.0,0.0,,0.0,,0.0,,0.0,0.0,0.0,0.0,0.0,0.0,0.0,0.0,0.0,0.0,0.0,0.0,0.0,0.0,0.0,0.0,0.0,0.0,0.0,0.0,,,,,,21.67,76.89,80.77,,2743.0,54017.0,,,51,
2026-04-07,0.0,0.0,2039.7,63.6,27.7,0.0,0.0,0.0,860.0,1760.0,296.0,293.7,14.7,74.0,86.0,0.0,0.0,0.0,0.0,0.0,0.0,0.0,0.0,0.0,0.0,0.0,0.0,0.0,0.0,,0.0,,0.0,,0.0,0.0,0.0,0.0,0.0,0.0,0.0,0.0,0.0,0.0,0.0,0.0,0.0,0.0,0.0,0.0,0.0,0.0,0.0,0.0,,,,,,21.63,76.81,80.73,,2345.0,54443.0,,,51,
2026-04-08,0.0,0.0,1179.7,47.6,24.7,0.0,0.0,0.0,800.0,0.0,296.0,145.7,8.7,34.0,46.0,0.0,0.0,0.0,0.0,0.0,0.0,0.0,0.0,0.0,0.0,0.0,0.0,0.0,0.0,,0.0,,0.0,,0.0,0.0,0.0,0.0,0.0,0.0,0.0,0.0,0.0,0.0,0.0,0.0,0.0,0.0,0.0,0.0,0.0,0.0,0.0,0.0,,,,,,21.6,76.74,80.68,,2345.0,53766.0,,,51,
2026-04-09,0.0,0.0,2361.7,55.6,26.2,0.0,0.0,0.0,830.0,880.0,296.0,239.5,11.7,54.0,69.0,0.0,0.0,0.0,0.0,0.0,0.0,0.0,0.0,0.0,0.0,0.0,0.0,0.0,0.0,,0.0,,0.0,,0.0,0.0,0.0,0.0,0.0,0.0,0.0,0.0,0.0,0.0,0.0,0.0,0.0,0.0,0.0,0.0,0.0,0.0,0.0,0.0,,,,,,21.57,76.67,80.64,,2345.0,54522.0,,,51,
2026-04-10,0.0,0.0,1254.1,61.099999999999994,28.7,4.5,22.4,0.0,831.7,563.2,849.7,118.8,5.8,39.800000000000004,56.3,0.0,23.6,4.3999999999999995,1.9,0.0,0.0,0.0,0.0,0.0,0.0,0.0,0.0,0.0,0.0,,0.0,,0.0,,0.0,0.0,0.0,0.0,0.0,0.0,0.0,0.0,0.0,0.0,0.0,0.0,0.0,0.0,0.0,0.0,0.0,0.0,0.0,0.0,,,,,,21.53,76.6,80.6,,2195.0,54150.0,,,51,
2026-04-11,0.0,0.0,1450.0,0.0,0.0,0.0,0.0,0.0,0.0,0.0,0.0,0.0,0.0,0.0,0.0,0.0,0.0,0.0,0.0,0.0,0.0,0.0,0.0,0.0,0.0,0.0,0.0,0.0,0.0,,0.0,,0.0,,0.0,0.0,0.0,0.0,0.0,0.0,0.0,0.0,0.0,0.0,0.0,0.0,0.0,0.0,0.0,0.0,0.0,0.0,0.0,0.0,,,,,,21.5,76.53,80.56,,2061.0,54111.0,,,51,
2026-04-12,82.0,0.0,1916.2,54.7,11.5,0.0,0.0,0.0,0.0,524.2,0.0,175.1,0.7,73.2,173.5,0.0,0.0,0.0,0.0,0.0,0.0,0.0,539.0,112.0,0.0,0.0,0.0,0.0,0.0,,0.0,,0.0,,0.0,0.0,0.0,0.0,0.0,0.0,0.0,0.0,0.0,0.0,0.0,0.0,0.0,0.0,0.0,0.0,0.0,0.0,0.0,0.0,,,,,,21.47,76.46,80.51,,2600.0,53802.0,,,51,
2026-04-13,81.0,0.0,1532.3,34.1,18.5,0.1,0.0,0.0,28.0,1974.0,214.0,174.5,5.1,123.60000000000001,131.0,0.0,15.3,1.2,1.3,0.0,0.0,0.0,150.0,30.0,0.0,0.0,0.0,0.0,0.0,,0.0,,0.0,,0.0,0.0,0.0,0.0,0.0,0.0,0.0,0.0,0.0,0.0,0.0,0.0,0.0,0.0,0.0,0.0,0.0,0.0,0.0,0.0,,,,,,21.43,76.39,80.47,,2750.0,52830.0,,,51,
2026-04-14,80.7,0.0,1506.0,24.2,12.6,0.1,0.0,0.0,200.0,3.5,288.0,199.5,5.3,81.8,123.9,0.0,15.3,1.2,1.3,0.0,300.0,0.0,300.0,70.0,0.0,0.0,0.0,0.0,0.0,,0.0,,0.0,,0.0,0.0,0.0,0.0,0.0,0.0,0.0,0.0,0.0,0.0,0.0,0.0,0.0,0.0,0.0,0.0,0.0,0.0,0.0,0.0,,,,,,21.4,76.31,80.43,,3050.0,52088.0,,,51,
2026-04-15,80.2,0.0,2010.7,64.8,15.1,0.5,3.5,0.0,200.0,0.9,74.0,204.3,3.7,85.2,165.2,0.0,0.0,0.0,0.0,0.0,800.0,0.0,640.0,120.0,0.0,0.0,0.0,0.0,0.0,,0.0,,0.0,,0.0,0.0,0.0,0.0,0.0,0.0,0.0,0.0,0.0,0.0,0.0,0.0,0.0,0.0,0.0,0.0,0.0,0.0,0.0,0.0,,,,,,21.37,76.24,80.38,,3690.0,52591.0,,,51,
2026-04-16,80.7,0.0,1488.1,36.4,16.6,1.0,7.0,0.0,400.0,0.9,148.0,153.4,0.4,55.6,135.8,0.0,0.0,0.0,0.0,0.0,0.0,0.0,150.0,30.0,0.0,0.0,0.0,0.0,0.0,,0.0,,0.0,,0.0,0.0,0.0,0.0,0.0,0.0,0.0,0.0,0.0,0.0,0.0,0.0,0.0,0.0,0.0,0.0,0.0,0.0,0.0,0.0,,,,,,21.33,76.17,80.34,,3690.0,52668.0,,,51,
2026-04-17,80.5,0.0,1334.5,25.1,6.5,0.1,2.4,0.0,68.8,76.5,667.8,142.4,10.399999999999999,96.4,131.3,0.0,15.3,1.2,1.3,0.0,0.0,0.0,0.0,0.0,0.0,0.0,0.0,0.0,0.0,,0.0,,0.0,,0.0,0.0,0.0,0.0,0.0,0.0,0.0,0.0,0.0,0.0,0.0,0.0,0.0,0.0,0.0,0.0,0.0,0.0,0.0,0.0,,,,,,21.3,76.1,80.3,,3582.0,52445.0,,,51,
2026-04-18,80.7,0.0,2509.9,45.3,13.3,0.0,0.0,0.0,0.0,0.9,0.0,269.1,5.8,108.7,245.5,0.0,0.0,0.0,21.6,0.0,0.0,0.0,809.0,166.0,0.0,0.0,0.0,0.0,0.0,,0.0,,0.0,,0.0,0.0,0.0,0.0,0.0,0.0,0.0,0.0,0.0,0.0,0.0,0.0,0.0,0.0,0.0,0.0,0.0,0.0,0.0,0.0,,,,,,21.27,76.03,80.26,,3876.0,53538.0,,,51,
2026-04-19,80.7,0.0,1797.3,72.5,38.8,0.6,1.8,0.0,0.0,24.3,648.2,195.1,2.3,93.5,95.2,31.2,90.2,4.8,34.4,0.0,0.0,0.0,0.0,0.0,0.0,0.0,0.0,0.0,0.0,,0.0,,0.0,,0.0,0.0,0.0,0.0,0.0,0.0,0.0,0.0,0.0,0.0,0.0,0.0,0.0,0.0,0.0,0.0,0.0,0.0,0.0,0.0,,,,,,21.23,75.96,80.21,,3535.0,53900.0,,,51,
2026-04-20,80.8,0.0,1461.4,23.8,4.5,1.0,7.0,0.0,0.0,2.4,0.0,94.2,0.0,87.1,207.5,0.0,0.0,0.0,0.0,0.0,0.0,0.0,228.0,60.0,0.0,0.0,0.0,0.0,0.0,,0.0,,0.0,,0.0,0.0,0.0,0.0,0.0,0.0,0.0,0.0,0.0,0.0,0.0,0.0,0.0,0.0,0.0,0.0,0.0,0.0,0.0,0.0,,,,,,21.2,75.89,80.17,,3166.0,53326.0,,,51,
2026-04-21,80.1,0.0,1562.3,22.0,7.5,0.0,0.0,0.0,0.0,1.7,0.0,170.6,0.7,100.4,163.0,0.0,0.0,0.0,0.0,0.0,0.0,0.0,240.0,45.0,0.0,0.0,0.0,0.0,0.0,,0.0,,0.0,,0.0,0.0,0.0,0.0,0.0,0.0,0.0,0.0,0.0,0.0,0.0,0.0,0.0,0.0,0.0,0.0,0.0,0.0,0.0,0.0,,,,,,21.17,75.81,80.13,,3056.0,53143.0,,,51,
2026-04-22,0.0,0.0,1645.5,26.7,8.7,0.0,0.0,0.0,0.0,0.0,0.0,175.5,0.6,95.0,166.39999999999998,0.0,0.0,0.0,0.0,0.0,50.0,0.0,250.0,65.0,0.0,0.0,0.0,0.0,0.0,,0.0,,0.0,,0.0,0.0,0.0,0.0,0.0,0.0,0.0,0.0,0.0,0.0,0.0,0.0,0.0,0.0,0.0,0.0,0.0,0.0,0.0,0.0,,,,,,21.13,75.74,80.08,,3306.0,53431.0,,,51,
2026-04-23,80.5,0.0,2209.3,36.6,13.8,0.0,0.0,0.0,68.8,73.8,453.8,102.2,3.6,54.400000000000006,166.5,0.0,0.0,0.0,0.0,0.0,0.0,0.0,431.0,70.0,0.0,0.0,0.0,0.0,0.0,,0.0,,0.0,,0.0,0.0,0.0,0.0,0.0,0.0,0.0,0.0,0.0,0.0,0.0,0.0,0.0,0.0,0.0,0.0,0.0,0.0,0.0,0.0,,,,,,21.1,75.67,80.04,,3737.0,54333.0,,,51,
2026-04-24,80.6,0.0,1567.8,25.1,17.8,0.0,0.0,0.0,600.0,1.9,222.0,160.0,1.9,123.5,170.1,0.0,0.0,0.0,0.0,0.0,0.0,0.0,0.0,0.0,0.0,0.0,0.0,0.0,0.0,,0.0,,0.0,,0.0,0.0,0.0,0.0,0.0,0.0,0.0,0.0,0.0,0.0,0.0,0.0,0.0,0.0,0.0,0.0,0.0,0.0,0.0,0.0,,,,,,21.07,75.6,80.0,,3737.0,54523.0,,,51,
2026-04-25,79.8,0.0,1949.9,48.4,11.1,0.0,0.0,0.0,82.5,89.5,598.0,168.8,3.1,36.7,140.1,0.0,3.8,0.3,0.3,0.0,400.0,0.0,300.0,60.0,0.0,0.0,0.0,0.0,0.0,,0.0,,0.0,,0.0,0.0,0.0,0.0,0.0,0.0,0.0,0.0,0.0,0.0,0.0,0.0,0.0,0.0,0.0,0.0,0.0,0.0,0.0,0.0,,,,,,21.03,75.53,79.96,,4037.0,55068.0,,,51,
2026-04-26,80.3,0.0,1714.9,45.3,9.4,0.0,0.0,0.0,82.5,88.5,544.5,115.6,3.6,30.1,196.5,0.0,0.0,0.0,0.0,0.0,200.0,0.0,140.0,40.0,0.0,0.0,0.0,0.0,0.0,,0.0,,0.0,,0.0,0.0,0.0,0.0,0.0,0.0,0.0,0.0,0.0,0.0,0.0,0.0,0.0,0.0,0.0,0.0,0.0,0.0,0.0,0.0,,,,,,21.0,75.46,79.91,,4177.0,54992.0,,,51,
2026-04-27,80.2,0.0,1425.7,31.7,9.3,0.5,3.5,0.0,82.5,89.2,544.5,132.7,0.0,83.6,143.7,0.0,0.0,0.0,0.0,0.0,0.0,0.0,0.0,0.0,0.0,0.0,0.0,0.0,0.0,,0.0,,0.0,,0.0,0.0,0.0,0.0,0.0,0.0,0.0,0.0,0.0,0.0,0.0,0.0,0.0,0.0,0.0,0.0,0.0,0.0,0.0,0.0,,,,,,20.97,75.39,79.87,,4177.0,54900.0,,,51,
2026-04-28,79.7,0.0,1599.7,17.8,5.0,0.0,0.0,0.0,0.0,1.8,0.0,194.0,4.7,132.4,167.7,0.0,0.0,0.0,0.0,0.0,0.0,0.0,375.0,80.0,0.0,0.0,0.0,0.0,0.0,,0.0,,0.0,,0.0,0.0,0.0,0.0,0.0,0.0,0.0,0.0,0.0,0.0,0.0,0.0,0.0,0.0,0.0,0.0,0.0,0.0,0.0,0.0,,,,,,20.93,75.31,79.83,,4552.0,55080.0,,,51,
2026-04-29,79.8,0.0,1693.1,16.8,5.9,0.1,0.0,0.0,0.0,3.8,214.0,237.6,9.899999999999999,168.4,153.39999999999998,0.0,15.3,1.2,1.3,0.0,500.0,0.0,400.0,110.0,0.0,0.0,0.0,0.0,0.0,,0.0,,0.0,,0.0,0.0,0.0,0.0,0.0,0.0,0.0,0.0,0.0,0.0,0.0,0.0,0.0,0.0,0.0,0.0,0.0,0.0,0.0,0.0,,,,,,20.9,75.24,79.78,,4952.0,54966.0,,,51,
2026-04-30,79.9,0.0,1877.9,38.3,11.4,0.5,3.5,0.0,0.0,114.0,0.0,175.10000000000002,4.7,78.80000000000001,203.5,0.0,0.0,0.0,0.0,0.0,0.0,0.0,859.0,182.0,0.0,0.0,0.0,0.0,0.0,,0.0,,0.0,,0.0,0.0,0.0,0.0,0.0,0.0,0.0,0.0,0.0,0.0,0.0,0.0,0.0,0.0,0.0,0.0,0.0,0.0,0.0,0.0,,,,,,20.87,75.17,79.74,,5811.0,54286.0,,,51,
2026-05-01,79.9,0.0,1517.4,47.5,16.6,1.0,7.0,0.0,200.0,0.0,74.0,132.0,0.3,36.599999999999994,135.5,0.0,0.0,0.0,0.0,0.0,0.0,0.0,191.0,60.0,0.0,0.0,0.0,0.0,0.0,,0.0,,0.0,,0.0,0.0,0.0,0.0,0.0,0.0,0.0,0.0,0.0,0.0,0.0,0.0,0.0,0.0,0.0,0.0,0.0,0.0,0.0,0.0,,,,,,20.83,75.1,79.7,,6002.0,53569.0,,,51,
2026-05-02,80.1,0.0,1723.3000000000002,29.8,6.199999999999999,0.5,3.5,0.0,0.0,0.7,0.0,181.9,0.5,101.6,165.3,0.0,0.0,0.0,0.0,0.0,0.0,0.0,387.0,110.0,0.0,0.0,0.0,0.0,0.0,,0.0,,0.0,,0.0,0.0,0.0,0.0,0.0,0.0,0.0,0.0,0.0,0.0,0.0,0.0,0.0,0.0,0.0,0.0,0.0,0.0,0.0,0.0,,,,,,20.8,75.03,79.66,,6389.0,53317.0,,,51,
2026-05-03,80.1,0.0,1504.9,38.7,7.9,0.0,0.0,0.0,0.0,600.2,0.0,139.4,3.3,85.1,153.1,0.0,0.0,0.0,0.0,0.0,400.0,0.0,453.0,60.0,0.0,0.0,0.0,0.0,0.0,,0.0,,0.0,,0.0,0.0,0.0,0.0,0.0,0.0,0.0,0.0,0.0,0.0,0.0,0.0,0.0,0.0,0.0,0.0,0.0,0.0,0.0,0.0,,,,,,20.77,74.96,79.61,,6842.0,52336.0,,,51,
2026-05-04,0.0,0.0,1413.5,32.1,4.0,0.1,0.0,0.0,0.0,2.7,214.0,138.6,4.8,97.8,136.1,0.0,15.3,1.2,1.3,0.0,0.0,0.0,0.0,0.0,0.0,0.0,0.0,0.0,0.0,,0.0,,0.0,,0.0,0.0,0.0,0.0,0.0,0.0,0.0,0.0,0.0,0.0,0.0,0.0,0.0,0.0,0.0,0.0,0.0,0.0,0.0,0.0,,,,,,20.73,74.89,79.57,,6842.0,51496.0,,,51,
2026-05-05,79.4,0.0,2007.0,38.9,13.7,0.0,0.0,0.0,0.0,143.0,304.5,208.2,8.3,130.6,204.7,10.5,43.5,3.0,4.5,0.0,0.0,0.0,667.0,151.0,0.0,0.0,0.0,0.0,0.0,,0.0,,0.0,,0.0,0.0,0.0,0.0,0.0,0.0,0.0,0.0,0.0,0.0,0.0,0.0,0.0,0.0,0.0,0.0,0.0,0.0,0.0,0.0,,,,,,20.7,74.81,79.53,,7509.0,51443.0,,,51,
2026-05-06,79.6,0.0,1736.4,33.5,11.0,0.5,3.5,0.0,0.0,2.0,0.0,176.4,5.3,105.4,188.5,0.0,0.0,0.0,0.0,0.0,500.0,0.0,597.0,110.0,0.0,0.0,0.0,0.0,0.0,,0.0,,0.0,,0.0,0.0,0.0,0.0,0.0,0.0,0.0,0.0,0.0,0.0,0.0,0.0,0.0,0.0,0.0,0.0,0.0,0.0,0.0,0.0,,,,,,20.67,74.74,79.48,,8106.0,50990.0,,,51,
2026-05-07,79.8,0.0,1351.5,29.8,6.7,2.9,5.5,0.1,558.0,215.0,295.5,88.7,1.1,62.1,178.8,47.7,106.5,8.9,15.6,0.0,0.0,0.0,0.0,0.0,0.0,0.0,0.0,0.0,0.0,,0.0,,0.0,,0.0,0.0,0.0,0.0,0.0,0.0,0.0,0.0,0.0,0.0,0.0,0.0,0.0,0.0,0.0,0.0,0.0,0.0,0.0,0.0,,,,,,20.63,74.67,79.44,,8106.0,50302.0,,,51,
2026-05-08,79.7,0.0,1501.4,18.4,6.9,0.0,0.0,0.0,0.0,0.0,0.0,153.0,0.0,104.3,170.2,0.0,0.0,0.0,0.0,0.0,0.0,0.0,311.0,60.0,0.0,0.0,0.0,0.0,0.0,,0.0,,0.0,,0.0,0.0,0.0,0.0,0.0,0.0,0.0,0.0,0.0,0.0,0.0,0.0,0.0,0.0,0.0,0.0,0.0,0.0,0.0,0.0,,,,,,20.6,74.6,79.4,,8417.0,50624.0,,,51,
2026-05-09,79.2,0.0,1636.4,29.9,4.7,0.0,0.0,0.0,0.0,0.7,0.0,161.3,0.4,92.7,171.6,0.0,0.0,0.0,0.0,0.0,0.0,0.0,516.0,80.0,0.0,0.0,0.0,0.0,0.0,,0.0,,0.0,,0.0,0.0,0.0,0.0,0.0,0.0,0.0,0.0,0.0,0.0,0.0,0.0,0.0,0.0,0.0,0.0,0.0,0.0,0.0,0.0,,,,,,20.57,74.53,79.36,,8933.0,49898.0,,,51,
2026-05-10,0.0,0.0,1492.7,33.4,6.300000000000001,0.1,0.0,0.0,0.0,2.0,214.0,148.5,5.2,74.6,149.0,0.0,15.3,1.2,1.3,0.0,0.0,0.0,511.0,80.0,0.0,0.0,0.0,0.0,0.0,,0.0,,0.0,,0.0,0.0,0.0,0.0,0.0,0.0,0.0,0.0,0.0,0.0,0.0,0.0,0.0,0.0,0.0,0.0,0.0,0.0,0.0,0.0,,,,,,20.53,74.46,79.31,,9444.0,50137.0,,,51,
2026-05-11,79.7,0.0,1712.2,29.0,9.4,0.0,0.0,0.0,0.0,1.7,0.0,207.2,4.8,106.8,155.3,0.0,0.0,0.0,0.0,0.0,0.0,0.0,421.0,97.0,0.0,0.0,0.0,0.0,0.0,,0.0,,0.0,,0.0,0.0,0.0,0.0,0.0,0.0,0.0,0.0,0.0,0.0,0.0,0.0,0.0,0.0,0.0,0.0,0.0,0.0,0.0,0.0,,,,,,20.5,74.39,79.27,,9865.0,50399.0,,,51,
2026-05-12,79.9,0.0,1718.6,25.6,8.8,0.0,0.0,0.0,0.0,0.7,0.0,177.10000000000002,0.5,104.7,166.9,0.0,0.0,0.0,0.0,0.0,0.0,0.0,311.0,60.0,0.0,0.0,0.0,0.0,0.0,,0.0,,0.0,,0.0,0.0,0.0,0.0,0.0,0.0,0.0,0.0,0.0,0.0,0.0,0.0,0.0,0.0,0.0,0.0,0.0,0.0,0.0,0.0,,,,,,20.47,74.31,79.23,,9637.0,50202.0,,,51,
2026-05-13,79.6,0.0,1438.2,17.4,2.7,0.0,0.0,0.0,0.0,0.4,0.0,170.1,4.4,85.5,150.9,0.0,0.0,0.0,0.0,0.0,400.0,0.0,422.0,80.0,0.0,0.0,0.0,0.0,0.0,,0.0,,0.0,,0.0,0.0,0.0,0.0,0.0,0.0,0.0,0.0,0.0,0.0,0.0,0.0,0.0,0.0,0.0,0.0,0.0,0.0,0.0,0.0,,,,,,20.43,74.24,79.18,,9909.0,50108.0,,,51,
2026-05-14,79.4,0.0,1510.4,30.5,10.1,0.0,0.0,0.0,200.0,0.0,74.0,160.5,0.4,45.8,140.5,0.0,0.0,0.0,0.0,0.0,0.0,0.0,500.0,80.0,0.0,0.0,0.0,0.0,0.0,,0.0,,0.0,,0.0,0.0,0.0,0.0,0.0,0.0,0.0,0.0,0.0,0.0,0.0,0.0,0.0,0.0,0.0,0.0,0.0,0.0,0.0,0.0,,,,,,20.4,74.17,79.14,,10109.0,50112.0,,,51,
2026-05-15,79.6,0.0,1306.6,24.1,5.5,1.0,7.0,0.0,0.0,324.7,0.0,93.10000000000001,0.1,83.9,171.9,0.0,0.0,0.0,0.0,0.0,0.0,0.0,0.0,0.0,0.0,0.0,0.0,0.0,0.0,,0.0,,0.0,,0.0,0.0,0.0,0.0,0.0,0.0,0.0,0.0,0.0,0.0,0.0,0.0,0.0,0.0,0.0,0.0,0.0,0.0,0.0,0.0,,,,,,20.37,74.1,79.1,,9469.0,49408.0,,,51,
2026-05-16,79.5,0.0,1808.4,56.5,15.1,1.0,7.0,3.9,0.0,600.7,0.0,151.0,0.7,85.8,173.5,0.0,0.0,0.0,0.0,0.0,400.0,0.0,522.0,90.0,0.0,0.0,0.0,0.0,0.0,,0.0,,0.0,,0.0,0.0,0.0,0.0,0.0,0.0,0.0,0.0,0.0,0.0,0.0,0.0,0.0,0.0,0.0,0.0,0.0,0.0,0.0,0.0,,,,,,20.33,74.03,79.06,,9841.0,49728.0,,,51,
2026-05-17,79.9,0.0,1713.9,52.1,7.0,0.1,0.0,0.0,0.0,2.0,214.0,165.3,5.2,74.1,138.0,0.0,15.3,1.2,1.3,0.0,0.0,0.0,340.0,100.0,0.0,0.0,0.0,0.0,0.0,,0.0,,0.0,,0.0,0.0,0.0,0.0,0.0,0.0,0.0,0.0,0.0,0.0,0.0,0.0,0.0,0.0,0.0,0.0,0.0,0.0,0.0,0.0,,,,,,20.3,73.96,79.01,,10181.0,50108.0,,,51,
2026-05-18,79.8,0.0,1814.4,23.1,8.8,0.1,0.0,0.0,0.0,2.7,214.0,256.7,5.3,121.6,132.4,0.0,15.3,1.2,1.3,0.0,0.0,0.0,0.0,0.0,0.0,0.0,0.0,0.0,0.0,,0.0,,0.0,,0.0,0.0,0.0,0.0,0.0,0.0,0.0,0.0,0.0,0.0,0.0,0.0,0.0,0.0,0.0,0.0,0.0,0.0,0.0,0.0,,,,,,20.27,73.89,78.97,,9372.0,49412.0,,,51,
2026-05-19,0.0,0.0,2589.2,58.3,13.4,0.0,0.0,0.0,0.0,190.7,0.0,425.5,25.799999999999997,114.4,100.1,0.0,0.0,15.0,0.0,0.0,0.0,0.0,100.0,15.0,0.0,0.0,0.0,0.0,0.0,,0.0,,0.0,,0.0,0.0,0.0,0.0,0.0,0.0,0.0,0.0,0.0,0.0,0.0,0.0,0.0,0.0,0.0,0.0,0.0,0.0,0.0,0.0,,,,,,20.23,73.81,78.93,,9472.0,50204.0,,,51,
2026-05-20,79.9,0.0,1578.0,23.6,6.8,0.0,0.0,0.0,0.0,216.0,0.0,183.20000000000002,1.1,106.60000000000001,149.79999999999998,0.0,0.0,0.0,0.0,0.0,300.0,0.0,346.0,70.0,0.0,0.0,0.0,0.0,0.0,,0.0,,0.0,,0.0,0.0,0.0,0.0,0.0,0.0,0.0,0.0,0.0,0.0,0.0,0.0,0.0,0.0,0.0,0.0,0.0,0.0,0.0,0.0,,,,,,20.2,73.74,78.88,,9590.0,50320.0,,,51,
2026-05-21,79.4,0.0,1414.9,33.1,9.1,1.0,7.0,0.0,68.8,74.5,453.8,132.7,0.0,83.6,138.7,0.0,0.0,0.0,0.0,0.0,0.0,0.0,0.0,0.0,0.0,0.0,0.0,0.0,0.0,,0.0,,0.0,,0.0,0.0,0.0,0.0,0.0,0.0,0.0,0.0,0.0,0.0,0.0,0.0,0.0,0.0,0.0,0.0,0.0,0.0,0.0,0.0,,,,,,20.17,73.67,78.84,,9350.0,50173.0,,,51,
2026-05-22,0.0,0.0,1573.5,30.9,6.6,1.2,7.0,0.0,0.0,221.2,352.7,171.7,9.3,82.4,140.7,0.0,23.0,2.2,2.7,0.0,0.0,0.0,0.0,0.0,0.0,0.0,0.0,0.0,0.0,,0.0,,0.0,,0.0,0.0,0.0,0.0,0.0,0.0,0.0,0.0,0.0,0.0,0.0,0.0,0.0,0.0,0.0,0.0,0.0,0.0,0.0,0.0,,,,,,20.13,73.6,78.8,,9100.0,50101.0,,,51,
2026-05-23,79.4,0.0,2210.0,56.2,17.1,1.6,8.7,0.0,94.9,308.1,547.3,238.4,6.4,77.6,180.8,0.0,0.0,0.0,0.0,0.0,200.0,0.0,280.0,40.0,0.0,0.0,0.0,0.0,0.0,,0.0,,0.0,,0.0,0.0,0.0,0.0,0.0,0.0,0.0,0.0,0.0,0.0,0.0,0.0,0.0,0.0,0.0,0.0,0.0,0.0,0.0,0.0,,,,,,20.1,73.53,78.76,,8949.0,50102.0,,,51,
2026-05-24,79.7,0.0,1530.1,41.900000000000006,7.6000000000000005,1.0,7.0,0.0,0.0,0.0,0.0,153.2,2.2,23.0,128.8,0.0,0.0,0.0,0.0,0.0,0.0,0.0,0.0,0.0,0.0,0.0,0.0,0.0,0.0,,0.0,,0.0,,0.0,0.0,0.0,0.0,0.0,0.0,0.0,0.0,0.0,0.0,0.0,0.0,0.0,0.0,0.0,0.0,0.0,0.0,0.0,0.0,,,,,,20.07,73.46,78.71,,8949.0,50064.0,,,51,
2026-05-25,80.2,0.0,1612.1,47.6,6.8,0.0,0.0,0.0,0.0,0.0,0.0,156.7,5.1000000000000005,47.5,134.3,0.0,0.0,0.0,0.0,0.0,0.0,0.0,501.0,80.0,0.0,0.0,0.0,0.0,0.0,,0.0,,0.0,,0.0,0.0,0.0,0.0,0.0,0.0,0.0,0.0,0.0,0.0,0.0,0.0,0.0,0.0,0.0,0.0,0.0,0.0,0.0,0.0,,,,,,20.03,73.39,78.67,,9150.0,49726.0,,,51,
2026-05-26,0.0,0.0,1786.6,30.0,9.2,0.0,0.0,0.0,0.0,0.7,0.0,204.3,0.9,136.2,164.9,0.0,0.0,0.0,0.0,0.0,0.0,0.0,583.0,90.0,0.0,0.0,0.0,0.0,0.0,,0.0,,0.0,,0.0,0.0,0.0,0.0,0.0,0.0,0.0,0.0,0.0,0.0,0.0,0.0,0.0,0.0,0.0,0.0,0.0,0.0,0.0,0.0,,,,,,20.0,73.31,78.63,,9593.0,49798.0,,,51,
2026-05-27,80.0,0.0,1951.3,54.099999999999994,12.9,1.0,7.0,0.0,68.8,74.5,453.8,168.60000000000002,1.9,90.6,185.2,0.0,0.0,0.0,0.0,0.0,400.0,0.0,499.0,80.0,0.0,0.0,0.0,0.0,0.0,,0.0,,0.0,,0.0,0.0,0.0,0.0,0.0,0.0,0.0,0.0,0.0,0.0,0.0,0.0,0.0,0.0,0.0,0.0,0.0,0.0,0.0,0.0,,,,,,19.97,73.24,78.58,,10092.0,50324.0,,,51,
2026-05-28,79.4,0.0,1512.8,22.9,5.6,0.5,3.5,0.0,0.0,1.4,0.0,168.10000000000002,3.1,123.80000000000001,157.1,0.0,0.0,0.0,0.0,0.0,0.0,0.0,311.0,60.0,0.0,0.0,0.0,0.0,0.0,,0.0,,0.0,,0.0,0.0,0.0,0.0,0.0,0.0,0.0,0.0,0.0,0.0,0.0,0.0,0.0,0.0,0.0,0.0,0.0,0.0,0.0,0.0,,,,,,19.93,73.17,78.54,,10028.0,50237.0,,,51,
2026-05-29,79.6,0.0,0.0,0.0,0.0,0.0,0.0,0.0,0.0,0.0,0.0,0.0,0.0,0.0,0.0,0.0,0.0,0.0,0.0,0.0,0.0,0.0,0.0,0.0,0.0,0.0,0.0,0.0,0.0,,0.0,,0.0,,0.0,0.0,0.0,0.0,0.0,0.0,0.0,0.0,0.0,0.0,0.0,0.0,0.0,0.0,0.0,0.0,0.0,0.0,0.0,0.0,,,,,,19.9,73.1,78.5,,9628.0,48544.0,,,51,
